product_name,units_sold,net_sales,orders,average_unit_value
REGENCY CAKESTAND 3 TIER,11850,136354.15,1649,11.51
WHITE HANGING HEART T-LIGHT HOLDER,34136,93782.60,1949,2.75
JUMBO BAG RED RETROSPOT,44200,81708.20,1580,1.85
POSTAGE,3034,75959.96,1048,25.04
PARTY BUNTING,14971,67460.33,1362,4.51
ASSORTED COLOUR BIRD ORNAMENT,35301,56477.25,1370,1.60
RABBIT NIGHT LIGHT,27136,51208.92,795,1.89
CHILLI LIGHTS,9560,45877.01,504,4.80
PAPER CHAIN KIT 50'S CHRISTMAS,15009,41107.23,968,2.74
PICNIC BASKET WICKER 60 PIECES,61,39619.50,2,649.50
BLACK RECORD COVER FRAME,11382,38974.55,307,3.42
Manual,7093,38761.85,231,5.46
SPOTTY BUNTING,7636,35524.40,1002,4.65
JUMBO BAG PINK POLKADOT,19025,35271.29,860,1.85
WOOD BLACK BOARD ANT WHITE FINISH,5917,34449.21,602,5.82
DOORMAT KEEP CALM AND COME IN,5124,34361.05,643,6.71
SET OF 3 CAKE TINS PANTRY DESIGN,6986,33179.50,1128,4.75
JAM MAKING SET WITH JARS,8040,32221.22,863,4.01
JUMBO BAG STRAWBERRY,15786,28861.32,643,1.83
VICTORIAN GLASS HANGING T-LIGHT,22289,28588.11,809,1.28
HEART OF WICKER LARGE,9587,28509.15,800,2.97
HEART OF WICKER SMALL,16775,28228.64,961,1.68
LUNCH BAG RED RETROSPOT,16857,26822.45,1270,1.59
SET OF 3 REGENCY CAKE TINS,5822,26470.18,711,4.55
ALARM CLOCK BAKELIKE RED,7180,25771.45,867,3.59
JUMBO BAG APPLES,13065,24979.30,710,1.91
DOORMAT RED RETROSPOT,3836,24946.68,570,6.50
SPACEBOY LUNCH BOX,13919,24694.59,704,1.77
PAPER CHAIN KIT VINTAGE CHRISTMAS,8929,24358.47,690,2.73
NATURAL SLATE HEART CHALKBOARD,8467,24207.17,965,2.86
HOT WATER BOTTLE KEEP CALM,5246,24028.50,713,4.58
ROSES REGENCY TEACUP AND SAUCER,8816,24019.80,759,2.72
PLEASE ONE PERSON METAL SIGN,11831,23677.72,689,2.00
DOORMAT UNION FLAG,3617,23633.19,513,6.53
RED  HARMONICA IN BOX,20819,23598.93,548,1.13
CHOCOLATE HOT WATER BOTTLE,5088,23318.24,697,4.58
JUMBO BAG ALPHABET,12068,23312.14,741,1.93
POPCORN HOLDER,30731,23283.71,631,0.76
JUMBO  BAG BAROQUE BLACK WHITE,12421,23002.18,642,1.85
DOORMAT NEW ENGLAND,3719,22952.35,530,6.17
BAKING SET 9 PIECE RETROSPOT,4766,22854.10,845,4.80
VINTAGE UNION JACK MEMOBOARD,3254,22699.18,204,6.98
CREAM HEART CARD HOLDER,8186,22680.02,449,2.77
REGENCY TEAPOT ROSES,2617,22672.17,351,8.66
RED HANGING HEART T-LIGHT HOLDER,7718,22516.54,676,2.92
ROUND SNACK BOXES SET OF4 WOODLAND,8070,22087.02,581,2.74
SET OF TEA COFFEE SUGAR TINS PANTRY,4630,21989.68,381,4.75
GIN + TONIC DIET METAL SIGN,9483,21197.18,651,2.24
ALARM CLOCK BAKELIKE GREEN,5618,20794.15,775,3.70
VINTAGE UNION JACK BUNTING,2512,20724.16,387,8.25
JAM MAKING SET PRINTED,14626,20625.50,859,1.41
RECIPE BOX PANTRY YELLOW DESIGN,7286,20621.82,818,2.83
SET OF 6 SPICE TINS PANTRY DESIGN,5351,20447.05,647,3.82
RETROSPOT TEA SET CERAMIC 11 PC,4233,20396.53,818,4.82
EDWARDIAN PARASOL NATURAL,3754,20268.31,375,5.40
CREAM SWEETHEART MINI CHEST,1679,20231.42,431,12.05
COOK WITH WINE METAL SIGN,10137,20184.29,599,1.99
SCOTTIE DOG HOT WATER BOTTLE,4258,20099.40,655,4.72
DOORMAT HEARTS,3269,19932.91,479,6.10
DOLLY GIRL LUNCH BOX,11144,19812.64,615,1.78
RED TOADSTOOL LED NIGHT LIGHT,12785,19703.01,513,1.54
JUMBO STORAGE BAG SUKI,10205,19476.07,759,1.91
LUNCH BOX I LOVE LONDON,11006,19192.42,497,1.74
JUMBO BAG VINTAGE DOILY,9806,19186.08,613,1.96
JUMBO BAG VINTAGE LEAF,9726,19139.63,754,1.97
DOORMAT FANCY FONT HOME SWEET HOME,3084,19125.22,395,6.20
WOODEN PICTURE FRAME WHITE FINISH,7810,18942.95,861,2.43
JUMBO BAG OWLS,10326,18830.02,408,1.82
JUMBO SHOPPER VINTAGE RED PAISLEY,9688,18716.53,782,1.93
ALARM CLOCK BAKELIKE PINK,5066,18539.09,610,3.66
PAPER BUNTING RETROSPOT,6786,18533.54,558,2.73
LUNCH BAG APPLE DESIGN,11519,18202.35,861,1.58
LUNCH BAG  BLACK SKULL.,11220,17907.40,1038,1.60
JUMBO BAG PINK VINTAGE PAISLEY,9578,17899.40,597,1.87
ROTATING SILVER ANGELS T-LIGHT HLDR,7907,17592.52,305,2.22
ROUND SNACK BOXES SET OF 4 FRUITS,6470,17572.54,456,2.72
GREEN REGENCY TEACUP AND SAUCER,6301,17464.19,680,2.77
HOMEMADE JAM SCENTED CANDLES,12032,17434.60,514,1.45
GUMBALL COAT RACK,7554,17287.25,548,2.29
LUNCH BAG CARS BLUE,10778,17196.38,962,1.60
GROW A FLYTRAP OR SUNFLOWER IN TIN,15844,17106.20,236,1.08
JUMBO BAG 50'S CHRISTMAS,8474,16797.32,578,1.98
DOORMAT FAIRY CAKE,2755,16632.79,238,6.04
COLOUR GLASS. STAR T-LIGHT HOLDER,5654,16567.04,220,2.93
WOODEN FRAME ANTIQUE WHITE,5844,16500.97,800,2.82
SET/5 RED RETROSPOT LID GLASS BOWLS,5822,16405.38,754,2.82
PACK OF 72 RETROSPOT CAKE CASES,33597,16341.73,1025,0.49
JUMBO BAG DOILEY PATTERNS,8516,16339.58,449,1.92
LUNCH BAG PINK POLKADOT,10205,16268.65,925,1.59
RED RETROSPOT CAKE STAND,1549,16096.15,402,10.39
ASSORTED COLOURS SILK FAN,21852,16024.52,323,0.73
HAND WARMER OWL DESIGN,7984,15962.53,563,2.00
MINI PAINT SET VINTAGE,25932,15945.64,321,0.61
RETROSPOT HEART HOT WATER BOTTLE,3330,15846.98,531,4.76
LUNCH BAG SPACEBOY DESIGN,9871,15813.55,983,1.60
HOME BUILDING BLOCK WORD,2650,15607.16,689,5.89
HAND OVER THE CHOCOLATE   SIGN,8116,15457.99,589,1.90
LUNCH BAG SUKI DESIGN,9479,15202.75,895,1.60
JUMBO BAG WOODLAND ANIMALS,7957,15105.10,490,1.90
HOT WATER BOTTLE TEA AND SYMPATHY,3652,15097.82,508,4.13
6 RIBBONS RUSTIC CHARM,8592,14967.14,724,1.74
JUMBO BAG SPACEBOY DESIGN,8025,14951.44,473,1.86
ANTIQUE SILVER T-LIGHT GLASS,12589,14794.82,529,1.18
IVORY KITCHEN SCALES,1777,14737.33,617,8.29
EDWARDIAN PARASOL BLACK,2650,14571.12,286,5.50
LUNCH BAG WOODLAND,9035,14405.11,810,1.59
PINK REGENCY TEACUP AND SAUCER,5201,14388.99,546,2.77
SET OF 4 PANTRY JELLY MOULDS,11696,14060.17,858,1.20
WOOD 2 DRAWER CABINET WHITE FINISH,2213,13911.27,489,6.29
JUMBO BAG SCANDINAVIAN BLUE PAISLEY,7347,13897.47,446,1.89
CHILDRENS CUTLERY POLKADOT PINK,3530,13796.60,323,3.91
SMALL POPCORN HOLDER,18230,13780.02,401,0.76
WORLD WAR 2 GLIDERS ASSTD DESIGNS,54271,13544.49,469,0.25
DOORMAT ENGLISH ROSE,1969,13423.25,353,6.82
PAPER CHAIN KIT EMPIRE,4888,13420.40,373,2.75
RED WOOLLY HOTTIE WHITE HEART.,3683,13332.51,318,3.62
LOVE HOT WATER BOTTLE,2347,13085.65,449,5.58
SET 2 TEA TOWELS I LOVE LONDON,4541,12941.45,362,2.85
VINTAGE CHRISTMAS BUNTING,2742,12930.42,357,4.72
JUMBO BAG PEARS,6613,12828.44,469,1.94
BOX OF VINTAGE ALPHABET BLOCKS,1277,12824.56,224,10.04
BREAD BIN DINER STYLE IVORY,828,12809.84,323,15.47
HOT BATHS METAL SIGN,6391,12781.74,384,2.00
SET OF 10 LED DOLLY LIGHTS,2137,12707.94,340,5.95
CLOTHES PEGS RETROSPOT PACK 24,8394,12507.70,637,1.49
MEMO BOARD RETROSPOT  DESIGN,2784,12401.12,346,4.45
HANGING HEART JAR T-LIGHT HOLDER,10722,12359.06,559,1.15
GARDENERS KNEELING PAD KEEP CALM,7636,12341.08,751,1.62
BLACK HEART CARD HOLDER,4843,12257.95,165,2.53
RED RETROSPOT MINI CASES,1708,12185.00,363,7.13
HOT WATER BOTTLE I AM SO POORLY,2580,12176.88,500,4.72
GREY HEART HOT WATER BOTTLE,3148,12161.15,509,3.86
PLASTERS IN TIN SPACEBOY,7652,12132.00,578,1.59
HAND WARMER SCOTTY DOG DESIGN,6022,12071.16,470,2.00
ASSORTED COLOUR MINI CASES,1712,12067.76,361,7.05
DOORMAT SPOTTY HOME SWEET HOME,1656,12046.77,402,7.27
PAPER CHAIN KIT RETROSPOT,4307,12043.21,444,2.80
CHRISTMAS LIGHTS 10 REINDEER,1558,12031.00,251,7.72
HAND WARMER BIRD DESIGN,5965,12005.83,471,2.01
SET/4 WHITE RETRO STORAGE CUBES,328,11968.60,100,36.49
LUNCH BAG ALPHABET DESIGN,7501,11941.61,640,1.59
RECYCLING BAG RETROSPOT,6084,11934.03,403,1.96
DOTCOM POSTAGE,16,11906.36,16,744.15
RED KITCHEN SCALES,1467,11819.23,443,8.06
SET 7 BABUSHKA NESTING BOXES,1534,11747.29,295,7.66
3 HOOK PHOTO SHELF ANTIQUE WHITE,1653,11729.98,288,7.10
PINK HAPPY BIRTHDAY BUNTING,2284,11671.80,358,5.11
WOODEN ROUNDERS GARDEN SET,1269,11601.14,303,9.14
PLASTERS IN TIN WOODLAND ANIMALS,7271,11578.03,584,1.59
DOUGHNUT LIP GLOSS,9602,11565.70,305,1.20
DOORMAT WELCOME PUPPIES,2026,11528.30,251,5.69
PACK OF 60 PINK PAISLEY CAKE CASES,24072,11524.10,661,0.48
LOVE BUILDING BLOCK WORD,1943,11517.71,554,5.93
IVORY DINER WALL CLOCK,1410,11451.20,382,8.12
REGENCY SUGAR BOWL GREEN,2859,11211.39,265,3.92
WOOD S/3 CABINET ANT WHITE FINISH,1346,11188.10,361,8.31
ENAMEL FLOWER JUG CREAM,1913,10987.03,429,5.74
JUMBO STORAGE BAG SKULLS,5705,10888.71,470,1.91
RED DINER WALL CLOCK,1316,10788.79,408,8.20
FELTCRAFT CUSHION OWL,2990,10784.23,413,3.61
STRAWBERRY CERAMIC TRINKET BOX,9232,10775.52,501,1.17
PICNIC BASKET WICKER LARGE,1184,10719.40,253,9.05
FAIRY CAKE FLANNEL ASSORTED COLOUR,6932,10713.15,189,1.55
METAL SIGN TAKE IT OR LEAVE IT,3672,10594.20,348,2.89
FELTCRAFT 6 FLOWER FRIENDS,5284,10443.79,459,1.98
VINTAGE SNAP CARDS,13264,10386.22,721,0.78
RED RETROSPOT PICNIC BAG,3757,10368.71,384,2.76
LUNCH BAG DOLLY GIRL DESIGN,6545,10360.69,598,1.58
LUNCH BAG VINTAGE DOILY,6432,10337.76,537,1.61
LUNCH BAG DOILEY PATTERN,6481,10329.65,463,1.59
RED RETROSPOT UMBRELLA,1845,10241.52,302,5.55
TEA TIME PARTY BUNTING,2235,10228.05,310,4.58
WHITE SKULL HOT WATER BOTTLE,2702,10227.72,378,3.79
ALARM CLOCK BAKELIKE IVORY,2708,10210.61,463,3.77
BAKING SET SPACEBOY DESIGN,2138,10136.64,420,4.74
PAPER BUNTING WHITE LACE,3724,10101.80,252,2.71
BLUE HAPPY BIRTHDAY BUNTING,1947,10091.17,354,5.18
SOLDIERS EGG CUP,8749,10060.22,324,1.15
RED RETROSPOT CHARLOTTE BAG,12699,10045.35,737,0.79
LUNCH BAG VINTAGE LEAF DESIGN,6215,9989.95,596,1.61
TRADITIONAL WOODEN SKIPPING ROPE,7883,9969.67,337,1.26
CLASSIC METAL BIRDCAGE PLANT HOLDER,909,9966.76,256,10.96
REGENCY TEA PLATE ROSES,6419,9962.19,324,1.55
WOODEN UNION JACK BUNTING,1734,9928.83,296,5.73
CHILDRENS CUTLERY POLKADOT BLUE,2524,9831.40,211,3.90
DOORMAT BLACK FLOCK,1787,9822.20,173,5.50
GARDENERS KNEELING PAD CUP OF TEA,6159,9744.99,631,1.58
LONDON BUS COFFEE MUG,4246,9666.30,276,2.28
SET/20 RED RETROSPOT PAPER NAPKINS,12301,9646.59,731,0.78
ICE CREAM SUNDAE LIP GLOSS,7896,9638.16,247,1.22
CHILDRENS CUTLERY RETROSPOT RED,2492,9603.68,229,3.85
DOORMAT HOME SWEET HOME BLUE,1590,9579.94,257,6.03
COLOUR GLASS T-LIGHT HOLDER HANGING,15578,9576.26,526,0.61
NO SINGING METAL SIGN,4636,9573.60,384,2.07
WOODEN CROQUET GARDEN SET,709,9555.98,240,13.48
HAND WARMER UNION JACK,4722,9500.16,439,2.01
PLASTERS IN TIN CIRCUS PARADE,5868,9458.36,514,1.61
DOORMAT WELCOME TO OUR HOME,1376,9452.18,337,6.87
PLASTERS IN TIN STRONGMAN,5873,9442.49,448,1.61
ANTIQUE SILVER TEA GLASS ENGRAVED,8273,9339.34,278,1.13
PHOTO FRAME CORNICE,3196,9336.28,452,2.92
SET/3 RED GINGHAM ROSE STORAGE BOX,2672,9312.96,316,3.49
TRADITIONAL MODELLING CLAY,8014,9311.47,336,1.16
15CM CHRISTMAS GLASS BALL 20 LIGHTS,1256,9295.20,209,7.40
SET OF 4 KNICK KNACK TINS DOILY,2294,9270.50,312,4.04
BREAD BIN DINER STYLE RED,606,9266.31,233,15.29
JUMBO BAG VINTAGE CHRISTMAS,4648,9265.54,381,1.99
KNITTED UNION FLAG HOT WATER BOTTLE,2453,9261.17,317,3.78
BLUE HARMONICA IN BOX,7422,9207.63,516,1.24
TRADITIONAL KNITTING NANCY,5799,9177.87,507,1.58
RED RETROSPOT ROUND CAKE TINS,972,9158.40,254,9.42
FAWN BLUE HOT WATER BOTTLE,2867,9058.65,376,3.16
REGENCY TEA PLATE GREEN,5870,9045.70,268,1.54
FELTCRAFT CUSHION RABBIT,2528,9030.11,319,3.57
EDWARDIAN PARASOL RED,1624,9020.17,269,5.55
WOODEN SCHOOL COLOURING SET,5659,9013.47,392,1.59
FELTCRAFT CUSHION BUTTERFLY,2506,9004.60,293,3.59
PANTRY ROLLING PIN,2323,8886.56,189,3.83
PINK BLUE FELT CRAFT TRINKET BOX,7573,8806.87,450,1.16
REGENCY MILK JUG PINK,2970,8744.00,270,2.94
STRAWBERRY LUNCH BOX WITH CUTLERY,3716,8734.64,426,2.35
LADIES & GENTLEMEN METAL SIGN,3899,8699.13,367,2.23
PINK CREAM FELT CRAFT TRINKET BOX,7119,8633.49,534,1.21
SET OF 20 KIDS COOKIE CUTTERS,4113,8621.67,402,2.10
GINGERBREAD MAN COOKIE CUTTER,7199,8618.88,553,1.20
SET OF 6 SOLDIER SKITTLES,2293,8582.50,338,3.74
60 TEATIME FAIRY CAKE CASES,17569,8552.37,652,0.49
AREA PATROLLED METAL SIGN,4288,8548.02,373,1.99
HAND WARMER RED RETROSPOT,4274,8526.12,341,1.99
VINTAGE HEADS AND TAILS CARD GAME,7107,8486.41,482,1.19
REVOLVER WOODEN RULER,4611,8436.39,281,1.83
POTTERING IN THE SHED METAL SIGN,3926,8372.70,371,2.13
"SET 3 RETROSPOT TEA,COFFEE,SUGAR",1837,8335.07,240,4.54
VINTAGE DOILY JUMBO BAG RED,4327,8314.66,232,1.92
FELTCRAFT DOLL MOLLY,3029,8270.99,291,2.73
"RECORD FRAME 7"" SINGLE SIZE",3740,8267.22,181,2.21
SET OF 3 NOTEBOOKS IN PARCEL,5195,8263.95,318,1.59
MULTI COLOUR SILVER T-LIGHT HOLDER,10243,8238.85,304,0.80
3 HEARTS HANGING DECORATION RUSTIC,2895,8161.21,261,2.82
SWEETHEART CAKESTAND 3 TIER,870,8157.70,312,9.38
SET 2 PANTRY DESIGN TEA TOWELS,2643,8147.67,302,3.08
ENAMEL BREAD BIN CREAM,682,8138.15,306,11.93
FAMILY ALBUM WHITE PICTURE FRAME,1039,8131.04,274,7.83
JUMBO BAG PAISLEY PARK,4153,8129.64,299,1.96
SET 6 PAPER TABLE LANTERN HEARTS,2265,8129.43,263,3.59
HANGING JAM JAR T-LIGHT HOLDER,10444,8092.72,308,0.77
LARGE WHITE HEART OF WICKER,2868,8082.70,510,2.82
FELTCRAFT PRINCESS CHARLOTTE DOLL,2223,8071.51,401,3.63
DOORMAT MULTICOLOUR STRIPE,1417,8037.32,140,5.67
ICE CREAM PEN LIP GLOSS,6559,8017.31,211,1.22
BOX OF 6 MINI 50'S CRACKERS,3443,8017.11,363,2.33
SET OF 6 RIBBONS VINTAGE CHRISTMAS,2801,7930.45,324,2.83
ALARM CLOCK BAKELIKE ORANGE,2162,7920.63,353,3.66
CHILDRENS CUTLERY SPACEBOY,1957,7870.63,309,4.02
BOX OF 6 MINI VINTAGE CRACKERS,3411,7841.49,325,2.30
RED METAL BOX TOP SECRET,988,7838.28,211,7.93
SET OF 72 RETROSPOT PAPER  DOILIES,5559,7791.12,361,1.40
GRAND CHOCOLATECANDLE,5801,7785.05,249,1.34
TRAVEL SEWING KIT,4854,7770.86,393,1.60
SET/10 RED POLKADOT PARTY CANDLES,6454,7739.18,334,1.20
FELTCRAFT CHRISTMAS FAIRY,1892,7705.68,301,4.07
RECIPE BOX RETROSPOT,2779,7703.65,434,2.77
SET OF 3 HEART COOKIE CUTTERS,5971,7681.84,519,1.29
T-LIGHT GLASS FLUTED ANTIQUE,6676,7677.01,250,1.15
HAND WARMER RED LOVE HEART,3762,7660.20,371,2.04
JUMBO BAG TOYS,4168,7630.78,242,1.83
ZINC FOLKART SLEIGH BELLS,4595,7577.23,336,1.65
SET 6 SCHOOL MILK BOTTLES IN CRATE,2063,7495.29,280,3.63
PAINTED METAL PEARS ASSORTED,4468,7477.88,351,1.67
PICNIC BASKET WICKER SMALL,1359,7402.10,229,5.45
SMALL GLASS HEART TRINKET POT,3660,7394.06,341,2.02
FAMILY PHOTO FRAME CORNICE,808,7358.29,218,9.11
PLASTERS IN TIN VINTAGE PAISLEY,4573,7346.69,480,1.61
BLUE DINER WALL CLOCK,879,7311.33,334,8.32
OPEN CLOSED METAL SIGN,1571,7281.66,340,4.64
PACK OF 12 LONDON TISSUES,25333,7262.03,381,0.29
FELTCRAFT BUTTERFLY HEARTS,5274,7245.70,433,1.37
WOODLAND CHARLOTTE BAG,9177,7230.14,529,0.79
3 TIER CAKE TIN RED AND CREAM,534,7211.28,128,13.50
60 CAKE CASES VINTAGE CHRISTMAS,14231,7203.05,463,0.51
WOODEN BOX OF DOMINOES,5730,7155.95,447,1.25
FELTCRAFT PRINCESS LOLA DOLL,1960,7151.94,377,3.65
SET OF 4 KNICK KNACK TINS LONDON,1782,7145.70,232,4.01
CHOCOLATE THIS WAY METAL SIGN,3599,7132.92,371,1.98
SILVER HANGING T-LIGHT HOLDER,4623,7123.95,247,1.54
PACK OF 6 BIRDY GIFT TAGS,6037,7118.45,317,1.18
CHRISTMAS CRAFT LITTLE FRIENDS,3456,7102.90,420,2.06
ZINC METAL HEART DECORATION,5745,7093.68,475,1.23
SET OF 4 KNICK KNACK TINS DOILEY,1790,7082.90,170,3.96
CHARLOTTE BAG SUKI DESIGN,8865,7058.15,583,0.80
SWEETHEART RECIPE BOOK STAND,1089,7017.15,286,6.44
SPACEBOY BABY GIFT SET,447,7014.65,140,15.69
CREAM CUPID HEARTS COAT HANGER,1890,7009.18,239,3.71
JINGLE BELL HEART ANTIQUE SILVER,3547,6962.04,197,1.96
VINTAGE RED KITCHEN CABINET,53,6910.00,33,130.38
CLEAR DRAWER KNOB ACRYLIC EDWARDIAN,5741,6908.17,320,1.20
GIANT 50'S CHRISTMAS CRACKER,2623,6891.43,309,2.63
HANGING HEART ZINC T-LIGHT HOLDER,8470,6830.59,412,0.81
FUNKY DIVA PEN,8088,6806.94,150,0.84
PACK OF 72 SKULL CAKE CASES,14213,6806.51,497,0.48
SMALL WHITE HEART OF WICKER,4266,6804.78,580,1.60
SWEETHEART CERAMIC TRINKET BOX,5673,6770.86,375,1.19
VINTAGE DOILY TRAVEL SEWING KIT,3522,6747.90,349,1.92
YOU'RE CONFUSING ME METAL SIGN,4269,6742.29,341,1.58
TRIPLE PHOTO FRAME CORNICE,741,6733.83,198,9.09
LUNCH BOX WITH CUTLERY RETROSPOT,2847,6702.49,323,2.35
DOORMAT 3 SMILEY CATS,1105,6699.35,173,6.06
NATURAL SLATE CHALKBOARD LARGE,1423,6689.65,295,4.70
RETROSPOT PARTY BAG + STICKER SET,4351,6683.23,265,1.54
RED SPOTTY BISCUIT TIN,1938,6681.20,198,3.45
SET OF 3 BUTTERFLY COOKIE CUTTERS,5242,6655.15,491,1.27
SET 40 HEART SHAPE PETIT FOUR CASES,4238,6640.70,137,1.57
DOORMAT UNION JACK GUNS AND ROSES,1159,6635.61,155,5.73
CHILDRENS CUTLERY POLKADOT GREEN,1688,6599.06,166,3.91
SET 6 PAPER TABLE LANTERN STARS,1812,6581.71,208,3.63
HEART FILIGREE DOVE  SMALL,5367,6581.07,244,1.23
CHILDS BREAKFAST SET SPACEBOY,719,6574.05,200,9.14
WHITE WOOD GARDEN PLANT LADDER,698,6531.71,360,9.36
ROSE COTTAGE KEEPSAKE BOX,724,6525.20,141,9.01
CHILDRENS APRON SPACEBOY DESIGN,3517,6521.79,444,1.85
VINTAGE CREAM DOG FOOD CONTAINER,793,6519.25,287,8.22
ALARM CLOCK BAKELIKE CHOCOLATE,1758,6506.76,317,3.70
MINT KITCHEN SCALES,781,6506.29,298,8.33
ROUND CAKE TIN VINTAGE RED,876,6481.48,241,7.40
SET OF 12 FAIRY CAKE BAKING CASES,8225,6454.51,462,0.78
CARRIAGE,129,6436.00,128,49.89
CHILDRENS CUTLERY DOLLY GIRL,1595,6417.65,259,4.02
LARGE ZINC HEART WALL ORGANISER,1064,6414.48,37,6.03
VICTORIAN SEWING BOX SMALL,1124,6408.31,234,5.70
DOLLY GIRL BABY GIFT SET,411,6398.45,115,15.57
PLASTERS IN TIN SKULLS,3964,6387.00,435,1.61
BEWARE OF THE CAT METAL SIGN,4015,6385.03,358,1.59
BLACK/BLUE POLKADOT UMBRELLA,1133,6367.94,256,5.62
GIRAFFE WOODEN RULER,3404,6310.44,231,1.85
PIGGY BANK RETROSPOT,2617,6303.47,261,2.41
MEMO BOARD COTTAGE DESIGN,1363,6296.29,260,4.62
SET/10 PINK POLKADOT PARTY CANDLES,5209,6293.58,302,1.21
PICTURE FRAME WOOD TRIPLE PORTRAIT,1008,6286.50,221,6.24
SET/2 RED RETROSPOT TEA TOWELS,2119,6270.01,217,2.96
LANDMARK FRAME CAMDEN TOWN,558,6257.35,62,11.21
BLUE STRIPE CERAMIC DRAWER KNOB,4942,6245.70,347,1.26
36 DOILIES VINTAGE CHRISTMAS,4541,6234.05,156,1.37
SET OF 20 VINTAGE CHRISTMAS NAPKINS,7714,6233.38,486,0.81
RED STRIPE CERAMIC DRAWER KNOB,5023,6206.63,332,1.24
72 SWEETHEART FAIRY CAKE CASES,12940,6203.40,495,0.48
TOY TIDY PINK POLKADOT,3149,6187.58,287,1.96
RETROSPOT LARGE MILK JUG,1299,6186.45,307,4.76
RAIN PONCHO RETROSPOT,7723,6145.03,175,0.80
MINI LIGHTS WOODLAND MUSHROOMS,1719,6126.09,173,3.56
VINTAGE DONKEY TAIL GAME,1743,6120.64,213,3.51
BOX OF 6 CHRISTMAS CAKE DECORATIONS,1700,6110.04,162,3.59
LARGE CIRCULAR MIRROR MOBILE,6821,6107.05,118,0.90
CIRCUS PARADE LUNCH BOX,3363,6099.23,255,1.81
WALL ART CLASSIC PUDDINGS,821,6093.49,118,7.42
AGED GLASS SILVER T-LIGHT HOLDER,10088,6083.20,277,0.60
TEA TIME TEA TOWELS,2600,6045.00,2,2.33
COFFEE MUG APPLES DESIGN,2728,6033.25,227,2.21
JINGLE BELL HEART DECORATION,3663,6029.55,306,1.65
METAL 4 HOOK HANGER FRENCH CHATEAU,2055,6009.29,335,2.92
JUMBO BAG DOLLY GIRL DESIGN,3087,5988.91,316,1.94
BROCADE RING PURSE,22963,5980.05,206,0.26
CHILDS BREAKFAST SET DOLLY GIRL,648,5973.45,175,9.22
4 TRADITIONAL SPINNING TOPS,4491,5960.08,364,1.33
SET OF 60 PANTRY DESIGN CAKE CASES,11578,5928.74,499,0.51
SET 3 WICKER OVAL BASKETS W LIDS,462,5922.12,32,12.82
HAND WARMER BABUSHKA DESIGN,4465,5916.53,285,1.33
WOODEN HAPPY BIRTHDAY GARLAND,2093,5910.15,232,2.82
PACK OF 60 DINOSAUR CAKE CASES,12062,5895.08,526,0.49
CHRISTMAS LIGHTS 10 VINTAGE BAUBLES,1265,5894.73,156,4.66
DELUXE SEWING KIT,1043,5885.37,216,5.64
3 DRAWER ANTIQUE WHITE WOOD CABINET,675,5866.53,182,8.69
DOORSTOP RETROSPOT HEART,1496,5863.21,233,3.92
SET OF 2 TEA TOWELS APPLE AND PEARS,1974,5837.54,237,2.96
RED RETROSPOT SMALL MILK JUG,2460,5830.20,310,2.37
PINK FAIRY CAKE CHILDRENS APRON,3144,5823.36,397,1.85
RED RETROSPOT PEG BAG,2432,5814.05,347,2.39
ENGLISH ROSE HOT WATER BOTTLE,1423,5767.91,277,4.05
WOODEN OWLS LIGHT GARLAND,1531,5764.35,146,3.77
RED FLORAL FELTCRAFT SHOULDER BAG,1588,5757.99,255,3.63
PLACE SETTING WHITE HEART,14421,5756.67,287,0.40
CANDLEHOLDER PINK HANGING HEART,2040,5754.08,342,2.82
CHARLOTTE BAG PINK POLKADOT,7152,5722.74,474,0.80
BINGO SET,1549,5710.71,277,3.69
CHICK GREY HOT WATER BOTTLE,1519,5704.17,281,3.76
BISCUIT TIN 50'S CHRISTMAS,2022,5699.78,269,2.82
SOMBRERO,4402,5691.50,59,1.29
UNION STRIPE WITH FRINGE  HAMMOCK,759,5682.09,167,7.49
LANTERN CREAM GAZEBO,1205,5676.87,256,4.71
SET OF 6 TEA TIME BAKING CASES,4869,5674.65,317,1.17
REGENCY TEA PLATE PINK,3592,5654.08,222,1.57
SINGLE HEART ZINC T-LIGHT HOLDER,5688,5653.38,335,0.99
WHITE METAL LANTERN,1570,5634.28,234,3.59
HOME SWEET HOME MUG,4327,5617.79,287,1.30
QUEENS GUARD COFFEE MUG,2365,5603.57,233,2.37
SET OF 2 WOODEN MARKET CRATES,458,5601.90,163,12.23
PANTRY WASHING UP BRUSH,3764,5598.46,301,1.49
RETROSPOT CHILDRENS APRON,3023,5556.67,290,1.84
CHARLOTTE BAG APPLES DESIGN,6934,5555.90,423,0.80
DOORMAT TOPIARY,867,5552.81,179,6.40
SET OF 72 PINK HEART PAPER DOILIES,3942,5549.28,306,1.41
VINTAGE CHRISTMAS STOCKING,2193,5548.95,280,2.53
LOVE SEAT ANTIQUE WHITE METAL,54,5540.00,37,102.59
WHITE SPOT RED CERAMIC DRAWER KNOB,4501,5539.29,301,1.23
VINTAGE SNAKES & LADDERS,1575,5523.53,268,3.51
VINTAGE CHRISTMAS GIFT SACK,1363,5518.85,192,4.05
STRAWBERRY CHARLOTTE BAG,6837,5512.45,491,0.81
SET/6 RED SPOTTY PAPER PLATES,7351,5496.53,325,0.75
POLKADOT PEN,6625,5475.25,107,0.83
SAVE THE PLANET MUG,4617,5464.90,268,1.18
3 STRIPEY MICE FELTCRAFT,2916,5464.40,400,1.87
BOTANICAL GARDENS WALL CLOCK,248,5460.80,73,22.02
RED 3 PIECE RETROSPOT CUTLERY SET,1515,5450.13,96,3.60
FELTCRAFT PRINCESS OLIVIA DOLL,1510,5431.10,250,3.60
SMALL ZINC HEART WALL ORGANISER,1538,5378.80,42,3.50
WALL ART BIG LOVE,963,5340.21,97,5.55
WOODEN ADVENT CALENDAR CREAM,370,5340.00,89,14.43
PARISIENNE JEWELLERY DRAWER,755,5324.02,220,7.05
PINK BABY BUNTING,1905,5291.11,201,2.78
LUNCH BAG PAISLEY PARK,3305,5251.25,297,1.59
DOG BOWL CHASING BALL DESIGN,1341,5227.93,114,3.90
BUNDLE OF 3 ALPHABET EXERCISE BOOKS,3285,5223.57,311,1.59
LARGE IVORY HEART WALL ORGANISER,759,5142.91,134,6.78
CLASSIC GLASS COOKIE JAR,1280,5134.40,239,4.01
RED RETROSPOT SHOPPER BAG,4254,5102.81,383,1.20
RUSTIC  SEVENTEEN DRAWER SIDEBOARD,33,5085.00,24,154.09
10 COLOUR SPACEBOY PEN,6113,5078.27,236,0.83
CALENDAR PAPER CUT DESIGN,1768,5072.64,234,2.87
SMALL IVORY HEART WALL ORGANISER,1022,5069.58,141,4.96
WOODEN ADVENT CALENDAR RED,536,5047.60,104,9.42
SET OF 5 LUCKY CAT MAGNETS,2502,5046.60,186,2.02
RED RETROSPOT BOWL,4351,5031.98,297,1.16
CHRISTMAS CRAFT TREE TOP ANGEL,2448,5025.58,348,2.05
RED SPOT CERAMIC DRAWER KNOB,4054,5007.50,275,1.24
3 PIECE SPACEBOY COOKIE CUTTER SET,2500,5005.24,293,2.00
VICTORIAN SEWING BOX LARGE,424,5001.48,105,11.80
TREASURE ISLAND BOOK BOX,2415,5000.55,211,2.07
HEART IVORY TRELLIS LARGE,3055,4988.83,270,1.63
BLUE SPOT CERAMIC DRAWER KNOB,3973,4986.17,286,1.26
PACK OF 6 PANNETONE GIFT BOXES,2015,4982.68,139,2.47
FULL ENGLISH BREAKFAST PLATE,1379,4978.05,157,3.61
RED RETROSPOT MUG,1814,4972.10,134,2.74
LANDMARK FRAME COVENT GARDEN,438,4949.55,52,11.30
COFFEE MUG PEARS  DESIGN,2282,4944.55,189,2.17
LIGHT GARLAND BUTTERFILES PINK,1320,4933.84,125,3.74
BOX OF VINTAGE JIGSAW BLOCKS,902,4933.47,214,5.47
WHITE SPOT BLUE CERAMIC DRAWER KNOB,3969,4929.25,274,1.24
PINK 3 PIECE POLKADOT CUTLERY SET,1368,4920.40,100,3.60
PACK OF 20 NAPKINS PANTRY DESIGN,6042,4915.32,528,0.81
ENAMEL MEASURING JUG CREAM,1181,4903.29,306,4.15
BUBBLEGUM RING ASSORTED,11891,4894.83,213,0.41
SET OF 4 JAM JAR MAGNETS,2423,4884.57,212,2.02
SET 3 PAPER VINTAGE CHICK PAPER EGG,1749,4881.15,196,2.79
"ASSORTED FLOWER COLOUR ""LEIS""",10297,4871.45,103,0.47
WALL ART KEEP CALM,959,4861.75,74,5.07
DOORMAT RESPECTABLE HOUSE,728,4857.54,125,6.67
CERAMIC CAKE STAND + HANGING CAKES,539,4855.93,137,9.01
3 TIER CAKE TIN GREEN AND CREAM,356,4834.96,129,13.58
GINGHAM HEART DECORATION,5964,4828.38,331,0.81
RED RETROSPOT PLATE,3052,4823.80,220,1.58
FELTCRAFT GIRL AMELIE KIT,984,4809.28,254,4.89
SET OF 3 WOODEN HEART DECORATIONS,3723,4799.08,387,1.29
HOME SWEET HOME METAL SIGN,1696,4797.52,243,2.83
REGENCY TEA STRAINER,1362,4789.24,142,3.52
ADVENT CALENDAR GINGHAM SACK,836,4787.68,166,5.73
LANDMARK FRAME NOTTING HILL,422,4768.15,48,11.30
CERAMIC STRAWBERRY CAKE MONEY BANK,3927,4756.91,279,1.21
LANDMARK FRAME OXFORD STREET,421,4755.65,54,11.30
SET/10 BLUE POLKADOT PARTY CANDLES,3922,4738.34,225,1.21
WELCOME  WOODEN BLOCK LETTERS,493,4737.12,165,9.61
BATH BUILDING BLOCK WORD,792,4727.83,242,5.97
FELTCRAFT DOLL ROSIE,1653,4716.87,256,2.85
HEART IVORY TRELLIS SMALL,3863,4715.03,221,1.22
DOORMAT AIRMAIL,696,4702.00,154,6.76
PARTY METAL SIGN,3323,4690.87,370,1.41
RECYCLED ACAPULCO MAT TURQUOISE,570,4686.50,220,8.22
SET OF 12 MINI LOAF BAKING CASES,5961,4673.95,358,0.78
PHOTO FRAME 3 CLASSIC HANGING,479,4666.00,186,9.74
ANTIQUE GLASS DRESSING TABLE POT,1635,4663.41,187,2.85
LANDMARK FRAME LONDON BRIDGE,413,4641.70,47,11.24
BREAD BIN DINER STYLE MINT,303,4629.61,117,15.28
SKULL LUNCH BOX WITH CUTLERY,1946,4624.80,265,2.38
CHILDS BREAKFAST SET CIRCUS PARADE,561,4622.30,181,8.24
I'M ON HOLIDAY METAL SIGN,2222,4610.35,323,2.07
PACK OF SIX LED TEA LIGHTS,1633,4609.97,173,2.82
HANGING METAL HEART LANTERN,3056,4600.30,272,1.51
SET OF 5 PANCAKE DAY MAGNETS,2270,4593.93,193,2.02
5 HOOK HANGER RED MAGIC TOADSTOOL,3043,4576.95,106,1.50
TRAVEL CARD WALLET KEEP CALM,11480,4572.02,424,0.40
NATURAL SLATE RECTANGLE CHALKBOARD,2871,4570.91,305,1.59
VINTAGE CHRISTMAS TABLECLOTH,385,4563.52,102,11.85
BISCUIT TIN VINTAGE CHRISTMAS,1623,4541.37,230,2.80
FILIGRIS HEART WITH BUTTERFLY,3778,4540.38,174,1.20
TRADTIONAL ALPHABET STAMP SET,933,4531.95,174,4.86
LARGE CERAMIC TOP STORAGE JAR,2887,4523.55,211,1.57
BLUE VINTAGE SPOT BEAKER,4893,4521.49,163,0.92
COFFEE MUG CAT + BIRD DESIGN,2105,4496.19,178,2.14
PAPER BUNTING COLOURED LACE,1628,4492.60,166,2.76
PINK PARTY BAGS,2403,4469.02,143,1.86
WASHROOM METAL SIGN,2922,4462.37,292,1.53
HEART FILIGREE DOVE LARGE,2737,4420.17,212,1.61
CIRCUS PARADE BABY GIFT SET,283,4410.85,88,15.59
STRAWBERRY   PICNIC BAG,1581,4403.95,204,2.79
BREAD BIN DINER STYLE PINK,290,4402.95,102,15.18
PINK VINTAGE SPOT BEAKER,4679,4384.83,132,0.94
RED RETROSPOT BUTTER DISH,921,4340.55,194,4.71
PANTRY MAGNETIC  SHOPPING LIST,3062,4339.74,373,1.42
PINK HEART SHAPE EGG FRYING PAN,3115,4339.43,198,1.39
CHRISTMAS CRAFT WHITE FAIRY,3073,4339.29,321,1.41
SMALL CHINESE STYLE SCISSOR,13328,4335.76,54,0.33
DOORMAT MERRY CHRISTMAS RED,612,4323.94,111,7.07
SCANDINAVIAN PAISLEY PICNIC BAG,2437,4314.16,318,1.77
ABC TREASURE BOOK BOX,2058,4305.76,180,2.09
WOODEN SKITTLES GARDEN SET,303,4304.85,130,14.21
RED RETROSPOT WRAP,10497,4299.74,333,0.41
PINK VINTAGE PAISLEY PICNIC BAG,2409,4294.21,282,1.78
CUPCAKE LACE PAPER SET 6,2285,4285.13,168,1.88
HOT WATER BOTTLE BABUSHKA,947,4284.35,131,4.52
GREEN VINTAGE SPOT BEAKER,4489,4248.29,132,0.95
PLAYING CARDS KEEP CALM & CARRY ON,3435,4246.71,327,1.24
VINYL RECORD FRAME SILVER,1228,4245.22,84,3.46
WALL ART ONLY ONE PERSON,1037,4241.25,73,4.09
SET3 BOOK BOX GREEN GINGHAM FLOWER,1093,4238.05,180,3.88
CAMOUFLAGE LED TORCH,2604,4237.56,119,1.63
SET OF 3 HANGING OWLS OLLIE BEAK,3570,4237.42,268,1.19
PICTURE DOMINOES,2992,4237.04,244,1.42
LAUNDRY 15C METAL SIGN,2791,4229.72,253,1.52
EDWARDIAN PARASOL PINK,763,4218.46,134,5.53
BLUE 3 PIECE POLKADOT CUTLERY SET,1170,4213.34,97,3.60
12 PENCILS SMALL TUBE SKULL,6686,4203.90,290,0.63
VINTAGE CREAM CAT FOOD CONTAINER,702,4195.39,234,5.98
FRYING PAN UNION FLAG,1056,4191.36,111,3.97
RIBBON REEL STRIPES DESIGN,2538,4175.78,332,1.65
SET OF 6 NATIVITY MAGNETS,2063,4170.59,143,2.02
SPACEBOY MINI BACKPACK,1037,4163.55,201,4.01
CHILDRENS APRON APPLES DESIGN,2201,4120.85,277,1.87
PACK OF 60 SPACEBOY CAKE CASES,8079,4118.49,406,0.51
TREASURE TIN GYMKHANA DESIGN,2023,4097.44,283,2.03
BLACK KITCHEN SCALES,496,4091.53,180,8.25
HOME SWEET HOME BLACKBOARD,963,4078.88,135,4.24
SET OF 36 TEATIME PAPER DOILIES,2916,4061.28,239,1.39
36 PENCILS TUBE RED RETROSPOT,3378,4052.26,220,1.20
FOOT STOOL HOME SWEET HOME,432,4050.00,175,9.38
PHOTO CUBE,2688,4032.56,169,1.50
POTTERING MUG,3521,4020.21,194,1.14
CHARLOTTE BAG DOLLY GIRL DESIGN,5075,4019.69,342,0.79
SET/6 RED SPOTTY PAPER CUPS,6589,4009.49,285,0.61
CHILDREN'S APRON DOLLY GIRL,1982,3986.88,259,2.01
PINK FLORAL FELTCRAFT SHOULDER BAG,1080,3979.88,229,3.69
12 PENCILS SMALL TUBE RED RETROSPOT,6208,3976.40,300,0.64
CHRISTMAS LIGHTS 10 SANTAS,564,3964.25,128,7.03
SET OF 3 CAKE TINS SKETCHBOOK,910,3949.72,246,4.34
HEART SHAPED HOLLY WREATH,942,3933.18,165,4.18
PINK DRAWER KNOB ACRYLIC EDWARDIAN,3345,3926.72,170,1.17
MEDIUM CERAMIC TOP STORAGE JAR,3412,3922.28,188,1.15
VINTAGE CHRISTMAS CAKE FRILL,2465,3899.25,122,1.58
POPPY'S PLAYHOUSE KITCHEN,1870,3881.21,341,2.08
LANDMARK FRAME BAKER STREET,347,3867.85,29,11.15
ANTIQUE SILVER TEA GLASS ETCHED,3344,3865.36,140,1.16
PACK 3 BOXES BIRD PANNETONE,2088,3863.00,140,1.85
ZINC T-LIGHT HOLDER STARS SMALL,4870,3860.06,236,0.79
BAG 250g SWIRLY MARBLES,5004,3856.38,197,0.77
LARGE CAKE STAND  HANGING STRAWBERY,564,3854.68,128,6.83
SET/6 PINK  BUTTERFLY T-LIGHTS,2056,3851.84,152,1.87
SMALL CERAMIC TOP STORAGE JAR,5173,3842.19,174,0.74
HOLIDAY FUN LUDO,1102,3810.71,176,3.46
GUMBALL MAGAZINE RACK,519,3809.69,152,7.34
CHILDRENS CUTLERY CIRCUS PARADE,950,3802.64,139,4.00
METAL SIGN HER DINNER IS SERVED,1290,3802.50,72,2.95
ROUND CAKE TIN VINTAGE GREEN,503,3792.13,192,7.54
SET OF 36 DOILIES PANTRY DESIGN,2652,3760.47,194,1.42
GLASS APOTHECARY BOTTLE PERFUME,1013,3759.69,197,3.71
RECYCLED ACAPULCO MAT GREEN,458,3755.30,175,8.20
PACK OF 12 TRADITIONAL CRAYONS,9314,3754.89,318,0.40
WALL ART STOP FOR TEA,689,3754.13,153,5.45
REGENCY SUGAR TONGS,1618,3750.02,132,2.32
BUFFALO BILL TREASURE BOOK BOX,1845,3746.07,134,2.03
PAINT YOUR OWN CANVAS SET,2354,3740.58,176,1.59
FELTCRAFT DOLL EMILY,1301,3732.15,231,2.87
ANTIQUE HEART SHELF UNIT,257,3725.25,64,14.50
DOORMAT VINTAGE LEAF,535,3717.07,120,6.95
CHARLOTTE BAG VINTAGE ALPHABET,4652,3714.22,322,0.80
BULL DOG BOTTLE OPENER,770,3709.90,196,4.82
GIN AND TONIC MUG,2840,3709.36,193,1.31
VICTORIAN SEWING BOX MEDIUM,485,3703.59,149,7.64
SET OF 6 HERB TINS SKETCHBOOK,1058,3701.94,234,3.50
CHRISTMAS TOILET ROLL,3176,3680.05,163,1.16
VINTAGE CREAM 3 BASKET CAKE STAND,386,3677.18,135,9.53
SET OF 60 I LOVE LONDON CAKE CASES,7631,3676.25,291,0.48
60 CAKE CASES DOLLY GIRL DESIGN,7103,3676.21,348,0.52
POPPY'S PLAYHOUSE BEDROOM,1776,3664.75,314,2.06
WATERING CAN BLUE ELEPHANT,1969,3663.25,273,1.86
VINTAGE DOILY DELUXE SEWING KIT,632,3659.40,169,5.79
TRADITIONAL WOODEN CATCH CUP GAME,2902,3641.75,294,1.25
LARGE RED RETROSPOT WINDMILL,1894,3632.40,106,1.92
PINK POLKADOT BOWL,3149,3630.08,218,1.15
RED RETROSPOT CHILDRENS UMBRELLA,1137,3619.91,179,3.18
ROLL WRAP 50'S CHRISTMAS,2974,3609.14,269,1.21
TRADITIONAL CHRISTMAS RIBBONS,2907,3607.80,266,1.24
STRAWBERRY FAIRY CAKE TEAPOT,741,3604.25,157,4.86
EMPIRE DESIGN ROSETTE,4236,3596.42,26,0.85
ILLUSTRATED CAT BOWL,1355,3583.77,87,2.64
PICNIC BOXES SET OF 3 RETROSPOT,767,3572.65,116,4.66
CHRISTMAS STAR WISH LIST CHALKBOARD,3278,3552.70,233,1.08
STORAGE TIN VINTAGE DOILY,1251,3548.39,158,2.84
RECYCLED ACAPULCO MAT RED,432,3548.00,167,8.21
CREAM SWEETHEART EGG HOLDER,750,3547.30,147,4.73
LARGE ANTIQUE WHITE PHOTO FRAME,504,3544.56,122,7.03
FOOD COVER WITH BEADS SET 2,972,3526.42,119,3.63
RED RETROSPOT TRADITIONAL TEAPOT,465,3516.75,131,7.56
BISCUIT TIN VINTAGE RED,558,3515.30,138,6.30
SMALL RED RETROSPOT WINDMILL,2962,3506.70,184,1.18
GLASS BON BON JAR,2135,3495.57,133,1.64
ANTIQUE SILVER BAUBLE LAMP,374,3489.70,72,9.33
SCANDINAVIAN REDS RIBBONS,2735,3484.70,334,1.27
SET OF 6 T-LIGHTS SANTA,1186,3482.26,172,2.94
ENCHANTED BIRD COATHANGER 5 HOOK,775,3475.19,190,4.48
PARISIENNE KEY CABINET,626,3466.70,203,5.54
GREEN METAL BOX ARMY SUPPLIES,436,3466.14,110,7.95
AIRLINE BAG VINTAGE TOKYO 78,824,3465.38,243,4.21
PANTRY SCRUBBING BRUSH,2157,3463.29,237,1.61
RED RETROSPOT SUGAR JAM BOWL,1471,3454.05,205,2.35
RETROSPOT GIANT TUBE MATCHES,1497,3450.15,132,2.30
ROLL WRAP VINTAGE CHRISTMAS,2845,3447.89,245,1.21
CAMOUFLAGE DESIGN TEDDY,1630,3445.50,35,2.11
BATHROOM METAL SIGN,5613,3443.55,413,0.61
DOORMAT PEACE ON EARTH BLUE,700,3442.04,27,4.92
JUMBO BAG SCANDINAVIAN PAISLEY,1947,3430.65,91,1.76
WALL ART BICYCLE SAFETY,647,3430.37,119,5.30
FANCY FONTS BIRTHDAY WRAP,8600,3430.00,230,0.40
CLASSIC CHROME BICYCLE BELL,2442,3418.30,169,1.40
WOODEN HEART CHRISTMAS SCANDINAVIAN,9784,3416.48,463,0.35
BUNDLE OF 3 RETRO NOTE BOOKS,2112,3414.80,238,1.62
MISTLETOE HEART WREATH GREEN,830,3402.42,161,4.10
FIRST AID TIN,1089,3400.35,147,3.12
SET 3 WICKER STORAGE BASKETS,241,3399.95,74,14.11
COLOURED GLASS STAR T-LIGHT HOLDER,973,3399.87,42,3.49
PAPER BUNTING VINTAGE PAISLEY,1190,3398.50,180,2.86
GAOLERS KEYS DECORATIVE GARDEN,925,3397.19,204,3.67
BAG 125g SWIRLY MARBLES,9176,3391.03,239,0.37
RECIPE BOX BLUE SKETCHBOOK DESIGN,1206,3386.66,228,2.81
GYMKHANA TREASURE BOOK BOX,1616,3386.33,153,2.10
FOOD CONTAINER SET 3 LOVE HEART,1888,3366.52,178,1.78
FAIRY TALE COTTAGE NIGHTLIGHT,2016,3352.80,69,1.66
SET OF 6 SNACK LOAF BAKING CASES,4282,3351.88,289,0.78
EASTER CRAFT 4 CHICKS,1807,3343.65,158,1.85
BLUE POLKADOT PLATE,2121,3342.57,145,1.58
LUNCH BAG SUKI  DESIGN,2121,3339.65,144,1.57
BICYCLE PUNCTURE REPAIR KIT,1731,3338.80,103,1.93
NOVELTY BISCUITS CAKE STAND 3 TIER,349,3335.97,132,9.56
PACK OF 20 NAPKINS RED APPLES,4234,3330.64,313,0.79
TRADITIONAL NAUGHTS & CROSSES,2036,3330.60,216,1.64
DRAWER KNOB CRACKLE GLAZE IVORY,2064,3328.80,172,1.61
SET OF 12 FORK CANDLES,1215,3319.35,113,2.73
PEG BAG APPLES DESIGN,1380,3310.87,218,2.40
VINTAGE BLUE KITCHEN CABINET,23,3310.00,17,143.91
PARISIENNE CURIO CABINET,453,3302.30,173,7.29
RED RETROSPOT OVEN GLOVE,2757,3290.13,257,1.19
ZINC HERB GARDEN CONTAINER,536,3286.07,177,6.13
IVORY WICKER HEART LARGE,1996,3283.80,267,1.65
IVORY GIANT GARDEN THERMOMETER,561,3265.95,180,5.82
I LOVE LONDON BABY GIFT SET,209,3262.55,61,15.61
S/6 WOODEN SKITTLES IN COTTON BAG,1075,3262.51,173,3.03
SET OF 5 MINI GROCERY MAGNETS,1614,3261.86,182,2.02
TEA TIME KITCHEN APRON,587,3259.97,118,5.55
HAPPY STENCIL CRAFT,2785,3254.60,252,1.17
WICKER STAR,1572,3253.20,302,2.07
SET OF 9 HEART SHAPED BALLOONS,2668,3242.04,212,1.22
ANTIQUE GLASS PEDESTAL BOWL,889,3219.60,159,3.62
TEA BAG PLATE RED RETROSPOT,3851,3213.29,253,0.83
SET 3 SONG BIRD PAPER EGGS ASSORTED,1155,3212.85,130,2.78
PARISIENNE SEWING BOX,273,3210.90,115,11.76
PHARMACIE FIRST AID TIN,480,3200.56,92,6.67
GLASS APOTHECARY BOTTLE TONIC,862,3199.24,179,3.71
WRAP ALPHABET DESIGN,7900,3186.00,230,0.40
CAKE STAND 3 TIER MAGIC GARDEN,268,3179.40,82,11.86
BLUE POLKADOT BOWL,2725,3174.90,222,1.17
FELTCRAFT GIRL NICOLE KIT,646,3174.74,170,4.91
WHITE ROCKING HORSE HAND PAINTED,2615,3172.99,151,1.21
PURPLE DRAWERKNOB ACRYLIC EDWARDIAN,2614,3169.87,145,1.21
MIRRORED DISCO BALL,599,3169.55,121,5.29
WOODEN STAR CHRISTMAS SCANDINAVIAN,9630,3165.22,433,0.33
METAL SIGN DROP YOUR PANTS,1220,3157.88,169,2.59
ROLL WRAP VINTAGE SPOT,2581,3150.65,245,1.22
WOODLAND MINI BACKPACK,788,3150.20,133,4.00
SPACEBOY BIRTHDAY CARD,7846,3125.18,393,0.40
PACK OF 12 COLOURED PENCILS,3886,3110.44,198,0.80
FRENCH ENAMEL CANDLEHOLDER,1547,3100.12,232,2.00
SET OF 60 VINTAGE LEAF CAKE CASES,5967,3098.21,305,0.52
SET OF 4 KNICK KNACK TINS POPPIES,799,3088.45,151,3.87
6 GIFT TAGS VINTAGE CHRISTMAS,3723,3066.33,252,0.82
WATERING CAN PINK BUNNY,1630,3065.48,231,1.88
"TRAY, BREAKFAST IN BED",257,3064.35,64,11.92
MINT DINER WALL CLOCK,365,3051.50,154,8.36
20 DOLLY PEGS RETROSPOT,2356,3033.20,181,1.29
RIBBON REEL SNOWY VILLAGE,1877,3028.93,174,1.61
GREEN 3 PIECE POLKADOT CUTLERY SET,837,3019.23,68,3.61
BABUSHKA LIGHTS STRING OF 10,465,3018.89,115,6.49
16 PIECE CUTLERY SET PANTRY DESIGN,210,3018.30,46,14.37
COFFEE MUG DOG + BALL DESIGN,1438,3016.74,141,2.10
CABIN BAG VINTAGE RETROSPOT,160,3012.40,39,18.83
CLASSIC CAFE SUGAR DISPENSER,2610,3008.35,206,1.15
PINK  POLKADOT PLATE,1903,2997.19,129,1.57
DOORMAT CHRISTMAS VILLAGE,568,2991.70,35,5.27
WRAP ENGLISH ROSE,7201,2980.42,247,0.41
LARGE DECO JEWELLERY STAND,246,2977.80,87,12.10
SPACEBOY BEAKER,2571,2975.75,138,1.16
FINE WICKER HEART,2496,2969.52,178,1.19
WHITE WICKER STAR,1426,2963.10,270,2.08
SET OF SALT AND PEPPER TOADSTOOLS,2425,2962.85,193,1.22
SET OF 4 KNICK KNACK TINS LEAF,737,2962.55,114,4.02
IVORY HANGING DECORATION  HEART,3564,2957.64,205,0.83
JAM JAR WITH PINK LID,3681,2952.57,246,0.80
SWEETHEART BIRD HOUSE,835,2933.45,82,3.51
GLASS APOTHECARY BOTTLE ELIXIR,792,2928.08,158,3.70
COLOURING PENCILS BROWN TUBE,4312,2926.10,217,0.68
RED GINGHAM ROSE JEWELLERY BOX,1616,2925.00,217,1.81
OFFICE MUG WARMER BLACK+SILVER,1053,2922.55,92,2.78
BOYS VINTAGE TIN SEASIDE BUCKET,1206,2921.72,137,2.42
3 HOOK HANGER MAGIC GARDEN,1617,2915.55,94,1.80
DOILEY STORAGE TIN,1069,2897.41,109,2.71
POTTING SHED TEA MUG,2322,2896.98,230,1.25
TREASURE TIN BUFFALO BILL,1435,2896.48,186,2.02
CHRISTMAS PUDDING TRINKET POT,6440,2892.02,164,0.45
VINTAGE  2 METER FOLDING RULER,1764,2884.32,154,1.64
DRAWER KNOB CERAMIC IVORY,2047,2880.79,164,1.41
FOUR HOOK  WHITE LOVEBIRDS,1402,2875.47,240,2.05
RETROSPOT LAMP,294,2873.10,124,9.77
EMBOSSED GLASS TEALIGHT HOLDER,2381,2871.84,162,1.21
DINOSAUR LUNCH BOX WITH CUTLERY,1227,2868.78,167,2.34
DOLLY GIRL MINI BACKPACK,717,2855.55,144,3.98
GLASS  BEURRE DISH,768,2854.32,122,3.72
SET OF 36 PAISLEY FLOWER DOILIES,1975,2854.06,223,1.45
VICTORIAN  METAL POSTCARD SPRING,2416,2853.28,160,1.18
RED BABY BUNTING,977,2842.15,166,2.91
LARGE HEART MEASURING SPOONS,1699,2841.87,220,1.67
TOILET SIGN OCCUPIED OR VACANT,3414,2837.57,254,0.83
RETRO COFFEE MUGS ASSORTED,2508,2835.08,113,1.13
DOORMAT VINTAGE LEAVES DESIGN,426,2833.70,88,6.65
PACK 3 BOXES CHRISTMAS PANNETONE,1508,2822.30,108,1.87
HANGING METAL STAR LANTERN,1953,2822.23,158,1.45
TABLECLOTH RED APPLES DESIGN,291,2821.95,109,9.70
ANTIQUE TALL SWIRLGLASS TRINKET POT,765,2817.13,138,3.68
CHARLIE AND LOLA FIGURES TINS,1403,2815.85,125,2.01
SET 12 KIDS COLOUR  CHALK STICKS,7012,2814.28,281,0.40
DECORATIVE WICKER HEART LARGE,1712,2812.80,215,1.64
BOX OF 24 COCKTAIL PARASOLS,6808,2810.67,364,0.41
RED RETROSPOT CUP,3499,2805.41,276,0.80
SUKI  SHOULDER BAG,1751,2804.57,192,1.60
LOVEBIRD HANGING DECORATION WHITE,3348,2798.22,309,0.84
RIBBON REEL HEARTS DESIGN,1685,2782.49,222,1.65
HOME SWEET HOME CUSHION COVER,741,2778.75,198,3.75
MOROCCAN TEA GLASS,3808,2761.60,95,0.73
DOLLY GIRL BEAKER,2398,2759.50,133,1.15
WOODLAND PARTY BAG + STICKER SET,1768,2750.96,143,1.56
SPACEBOY CHILDRENS BOWL,2359,2747.15,173,1.16
CHEST NATURAL WOOD 20 DRAWERS,24,2745.00,13,114.38
GIRLS VINTAGE TIN SEASIDE BUCKET,1141,2736.75,138,2.40
RECYCLED ACAPULCO MAT BLUE,334,2733.10,132,8.18
CHILDREN'S SPACEBOY MUG,1679,2731.31,177,1.63
BLUE PARTY BAGS,1451,2728.94,108,1.88
BLUE POLKADOT WRAP,6700,2726.00,213,0.41
36 FOIL HEART CAKE CASES,1409,2720.16,163,1.93
6 GIFT TAGS 50'S CHRISTMAS,3298,2713.58,259,0.82
POPPY'S PLAYHOUSE LIVINGROOM,1307,2707.82,250,2.07
BUNDLE OF 3 SCHOOL EXERCISE BOOKS,1677,2689.49,178,1.60
RIBBON REEL CHRISTMAS SOCK BAUBLE,1578,2687.94,203,1.70
MINI WOODEN HAPPY BIRTHDAY GARLAND,1668,2680.68,130,1.61
TROPICAL  HONEYCOMB PAPER GARLAND,1175,2672.25,72,2.27
SINGLE ANTIQUE ROSE HOOK IVORY,1844,2671.40,249,1.45
SET OF 6 T-LIGHTS SNOWMEN,860,2669.68,136,3.10
RETROSPOT RED WASHING UP GLOVES,1354,2666.28,237,1.97
BLACK AND WHITE CAT BOWL,1357,2661.90,43,1.96
BISCUIT TIN VINTAGE GREEN,429,2658.13,111,6.20
SET OF 4 NAPKIN CHARMS CUTLERY,1173,2647.96,108,2.26
SPACEBOY GIFT WRAP,6452,2641.84,204,0.41
STOOL HOME SWEET HOME,226,2623.40,104,11.61
UTILTY CABINET WITH HOOKS,131,2610.29,6,19.93
RIBBON REEL LACE DESIGN,1300,2610.00,143,2.01
RED ROCKING HORSE HAND PAINTED,2184,2604.00,115,1.19
CAKE PLATE LOVEBIRD WHITE,824,2599.20,149,3.15
PINK POLKADOT WRAP,6350,2593.00,213,0.41
RED HEART SHAPE LOVE BUCKET,1358,2591.02,134,1.91
12 MESSAGE CARDS WITH ENVELOPES,1628,2590.20,187,1.59
RECYCLED ACAPULCO MAT PINK,318,2589.90,128,8.14
BELLE JARDINIERE CUSHION COVER,691,2585.73,170,3.74
GLASS CLOCHE LARGE,329,2581.45,41,7.85
ROSE CARAVAN DOORSTOP,523,2580.21,129,4.93
REGENCY CAKE SLICE,564,2579.21,80,4.57
BLACK AND WHITE DOG BOWL,1191,2575.83,47,2.16
SILVER BELLS TABLE DECORATION,2093,2565.85,213,1.23
ENAMEL WATERING CAN CREAM,526,2557.50,157,4.86
STOP FOR TEA WALL ART,515,2554.85,40,4.96
GREEN CHRISTMAS TREE CARD HOLDER,1181,2553.77,144,2.16
12 PENCIL SMALL TUBE WOODLAND,4007,2551.15,276,0.64
PACK OF 12 HEARTS DESIGN TISSUES,8569,2550.29,354,0.30
RED RETROSPOT TEA CUP AND SAUCER,813,2539.19,139,3.12
SET 10 LIGHTS NIGHT OWL,398,2532.90,74,6.36
SET OF 3 WOODEN STOCKING DECORATION,1963,2528.39,273,1.29
GLITTER HANGING BUTTERFLY STRING,1263,2526.29,162,2.00
N0 SINGING METAL SIGN,1197,2523.78,35,2.11
SET 10 NIGHT OWL LIGHTS,389,2517.09,101,6.47
IVORY WICKER HEART MEDIUM,2018,2509.90,215,1.24
HALL CABINET WITH 3 DRAWERS,75,2503.53,4,33.38
RETROSPOT PADDED SEAT CUSHION,700,2502.82,65,3.58
PACK OF 60 MUSHROOM CAKE CASES,4943,2499.93,275,0.51
GLITTER BUTTERFLY CLIPS,1012,2494.20,177,2.46
HEART WREATH DECORATION WITH BELL,2107,2492.63,141,1.18
BLUE GIANT GARDEN THERMOMETER,422,2487.92,160,5.90
WATERING CAN GREEN DINOSAUR,1341,2487.53,189,1.85
BLUE POLKADOT CUP,3136,2470.08,214,0.79
PACK OF 6 SWEETIE GIFT BOXES,1017,2466.16,76,2.42
TRIPLE HOOK ANTIQUE IVORY ROSE,753,2443.77,198,3.25
STRAWBERRY SHOPPER BAG,2026,2443.38,230,1.21
CHILDRENS DOLLY GIRL MUG,1511,2438.19,156,1.61
LUNCH BAG RED VINTAGE DOILY,1548,2434.20,118,1.57
JAM JAR WITH GREEN LID,3029,2419.43,207,0.80
SET/6 TURQUOISE BUTTERFLY T-LIGHTS,1248,2414.16,133,1.93
CREAM WALL PLANTER HEART SHAPED,417,2402.66,144,5.76
WALL ART 70'S ALPHABET,334,2399.58,55,7.18
SET OF 3 WOODEN SLEIGH DECORATIONS,1844,2399.20,249,1.30
3 TRADITIONAl BISCUIT CUTTERS  SET,1144,2397.02,201,2.10
SET OF 2 TRAYS HOME SWEET HOME,245,2396.87,115,9.78
GLASS CLOCHE SMALL,655,2394.61,100,3.66
GLASS JAR ENGLISH CONFECTIONERY,862,2385.10,141,2.77
PINK OWL SOFT TOY,840,2382.00,138,2.84
TEA TIME OVEN GLOVE,1974,2379.17,239,1.21
BICYCLE SAFTEY WALL ART,458,2371.94,39,5.18
CHRISTMAS HANGING STAR WITH BELL,5246,2369.32,171,0.45
GINGHAM HEART  DOORSTOP RED,716,2365.96,184,3.30
SWEETHEART WIRE MAGAZINE RACK,297,2349.15,155,7.91
BAKING MOULD CHOCOLATE CUPCAKES,911,2348.69,132,2.58
OWL DOORSTOP,489,2339.19,117,4.78
MISTLETOE HEART WREATH CREAM,576,2336.28,103,4.06
MAN FLU METAL SIGN,1117,2335.38,152,2.09
SKULLS AND CROSSBONES WRAP,5750,2335.00,163,0.41
GIRLS ALPHABET IRON ON PATCHES,12480,2332.80,23,0.19
ROUND SNACK BOXES SET OF 4 SKULLS,823,2331.85,159,2.83
WRAP PINK FAIRY CAKES,5800,2331.00,167,0.40
CERAMIC CHERRY CAKE MONEY BANK,2052,2328.78,188,1.13
PINK DINER WALL CLOCK,282,2325.60,98,8.25
GLASS STAR FROSTED T-LIGHT HOLDER,498,2324.14,119,4.67
SPACEBOY CHILDRENS CUP,1935,2323.07,156,1.20
RED DRAWER KNOB ACRYLIC EDWARDIAN,2007,2322.27,97,1.16
PENS ASSORTED FUNNY FACE,9146,2320.58,171,0.25
TRADITIONAL PICK UP STICKS GAME,1846,2307.50,231,1.25
LARGE CAKE TOWEL PINK SPOTS,775,2295.05,78,2.96
CHEST OF DRAWERS GINGHAM HEART,136,2289.54,71,16.83
VICTORIAN SEWING KIT,2083,2282.19,96,1.10
TWO DOOR CURIO CABINET,186,2278.35,78,12.25
50'S CHRISTMAS GIFT BAG LARGE,1885,2272.25,109,1.21
WALL ART DOG LICENCE,474,2265.18,62,4.78
SET OF 9 BLACK SKULL BALLOONS,2727,2263.35,173,0.83
TOTE BAG I LOVE LONDON,1188,2256.18,92,1.90
GREEN GIANT GARDEN THERMOMETER,391,2254.45,128,5.77
BALLOON WATER BOMB PACK OF 35,5897,2254.14,138,0.38
HEART MIRROR ANTIQUE WHITE,349,2254.14,70,6.46
SET/3 VANILLA SCENTED CANDLE IN BOX,545,2253.77,110,4.14
DOORMAT WELCOME SUNRISE,342,2252.74,94,6.59
12 PENCILS TALL TUBE RED RETROSPOT,2652,2247.96,234,0.85
VINTAGE LEAF MAGNETIC NOTEPAD,1596,2247.00,211,1.41
VINTAGE BELLS GARLAND,784,2246.56,127,2.87
CAKE STAND WHITE TWO TIER LACE,329,2246.00,88,6.83
GREEN DRAWER KNOB ACRYLIC EDWARDIAN,1852,2242.52,145,1.21
CERAMIC HEART FAIRY CAKE MONEY BANK,1745,2238.53,232,1.28
SHELF WITH 4 HOOKS HOME SWEET HOME,446,2234.86,94,5.01
PEARL CRYSTAL PUMPKIN T-LIGHT HLDR,1380,2234.67,132,1.62
TOY TIDY SPACEBOY,1136,2232.75,193,1.97
RED REFECTORY CLOCK,236,2222.20,95,9.42
KINGS CHOICE MUG,1976,2219.56,110,1.12
CREAM SLICE FLANNEL PINK SPOT,840,2218.80,62,2.64
FRENCH BATHROOM SIGN BLUE METAL,1370,2207.82,157,1.61
CLASSIC BICYCLE CLIPS,1591,2205.95,86,1.39
ENAMEL WASH BOWL CREAM,652,2201.80,142,3.38
VINTAGE  2 METRE FOLDING RULER,1322,2199.34,127,1.66
RECYCLED ACAPULCO MAT LAVENDER,267,2197.95,108,8.23
SET OF 3 BLACK FLYING DUCKS,463,2195.35,46,4.74
FRENCH WC SIGN BLUE METAL,1754,2193.99,208,1.25
DECORATIVE WICKER HEART MEDIUM,1761,2193.69,195,1.25
CHRISTMAS METAL TAGS ASSORTED,2569,2188.57,133,0.85
POLYESTER FILLER PAD 40x40cm,1507,2185.15,179,1.45
GARLAND WOODEN HAPPY EASTER,1786,2177.78,164,1.22
COTTON APRON PANTRY DESIGN,487,2171.29,132,4.46
ZINC WILLIE WINKIE  CANDLE STICK,2595,2166.75,187,0.83
SET OF 4 ENGLISH ROSE PLACEMATS,604,2164.64,137,3.58
ROUND CONTAINER SET OF 5 RETROSPOT,1375,2163.15,150,1.57
POTTING SHED TWINE,949,2158.50,89,2.27
DOORMAT I LOVE LONDON,327,2157.33,69,6.60
RUSTIC MIRROR WITH LACE HEART,443,2155.51,70,4.87
SET OF 3 WOODEN TREE DECORATIONS,1666,2154.96,245,1.29
RETROSPOT CIGAR BOX MATCHES,2151,2150.71,210,1.00
VINTAGE UNION JACK APRON,307,2140.19,113,6.97
PINK DOUGHNUT TRINKET POT,1606,2139.30,164,1.33
FOLKART ZINC HEART CHRISTMAS DEC,2692,2138.44,153,0.79
SET 20 NAPKINS FAIRY CAKES DESIGN,2597,2138.03,285,0.82
WRAP RED APPLES,5200,2136.00,171,0.41
ICE CREAM BUBBLES,2647,2131.01,93,0.81
SWALLOWS GREETING CARD,5361,2130.63,242,0.40
WRAP VINTAGE LEAF DESIGN,5300,2130.00,132,0.40
SMALL PARISIENNE HEART PHOTO FRAME,916,2125.16,123,2.32
HOME SWEET HOME KEY HOLDER,429,2117.29,88,4.94
TOADSTOOL MONEY BOX,736,2113.60,129,2.87
BAKING MOULD HEART MILK CHOCOLATE,849,2112.47,143,2.49
EMPIRE UNION JACK TV DINNER TRAY,803,2111.17,77,2.63
GLASS HEART T-LIGHT HOLDER,2842,2109.82,128,0.74
KEY RING BASEBALL BOOT UNION JACK,1772,2105.80,85,1.19
HEADS AND TAILS SPORTING FUN,1873,2097.96,179,1.12
WRAP POPPIES  DESIGN,5150,2095.00,157,0.41
WALL TIDY RETROSPOT,1685,2092.56,103,1.24
PAPER LANTERN 9 POINT DELUXE STAR,347,2091.55,34,6.03
TOADSTOOL BEDSIDE LIGHT,236,2091.20,98,8.86
PAPER LANTERN 9 POINT SNOW STAR,432,2090.40,62,4.84
ALPHABET STENCIL CRAFT,1809,2089.60,163,1.16
LARGE CAKE TOWEL CHOCOLATE SPOTS,830,2084.10,64,2.51
PACK OF 12 SUKI TISSUES,7346,2083.58,259,0.28
PLAYING CARDS JUBILEE UNION JACK,1668,2082.48,190,1.25
SET 12 LAVENDER  BOTANICAL T-LIGHTS,761,2072.15,73,2.72
ENAMEL COLANDER CREAM,431,2071.26,140,4.81
GROW YOUR OWN BASIL IN ENAMEL MUG,994,2069.40,167,2.08
SKULL SHOULDER BAG,1278,2064.70,142,1.62
CLASSIC FRENCH STYLE BASKET NATURAL,501,2064.47,93,4.12
SWEETHEART 3 TIER CAKE STAND,209,2062.15,120,9.87
DOG LICENCE WALL ART,404,2057.84,28,5.09
SMALL DOLLY MIX DESIGN ORANGE BOWL,4475,2056.57,360,0.46
VINTAGE CHRISTMAS GIFT BAG LARGE,1769,2051.65,82,1.16
DRAWER KNOB CRACKLE GLAZE GREEN,1266,2050.50,135,1.62
VILLAGE SHOW WALL ART,382,2048.62,17,5.36
RED SPOT GIFT BAG LARGE,1700,2041.00,92,1.20
STAR WOODEN CHRISTMAS DECORATION,2445,2040.81,154,0.83
RED GINGHAM TEDDY BEAR,725,2038.83,129,2.81
CACTI T-LIGHT CANDLES,5121,2038.34,128,0.40
PINK  POLKADOT CUP,2554,2034.40,200,0.80
VINTAGE RED ENAMEL TRIM JUG,554,2033.34,119,3.67
SET OF 10 LANTERNS FAIRY LIGHT STAR,508,2032.34,80,4.00
MAKE YOUR OWN FLOWERPOWER CARD KIT,867,2030.61,148,2.34
SLATE TILE NATURAL HANGING,1428,2029.70,126,1.42
S/4 VALENTINE DECOUPAGE HEART BOX,1369,2028.05,92,1.48
PARTY CONES CANDY ASSORTED,1717,2027.69,71,1.18
CARD BILLBOARD FONT,4905,2024.19,330,0.41
KEEP CALM WALL ART,269,2015.97,20,7.49
6 EGG HOUSE PAINTED WOOD,252,2011.24,114,7.98
RIBBON REEL CHRISTMAS PRESENT,1187,2009.39,185,1.69
CERAMIC CAKE DESIGN SPOTTED MUG,1380,2007.24,152,1.45
BUTTON BOX,1062,2003.16,117,1.89
HANGING MINI COLOURED BOTTLES,3370,2000.22,55,0.59
6 RIBBONS ELEGANT CHRISTMAS,1553,1999.43,119,1.29
IVORY SWEETHEART WIRE LETTER RACK,541,1998.51,148,3.69
DRAWER KNOB CRACKLE GLAZE PINK,1234,1997.70,136,1.62
36 PENCILS TUBE SKULLS,1615,1994.43,178,1.23
6 CHOCOLATE LOVE HEART T-LIGHTS,1018,1994.26,110,1.96
SMALL HEART MEASURING SPOONS,2361,1993.33,245,0.84
ASSORTED COLOUR T-LIGHT HOLDER,3361,1990.97,87,0.59
TOILET METAL SIGN,3733,1988.33,297,0.53
T-LIGHT HOLDER HANGING LOVE BIRD,539,1988.13,95,3.69
SET OF 6 T-LIGHTS CACTI,775,1987.93,55,2.57
GINGHAM RECIPE BOOK BOX,413,1986.75,103,4.81
S/4 CACTI CANDLES,497,1985.67,80,4.00
FUNKY WASHING UP GLOVES ASSORTED,973,1984.26,171,2.04
LETTER HOLDER HOME SWEET HOME,596,1984.06,110,3.33
PACK OF 12 RED RETROSPOT TISSUES,6451,1982.43,249,0.31
SET/20 STRAWBERRY PAPER NAPKINS,2494,1982.08,201,0.79
BLUE COAT RACK PARIS FASHION,428,1979.64,134,4.63
CERAMIC STRAWBERRY DESIGN MUG,1749,1973.17,142,1.13
VANILLA SCENT CANDLE JEWELLED BOX,871,1969.37,85,2.26
WHITE LOVEBIRD LANTERN,686,1967.70,114,2.87
TEA TIME TEAPOT IN GIFT BOX,337,1967.51,79,5.84
ROLL WRAP 50'S RED CHRISTMAS,1596,1964.76,162,1.23
SET OF 2 CERAMIC CHRISTMAS REINDEER,1423,1964.23,77,1.38
PACK OF 6 SANDCASTLE FLAGS ASSORTED,2385,1963.55,151,0.82
"KEY FOB , SHED",3087,1963.03,265,0.64
WHITE BROCANTE SOAP DISH,684,1960.20,104,2.87
LE JARDIN BOTANIQUE CUSHION COVER,523,1955.73,138,3.74
ASSTD DESIGN RACING CAR PEN,1252,1953.00,62,1.56
KNEELING MAT HOUSEWORK  DESIGN,1456,1952.66,185,1.34
STORAGE TIN VINTAGE LEAF,764,1952.24,94,2.56
FILIGREE HEART BUTTERFLY WHITE,1592,1947.06,87,1.22
SET 8 CANDLES VINTAGE DOILY,1029,1941.75,100,1.89
BIRDHOUSE GARDEN MARKER,1417,1936.85,76,1.37
RED SPOT PAPER GIFT BAG,2434,1935.88,121,0.80
KEY RING BASEBALL BOOT ASSORTED,1585,1935.05,84,1.22
JUMBO BAG CHARLIE AND LOLA TOYS,922,1934.75,108,2.10
NOEL WOODEN BLOCK LETTERS,333,1930.89,114,5.80
3D VINTAGE CHRISTMAS STICKERS,1522,1930.38,126,1.27
36 FOIL STAR CAKE CASES,1005,1929.14,106,1.92
CHOCOLATE BOX RIBBONS,1580,1926.33,227,1.22
FLORAL FOLK STATIONERY SET,1354,1919.85,204,1.42
WRAP DOILEY DESIGN,4675,1915.50,162,0.41
GLASS  SONGBIRD STORAGE JAR,161,1915.30,65,11.90
SWEETHEART WIRE WALL TIDY,197,1910.85,94,9.70
STAR WREATH DECORATION WITH BELL,1583,1908.19,120,1.21
BLUE DRAWER KNOB ACRYLIC EDWARDIAN,1560,1906.68,120,1.22
"FANCY FONT BIRTHDAY CARD,",4728,1905.84,249,0.40
3 TIER SWEETHEART GARDEN SHELF,54,1902.30,42,35.23
SKETCHBOOK MAGNETIC SHOPPING LIST,1317,1899.49,176,1.44
VINTAGE RED ENAMEL TRIM MUG,1598,1896.70,99,1.19
REGENCY CAKE FORK,1608,1896.60,68,1.18
ZINC T-LIGHT HOLDER STAR LARGE,2030,1896.54,148,0.93
WHITE WIRE EGG HOLDER,303,1896.15,65,6.26
36 PENCILS TUBE WOODLAND,1533,1891.93,139,1.23
HANGING HEART WITH BELL,4065,1889.11,137,0.46
CARDHOLDER HOLLY WREATH METAL,506,1886.08,91,3.73
RIBBON REEL POLKADOTS,1172,1885.80,125,1.61
3D TRADITIONAL CHRISTMAS STICKERS,1471,1882.31,141,1.28
MAKE YOUR OWN MONSOON CARD KIT,827,1881.13,145,2.27
CUPBOARD 3 DRAWER MA CAMPAGNE,131,1879.25,82,14.35
BAKING MOULD HEART WHITE CHOCOLATE,794,1878.61,110,2.37
TRAVEL CARD WALLET VINTAGE TICKET,4548,1878.48,291,0.41
FLUTED ANTIQUE CANDLE HOLDER,2301,1878.11,127,0.82
WRAP CHRISTMAS VILLAGE,4576,1877.92,137,0.41
SOAP DISH BROCANTE,669,1877.55,91,2.81
STAR T-LIGHT HOLDER WILLIE WINKIE,1142,1875.06,98,1.64
WOODLAND  HEIGHT CHART STICKERS,672,1874.40,79,2.79
CHINESE DRAGON PAPER LANTERNS,5524,1870.70,75,0.34
DOLLY GIRL CHILDRENS CUP,1540,1870.14,142,1.21
HANGING JAM JAR T-LIGHT HOLDERS,2413,1867.33,69,0.77
JAZZ HEARTS PURSE NOTEBOOK,4365,1867.05,244,0.43
SET OF 3 COLOURED  FLYING DUCKS,390,1866.30,37,4.79
VINTAGE JINGLE BELLS HEART,226,1864.50,76,8.25
CHILDREN'S CIRCUS PARADE MUG,1155,1863.43,107,1.61
MA CAMPAGNE CUTLERY BOX,128,1863.00,71,14.55
ALUMINIUM STAMPED HEART,775,1862.51,124,2.40
AIRLINE BAG VINTAGE JET SET RED,443,1861.59,152,4.20
CERAMIC STRAWBERRY MONEY BOX,804,1859.40,47,2.31
HEART WOODEN CHRISTMAS DECORATION,2124,1854.54,157,0.87
DOLLY GIRL CHILDRENS BOWL,1545,1844.85,140,1.19
HOT WATER BOTTLE SEX BOMB,435,1843.55,88,4.24
CERAMIC CAKE BOWL + HANGING CAKES,668,1841.00,98,2.76
WRAP 50'S  CHRISTMAS,4438,1839.96,147,0.41
SMALL DECO JEWELLERY STAND,229,1831.65,70,8.00
CHRISTMAS RETROSPOT ANGEL WOOD,2238,1827.42,150,0.82
LE GRAND TRAY CHIC SET,146,1825.00,73,12.50
PARLOUR CERAMIC WALL HOOK,444,1823.40,71,4.11
OVEN MITT APPLES DESIGN,1278,1821.66,170,1.43
ENGLISH ROSE GARDEN SECATEURS,1946,1817.30,173,0.93
RIBBON REEL MAKING SNOWMEN,1092,1808.96,151,1.66
KEY CABINET MA CAMPAGNE,185,1805.95,89,9.76
POPPY'S PLAYHOUSE BATHROOM,879,1800.90,169,2.05
SET 12 COLOUR PENCILS SPACEBOY,2769,1797.45,230,0.65
SET OF 6 T-LIGHTS TOADSTOOLS,676,1796.64,107,2.66
RED RETROSPOT APRON,301,1790.95,104,5.95
TRAVEL CARD WALLET I LOVE LONDON,4396,1788.72,175,0.41
REX CASH+CARRY JUMBO SHOPPER,1882,1787.90,857,0.95
METAL SIGN NEIGHBOURHOOD WITCH,877,1784.70,113,2.04
SET 36 COLOUR PENCILS SPACEBOY,1505,1783.97,133,1.19
CINDERELLA CHANDELIER,117,1783.55,12,15.24
EASTER TIN BUNNY BOUQUET,1120,1783.20,123,1.59
SWISS ROLL TOWEL PINK  SPOTS,666,1782.18,27,2.68
MAGIC DRAWING SLATE PURDEY,4721,1782.18,144,0.38
WATERING CAN GARDEN MARKER,1290,1778.10,70,1.38
MINI CAKE STAND WITH HANGING CAKES,1297,1775.05,148,1.37
HANGING CHICK CREAM DECORATION,1219,1767.55,89,1.45
BAKING MOULD ROSE MILK CHOCOLATE,601,1766.25,51,2.94
DRAWER KNOB CRACKLE GLAZE BLUE,1085,1761.69,111,1.62
RETROSPOT SMALL TUBE MATCHES,1066,1754.90,146,1.65
MODERN FLORAL STATIONERY SET,1219,1745.05,177,1.43
ROCKING HORSE RED CHRISTMAS,2111,1744.43,175,0.83
SET 12 RETRO WHITE CHALK STICKS,4291,1741.30,245,0.41
CHRISTMAS GINGHAM STAR,2049,1736.97,138,0.85
RED PAPER PARASOL,630,1735.74,73,2.76
MAGIC DRAWING SLATE SPACEBOY,4331,1735.50,202,0.40
SET OF 4 NAPKIN CHARMS HEARTS,763,1733.37,127,2.27
CARD HOLDER GINGHAM HEART,605,1732.41,135,2.86
WRAP I LOVE LONDON,4400,1732.00,99,0.39
VINTAGE UNION JACK CUSHION COVER,352,1725.60,89,4.90
PEACE WOODEN BLOCK LETTERS,347,1724.41,102,4.97
RED STAR CARD HOLDER,801,1723.79,118,2.15
VINTAGE GLASS T-LIGHT HOLDER,2130,1723.62,122,0.81
SET OF 12 T-LIGHTS VINTAGE DOILY,918,1721.70,70,1.88
DAIRY MAID STRIPE MUG,1907,1721.09,82,0.90
MONSTERS STENCIL CRAFT,1398,1720.42,190,1.23
FAIRY TALE COTTAGE NIGHT LIGHT,913,1719.15,81,1.88
"FEATHER PEN,HOT PINK",3549,1716.41,156,0.48
IVORY EMBROIDERED QUILT,46,1715.90,25,37.30
EASTER TIN KEEPSAKE,1078,1713.90,110,1.59
SET OF 16 VINTAGE ROSE CUTLERY,141,1711.35,47,12.14
CARD DOLLY GIRL,4295,1711.29,211,0.40
MINIATURE ANTIQUE ROSE HOOK IVORY,2062,1709.06,228,0.83
12 PENCILS TALL TUBE SKULLS,2018,1709.06,214,0.85
METAL SIGN EMPIRE TEA,1495,1706.81,183,1.14
SMALL RED RETROSPOT MUG IN BOX,580,1705.39,81,2.94
STRAWBERRY RAFFIA FOOD COVER,495,1702.65,92,3.44
FELTCRAFT BOY JEAN-PAUL KIT,347,1701.33,115,4.90
RED RETROSPOT OVEN GLOVE DOUBLE,576,1699.20,138,2.95
IVORY REFECTORY CLOCK,178,1699.10,74,9.55
LAVENDER SCENTED FABRIC HEART,1342,1692.78,127,1.26
SEWING BOX RETROSPOT DESIGN,189,1692.55,78,8.96
KINGS CHOICE GIANT TUBE MATCHES,731,1691.25,66,2.31
HOT STUFF HOT WATER BOTTLE,528,1689.90,67,3.20
PINK  HEART SHAPE LOVE BUCKET,1016,1686.52,103,1.66
BROCANTE COAT RACK,200,1684.30,43,8.42
GEORGIAN TRINKET BOX,141,1681.50,58,11.93
LED TEA LIGHTS,596,1679.24,54,2.82
PACK OF 20 SKULL PAPER NAPKINS,2068,1675.24,205,0.81
REGENCY TEA SPOON,1404,1666.80,60,1.19
WRAP SUKI AND FRIENDS,4025,1666.50,132,0.41
WOODEN TREE CHRISTMAS SCANDINAVIAN,4808,1665.16,276,0.35
PACK OF 6 SKULL PAPER PLATES,2194,1663.30,147,0.76
AFGHAN SLIPPER SOCK PAIR,511,1662.95,19,3.25
VINTAGE PAISLEY STATIONERY SET,1163,1658.69,199,1.43
LOVE HEART POCKET WARMER,2620,1657.70,78,0.63
SET 12 KIDS  WHITE CHALK STICKS,4094,1652.82,185,0.40
GREEN POLKADOT BOWL,1373,1649.06,149,1.20
MINI CAKE STAND  HANGING STRAWBERY,1237,1646.93,140,1.33
TEA TIME TABLE CLOTH,180,1642.68,26,9.13
TEA PARTY BIRTHDAY CARD,3997,1640.87,259,0.41
I CAN ONLY PLEASE ONE PERSON MUG,1333,1638.89,135,1.23
VINTAGE BILLBOARD LOVE/HATE MUG,1535,1637.71,125,1.07
BAKING MOULD EASTER EGG MILK CHOC,576,1632.00,88,2.83
PETIT TRAY CHIC,1007,1629.83,117,1.62
DOORMAT NEIGHBOURHOOD WITCH,251,1629.47,68,6.49
MINI JIGSAW SPACEBOY,4414,1628.30,124,0.37
SET OF 2 CERAMIC PAINTED HEARTS,1166,1625.90,118,1.39
ROTATING LEAVES T-LIGHT HOLDER,1228,1624.73,126,1.32
3 RAFFIA RIBBONS 50'S CHRISTMAS,1782,1624.50,133,0.91
GREEN POLKADOT PLATE,1014,1623.10,100,1.60
RED METAL BEACH SPADE,1289,1613.67,143,1.25
ROSE 3 WICK MORRIS BOX CANDLE,1105,1611.45,107,1.46
JINGLE BELL HEART ANTIQUE GOLD,765,1610.27,91,2.10
WHITE JEWELLED HEART DECORATION,1986,1609.80,108,0.81
T-LIGHT HOLDER SWEETHEART HANGING,838,1605.84,126,1.92
DOCTOR'S BAG SOFT TOY,170,1604.38,62,9.44
GENTLEMAN SHIRT REPAIR KIT,1992,1602.72,94,0.80
BROCANTE SHELF WITH HOOKS,151,1602.45,67,10.61
SET OF 12  VINTAGE POSTCARD SET,2130,1591.42,113,0.75
IF YOU CAN'T STAND THE HEAT MUG,1430,1584.70,85,1.11
FILIGREE HEART BIRD WHITE,1253,1576.54,77,1.26
SILVER STARS TABLE DECORATION,1948,1574.60,190,0.81
ROBOT BIRTHDAY CARD,3795,1573.12,257,0.41
POMPOM CURTAIN,337,1570.15,46,4.66
SET 36 COLOURING PENCILS DOILY,1294,1568.86,102,1.21
LAUREL HEART ANTIQUE SILVER,1290,1567.00,84,1.21
BIRD HOUSE HOT WATER BOTTLE,618,1564.61,154,2.53
DAIRY MAID LARGE MILK JUG,321,1563.75,121,4.87
12 PENCILS TALL TUBE WOODLAND,1838,1562.30,206,0.85
KNICKERBOCKERGLORY MAGNET ASSORTED,1950,1560.42,107,0.80
COFFEE MUG PINK PAISLEY DESIGN,684,1559.44,44,2.28
BLUE REFECTORY CLOCK,162,1557.90,70,9.62
HEART DECORATION WITH PEARLS,1839,1557.56,151,0.85
POLYESTER FILLER PAD 45x45cm,1004,1556.20,129,1.55
SMALL MARSHMALLOWS PINK BOWL,3285,1554.91,287,0.47
PARTY CHARMS 50 PIECES,2093,1554.31,94,0.74
RETROSPOT WOODEN HEART DECORATION,1852,1553.92,164,0.84
ROUND STORAGE TIN VINTAGE LEAF,852,1550.56,95,1.82
HOME SWEET HOME HANGING HEART,1823,1546.43,176,0.85
SKULLS PARTY BAG + STICKER SET,971,1544.55,125,1.59
HANGING  BUTTERFLY T-LIGHT HOLDER,1322,1541.62,66,1.17
YELLOW GIANT GARDEN THERMOMETER,251,1535.57,88,6.12
SKULL AND CROSSBONES  GARLAND,982,1533.90,84,1.56
HEART T-LIGHT HOLDER WILLIE WINKIE,928,1533.84,97,1.65
BAKING MOULD TOFFEE CUP CHOCOLATE,674,1532.40,61,2.27
REGENCY MIRROR WITH SHUTTERS,10,1530.00,7,153.00
ENAMEL FIRE BUCKET CREAM,221,1528.73,92,6.92
BAKING MOULD EASTER EGG WHITE CHOC,560,1527.20,69,2.73
RED POLKADOT BEAKER,3792,1526.92,111,0.40
SKULLS  WATER TRANSFER TATTOOS,1872,1522.40,113,0.81
FRENCH TOILET SIGN BLUE METAL,1262,1521.71,143,1.21
HANGING CHICK  YELLOW DECORATION,1088,1520.00,88,1.40
GLASS JAR DAISY FRESH COTTON WOOL,539,1513.25,123,2.81
DAISY GARDEN MARKER,1078,1513.10,54,1.40
PACK OF 12 WOODLAND TISSUES,5295,1512.93,190,0.29
PACK OF 12 SKULL TISSUES,5166,1506.24,173,0.29
SET 36 COLOUR PENCILS DOLLY GIRL,1280,1502.72,98,1.17
SWEETHEART WIRE FRUIT BOWL,198,1497.80,79,7.56
BOTTLE BAG RETROSPOT,1030,1494.09,104,1.45
3 ROSE MORRIS BOXED CANDLES,1056,1492.64,129,1.41
DOG BOWL VINTAGE CREAM,350,1490.92,107,4.26
BALLOON PUMP WITH 10 BALLOONS,763,1490.03,111,1.95
BULL DOG BOTTLE TOP WALL CLOCK,185,1484.25,69,8.02
OFFICE MUG WARMER PINK,553,1482.89,54,2.68
POSTE FRANCE CUSHION COVER,395,1481.25,119,3.75
CHRISTMAS GINGHAM TREE,1744,1480.06,125,0.85
RED COAT RACK PARIS FASHION,327,1479.69,95,4.53
"DIAMANTE HEART SHAPED WALL MIRROR,",266,1477.90,37,5.56
ROMANTIC PINKS RIBBONS,1198,1471.35,205,1.23
HEN HOUSE DECORATION,889,1466.85,98,1.65
FRENCH LAUNDRY SIGN BLUE METAL,919,1465.31,103,1.59
FAIRY CAKE DESIGN UMBRELLA,406,1464.12,90,3.61
ANGEL DECORATION 3 BUTTONS,3532,1457.52,111,0.41
COSY HOUR CIGAR BOX MATCHES,1187,1456.39,143,1.23
OFFICE MUG WARMER POLKADOT,503,1454.99,93,2.89
I LOVE LONDON MINI BACKPACK,360,1454.00,68,4.04
CREAM FELT EASTER EGG BASKET,916,1450.20,103,1.58
CITRONELLA CANDLE FLOWERPOT,701,1448.10,125,2.07
TEA FOR ONE POLKADOT,328,1446.76,97,4.41
STRAWBERRY HONEYCOMB  GARLAND,1220,1446.60,75,1.19
RED VINTAGE SPOT BEAKER,1774,1445.50,145,0.81
COWBOYS AND INDIANS BIRTHDAY CARD,3581,1444.75,203,0.40
SET/3 OCEAN SCENT CANDLE JEWEL BOX,350,1443.50,78,4.12
SET OF 4 FAIRY CAKE PLACEMATS,647,1441.25,83,2.23
OFFICE MUG WARMER CHOC+BLUE,517,1434.09,93,2.77
LADS ONLY TISSUE BOX,1578,1432.04,102,0.91
MAGNETS PACK OF 4 SWALLOWS,2467,1431.18,225,0.58
FOLDING BUTTERFLY MIRROR HOT PINK,1839,1427.99,128,0.78
12 EGG HOUSE PAINTED WOOD,111,1425.27,64,12.84
BLUE OWL SOFT TOY,489,1423.35,98,2.91
POTTING SHED ROSE CANDLE,445,1423.03,7,3.20
MAGIC DRAWING SLATE DOLLY GIRL,3490,1421.88,180,0.41
CARD MOTORBIKE SANTA,3438,1420.20,176,0.41
FILIGREE HEART DAISY WHITE,1151,1418.59,70,1.23
PAPER CHAIN KIT SKULLS,507,1415.65,73,2.79
VINTAGE UNION JACK PENNANT,725,1413.75,72,1.95
GLASS JAR DIGESTIVE BISCUITS,513,1412.27,94,2.75
DISCO BALL CHRISTMAS DECORATION,12714,1408.56,181,0.11
SPACEBOY CHILDRENS EGG CUP,1118,1405.97,142,1.26
APPLE BATH SPONGE,1102,1400.49,122,1.27
DANISH ROSE PHOTO FRAME,1371,1398.61,95,1.02
SET 12 COLOUR PENCILS DOLLY GIRL,2155,1398.35,178,0.65
FAIRY CAKE BIRTHDAY CANDLE SET,388,1397.40,76,3.60
FRENCH KITCHEN SIGN BLUE METAL,1152,1393.89,121,1.21
WHITE BELL HONEYCOMB PAPER,925,1391.85,39,1.50
SET/3 ROSE CANDLE IN JEWELLED BOX,336,1389.28,65,4.13
SMALL HEART FLOWERS HOOK,1679,1386.75,114,0.83
CLASSIC FRENCH STYLE BASKET GREEN,330,1384.70,69,4.20
CAT BOWL VINTAGE CREAM,425,1377.45,100,3.24
WRAP PAISLEY PARK,3275,1375.50,120,0.42
CAST IRON HOOK GARDEN FORK,513,1371.43,14,2.67
GLAMOROUS  MUG,1269,1370.73,119,1.08
LARGE POPCORN HOLDER,873,1370.45,53,1.57
PENCIL CASE LIFE IS BEAUTIFUL,472,1368.20,93,2.90
SET OF 4 SANTA PLACE SETTINGS,1110,1367.34,90,1.23
EMPIRE GIFT WRAP,3350,1363.00,104,0.41
WOODEN REGATTA BUNTING,229,1362.55,96,5.95
3 WHITE CHOC MORRIS BOXED CANDLES,884,1362.44,90,1.54
3D CHRISTMAS STAMPS STICKERS,1075,1361.95,105,1.27
12 COLOURED PARTY BALLOONS,2090,1360.30,138,0.65
CITRONELLA CANDLE GARDEN POT,1085,1356.25,126,1.25
WHEELBARROW FOR CHILDREN,108,1355.40,65,12.55
MAGIC DRAWING SLATE CIRCUS PARADE,3293,1348.50,163,0.41
CAKE STAND LOVEBIRD 2 TIER WHITE,197,1347.75,70,6.84
CHILDRENS TOY COOKING UTENSIL SET,668,1346.52,120,2.02
PACK OF 6 HANDBAG GIFT BOXES,528,1346.40,76,2.55
IVORY WICKER HEART SMALL,2154,1345.50,95,0.62
ZINC  STAR T-LIGHT HOLDER,1170,1341.54,34,1.15
S/4 PINK FLOWER CANDLES IN BOWL,802,1339.94,123,1.67
KINGS CHOICE TEA CADDY,455,1338.33,109,2.94
RED RETROSPOT PUDDING BOWL,326,1337.50,56,4.10
IVORY CAFE HANGING LAMP,114,1330.50,43,11.67
WRAP VINTAGE PETALS  DESIGN,3275,1327.50,103,0.41
DRAWER KNOB CERAMIC BLACK,941,1323.65,77,1.41
CARD BIRTHDAY COWBOY,3355,1319.85,154,0.39
SET/6 PURPLE BUTTERFLY T-LIGHTS,689,1318.98,91,1.91
WOODLAND DESIGN  COTTON TOTE BAG,586,1318.50,82,2.25
KINGS CHOICE BISCUIT TIN,320,1315.60,86,4.11
STRAWBERRY CERAMIC TRINKET POT,1038,1314.54,75,1.27
TOOL BOX SOFT TOY,140,1314.44,81,9.39
CARD I LOVE LONDON,3309,1312.12,149,0.40
SET OF 3 BABUSHKA STACKING TINS,265,1311.75,8,4.95
HANGING HEN ON NEST DECORATION,795,1311.75,87,1.65
DIAMANTE RING ASSORTED IN BOX.,1008,1311.36,22,1.30
CARD HOLDER LOVE BIRD LARGE,218,1310.90,74,6.01
DINOSAUR KEYRINGS ASSORTED,6354,1310.25,130,0.21
ZINC BOX SIGN HOME,135,1308.21,61,9.69
WICKER WREATH LARGE,694,1307.36,123,1.88
CHOCOLATE CALCULATOR,785,1306.73,115,1.66
VINTAGE BILLBOARD TEA MUG,1167,1305.99,50,1.12
GIN & TONIC DIET GREETING CARD,3181,1305.78,188,0.41
6 RIBBONS EMPIRE,1035,1304.37,113,1.26
CHRISTMAS RETROSPOT STAR WOOD,1540,1303.54,143,0.85
CHRISTMAS TABLE SILVER CANDLE SPIKE,1606,1303.54,74,0.81
OCEAN SCENT CANDLE IN JEWELLED BOX,570,1301.94,72,2.28
SET OF 4 ENGLISH ROSE COASTERS,1063,1295.59,144,1.22
36 DOILIES DOLLY GIRL,893,1294.85,73,1.45
"SWISS ROLL TOWEL, CHOCOLATE  SPOTS",789,1291.55,50,1.64
VINTAGE RED TRIM ENAMEL BOWL,1049,1291.09,85,1.23
FRYING PAN RED RETROSPOT,375,1290.25,95,3.44
MAGNETS PACK OF 4 CHILDHOOD MEMORY,1112,1287.40,85,1.16
FRENCH BLUE METAL DOOR SIGN 1,1023,1282.39,130,1.25
METAL DECORATION NAUGHTY CHILDREN,1450,1281.46,97,0.88
SILVER MUG BONE CHINA TREE OF LIFE,1126,1279.89,98,1.14
BAG 500g SWIRLY MARBLES,1365,1279.41,109,0.94
CARD CHRISTMAS VILLAGE,3066,1279.08,159,0.42
WALL ART VINTAGE HEART,327,1278.87,27,3.91
FLOWER VINE RAFFIA FOOD COVER,338,1278.63,114,3.78
HANGING HEART MIRROR DECORATION,1968,1276.20,170,0.65
PACK OF 12 50'S CHRISTMAS TISSUES,3419,1272.93,144,0.37
MULTICOLOUR HONEYCOMB PAPER GARLAND,1010,1272.90,39,1.26
CARD CIRCUS PARADE,3088,1272.27,214,0.41
ROSE SCENT CANDLE IN JEWELLED BOX,315,1271.67,54,4.04
CHARLIE + LOLA RED HOT WATER BOTTLE,630,1271.20,129,2.02
RED RETROSPOT SHOPPING BAG,504,1269.36,76,2.52
CIRCUS PARADE CHILDRENS EGG CUP,1011,1268.59,111,1.25
COFFEE MUG BLUE PAISLEY DESIGN,744,1268.06,47,1.70
BOX OF 6 ASSORTED COLOUR TEASPOONS,295,1267.99,73,4.30
TRAVEL CARD WALLET TRANSPORT,3020,1265.52,204,0.42
PANTRY PASTRY BRUSH,1009,1263.30,143,1.25
BALLOONS  WRITING SET,760,1262.20,187,1.66
PARTY CONE CHRISTMAS DECORATION,1505,1260.53,88,0.84
MOUSE TOY WITH PINK T-SHIRT,335,1260.05,120,3.76
CARD HOLDER LOVE BIRD SMALL,320,1255.76,63,3.92
4 VANILLA BOTANICAL CANDLES,900,1252.50,121,1.39
FOLKART STAR CHRISTMAS DECORATIONS,2993,1252.41,84,0.42
CARDHOLDER GINGHAM CHRISTMAS TREE,374,1250.84,63,3.34
POTTING SHED CANDLE CITRONELLA,402,1250.82,2,3.11
HEART DECORATION PAINTED ZINC,2024,1250.20,123,0.62
SUNSET CHECK HAMMOCK,167,1249.65,40,7.48
PINK PAPER PARASOL,428,1248.28,78,2.92
PLAYING CARDS I LOVE LONDON,1065,1247.25,104,1.17
PACK OF 6 SKULL PAPER CUPS,2038,1246.94,146,0.61
PAPER CHAIN KIT LONDON,438,1246.94,81,2.85
PACK OF 6 LARGE FRUIT STRAWS,2108,1246.57,113,0.59
MAKE YOUR OWN PLAYTIME CARD KIT,628,1245.88,88,1.98
VINTAGE CHRISTMAS PAPER GIFT BAG,1563,1241.66,88,0.79
CLASSIC FRENCH STYLE BASKET BROWN,296,1240.44,66,4.19
TV DINNER TRAY VINTAGE PAISLEY,437,1239.39,79,2.84
ASS FLORAL PRINT MULTI SCREWDRIVER,2718,1236.61,159,0.45
LIPSTICK PEN RED,2812,1236.12,157,0.44
TV DINNER TRAY DOLLY GIRL,293,1234.07,80,4.21
APRON APPLE DELIGHT,256,1232.20,61,4.81
FRENCH ENAMEL POT W LID,550,1230.36,86,2.24
CHARLIE & LOLA WASTEPAPER BIN FLORA,977,1228.25,106,1.26
SKULL DESIGN TV DINNER TRAY,281,1225.95,109,4.36
SAVOY ART DECO CLOCK,229,1225.75,43,5.35
CALENDAR IN SEASON DESIGN,478,1225.49,67,2.56
VINTAGE RED ENAMEL TRIM PLATE,760,1225.20,65,1.61
WOOD STAMP SET THANK YOU,1277,1224.14,198,0.96
WHITE HANGING BEADS CANDLE HOLDER,235,1223.15,47,5.20
ROCOCO WALL MIRROR WHITE,64,1222.80,35,19.11
YELLOW COAT RACK PARIS FASHION,270,1222.74,90,4.53
SAVE THE PLANET COTTON TOTE BAG,543,1221.75,115,2.25
SWALLOW WOODEN CHRISTMAS DECORATION,1419,1218.63,125,0.86
PORCELAIN ROSE SMALL,1560,1218.36,46,0.78
CHERRY BLOSSOM  DECORATIVE FLASK,329,1216.47,91,3.70
DAIRY MAID TRADITIONAL TEAPOT,177,1216.15,84,6.87
PENS ASSORTED SPACEBALL,5600,1213.04,117,0.22
SET OF 4 ROSE BOTANICAL CANDLES,811,1211.25,124,1.49
FRYING PAN PINK POLKADOT,326,1209.54,76,3.71
SET OF 4 KNICK KNACK TINS LEAVES,297,1208.15,50,4.07
PENNY FARTHING BIRTHDAY CARD,2915,1203.49,185,0.41
REINDEER HEART DECORATION SILVER,1413,1201.75,107,0.85
WALL ART VILLAGE SHOW,227,1201.61,56,5.29
PIG KEYRING WITH LIGHT & SOUND,1292,1201.34,41,0.93
GROW YOUR OWN HERBS SET OF 3,151,1200.45,78,7.95
SILK PURSE BABUSHKA PINK,359,1197.58,86,3.34
4 LAVENDER BOTANICAL DINNER CANDLES,840,1195.00,100,1.42
UNION JACK FLAG PASSPORT COVER,610,1192.44,96,1.95
SINGLE WIRE HOOK IVORY HEART,863,1191.75,74,1.38
HANGING CHICK GREEN DECORATION,821,1190.45,82,1.45
HERB MARKER ROSEMARY,1846,1187.90,189,0.64
SET/10 IVORY POLKADOT PARTY CANDLES,951,1185.81,96,1.25
Next Day Carriage,78,1185.00,78,15.19
OVERNIGHT BAG VINTAGE ROSE PAISLEY,239,1183.05,80,4.95
STRAWBERRY BATH SPONGE,929,1180.61,125,1.27
SET 12 COLOURING PENCILS DOILY,1874,1179.70,137,0.63
VINTAGE UNION JACK DOORSTOP,202,1178.90,81,5.84
MIRROR CORNICE,80,1178.40,52,14.73
PAPER BUNTING VINTAGE PARTY,421,1177.95,42,2.80
"FEATHER PEN,COAL BLACK",2450,1175.58,109,0.48
"KEY FOB , FRONT  DOOR",1907,1171.53,160,0.61
WRAP CIRCUS PARADE,2827,1171.34,99,0.41
SET/4 SPRING FLOWER DECORATION,1045,1164.35,93,1.11
HERB MARKER THYME,1807,1162.55,186,0.64
12 PENCILS TALL TUBE POSY,3785,1162.05,166,0.31
SET OF 16 VINTAGE PISTACHIO CUTLERY,91,1160.25,47,12.75
METAL MERRY CHRISTMAS WREATH,622,1160.10,76,1.87
HERB MARKER BASIL,1802,1159.30,186,0.64
GARLAND WITH STARS AND BELLS,244,1157.40,39,4.74
PACK OF 20 SPACEBOY NAPKINS,1488,1150.38,114,0.77
HANGING ENGRAVED METAL HEART,277,1149.55,71,4.15
LARGE ROUND WICKER PLATTER,193,1148.35,89,5.95
SET OF 4 DIAMOND NAPKIN RINGS,145,1146.97,22,7.91
GROW YOUR OWN FLOWERS SET OF 3,288,1146.00,71,3.98
HEART CALCULATOR,1005,1145.88,86,1.14
SET OF 72 SKULL PAPER  DOILIES,816,1144.80,66,1.40
"KEY FOB , BACK DOOR",1746,1142.86,234,0.65
BASKET OF TOADSTOOLS,914,1142.50,76,1.25
"KEY FOB , GARAGE DESIGN",1872,1141.92,103,0.61
SMALL WHITE RETROSPOT MUG IN BOX,431,1140.79,70,2.65
FIVE HEART HANGING DECORATION,389,1140.35,87,2.93
WRAP DOLLY GIRL,2750,1139.00,98,0.41
HOME SWEET HOME 2 DRAWER CABINET,237,1137.95,57,4.80
ORGANISER WOOD ANTIQUE WHITE,135,1137.30,73,8.42
TOY TIDY DOLLY GIRL DESIGN,622,1136.18,100,1.83
CERAMIC PIRATE CHEST MONEY BANK,800,1136.00,106,1.42
WOODLAND BUNNIES LOLLY MAKERS,566,1135.52,75,2.01
6 ROCKET BALLOONS,1704,1135.20,154,0.67
VINTAGE SEASIDE JIGSAW PUZZLES,303,1135.03,88,3.75
FOLDING UMBRELLA RED/WHITE POLKADOT,229,1134.58,68,4.95
ANTIQUE ALL GLASS CANDLESTICK,567,1133.30,80,2.00
"WHITE TEA,COFFEE,SUGAR JARS",621,1132.55,58,1.82
DOLLY GIRL CHILDRENS EGG CUP,905,1132.46,111,1.25
PACK OF 12 PINK POLKADOT TISSUES,3985,1129.79,155,0.28
MINI PLAYING CARDS BUFFALO BILL,2841,1129.02,101,0.40
SNOWFLAKE PORTABLE TABLE LIGHT,367,1128.09,80,3.07
IVORY WIRE KITCHEN ORGANISER,115,1127.25,35,9.80
SPACEBOY ROCKET LOLLY MAKERS,568,1125.76,77,1.98
VINTAGE EMBOSSED HEART,904,1124.96,84,1.24
FRIDGE MAGNETS US DINER ASSORTED,1344,1124.70,85,0.84
POLKADOT COFFEE CUP & SAUCER PINK,1411,1121.89,62,0.80
CHRISTMAS METAL POSTCARD WITH BELLS,2692,1121.26,56,0.42
ENGLISH ROSE NOTEBOOK A7 SIZE,2665,1120.12,219,0.42
LARGE CAKE STAND HANGING HEARTS,233,1118.95,34,4.80
GIN AND TONIC DIET METAL SIGN,474,1118.46,37,2.36
CERAMIC BOWL WITH STRAWBERRY DESIGN,541,1118.35,78,2.07
MINI PLAYING CARDS SPACEBOY,2718,1116.36,127,0.41
HERB MARKER PARSLEY,1764,1114.60,186,0.63
MEDINA STAMPED METAL STOOL,29,1108.55,14,38.23
NATURAL HANGING QUILTED HEARTS,1420,1107.32,66,0.78
SET OF 6 3D KIT CARDS FOR KIDS,1322,1107.08,147,0.84
SMALL RED BABUSHKA NOTEBOOK,1802,1106.44,194,0.61
RIBBON REEL SOCKS AND MITTENS,673,1106.13,86,1.64
CERAMIC CAKE DESIGN SPOTTED PLATE,757,1104.89,76,1.46
SET OF 36 DOILIES SPACEBOY DESIGN,800,1102.40,56,1.38
LOVE LARGE WOOD LETTERS,89,1102.35,53,12.39
DINOSAUR PARTY BAG + STICKER SET,684,1101.44,91,1.61
SANDALWOOD FAN,1519,1099.15,68,0.72
TV DINNER TRAY AIR HOSTESS,360,1097.68,64,3.05
MEASURING TAPE BABUSHKA PINK,388,1094.80,66,2.82
BLUE POLKADOT BEAKER,2806,1094.34,77,0.39
4 PEAR BOTANICAL DINNER CANDLES,755,1093.75,104,1.45
HANGING PHOTO CLIP ROPE LADDER,692,1092.88,52,1.58
ASSORTED BOTTLE TOP  MAGNETS,2898,1091.76,130,0.38
CHRISTMAS RETROSPOT TREE WOOD,1295,1089.83,125,0.84
BLUE POLKADOT GARDEN PARASOL,146,1088.70,50,7.46
MAGIC SHEEP WOOL GROWING FROM PAPER,1092,1088.00,93,1.00
WALL ART LOVES' SECRET,229,1082.11,33,4.73
KITCHEN METAL SIGN,1944,1081.96,219,0.56
FRENCH BLUE METAL DOOR SIGN 2,863,1078.76,111,1.25
EUCALYPTUS & PINECONE  WREATH,305,1078.15,36,3.53
ANT WHITE WIRE HEART SPIRAL,286,1076.66,64,3.76
SET OF 2 CERAMIC CHRISTMAS TREES,755,1075.55,76,1.42
EMBROIDERED RIBBON REEL DAISY,558,1075.38,59,1.93
CARD GINGHAM ROSE,2678,1073.74,140,0.40
LAVENDER TOILETTE BOTTLE,534,1068.96,60,2.00
50'S CHRISTMAS PAPER GIFT BAG,1327,1068.14,88,0.80
PINK HANGING HEART T-LIGHT HOLDER,663,1068.13,65,1.61
HERB MARKER MINT,1657,1065.05,191,0.64
EMERGENCY FIRST AID TIN,857,1061.39,110,1.24
EMBROIDERED RIBBON REEL SUSIE,550,1060.48,61,1.93
VINTAGE BILLBOARD MUG,1033,1059.79,77,1.03
BIRDS MOBILE VINTAGE DESIGN,176,1058.56,66,6.01
GLITTER HEART DECORATION,2435,1056.73,129,0.43
SMALL HAMMERED SILVER CANDLEPOT,358,1056.10,43,2.95
AIRLINE BAG VINTAGE JET SET BROWN,253,1056.05,96,4.17
DOLLY GIRL WALL ART,318,1055.94,11,3.32
FAUX FUR CHOCOLATE THROW,66,1055.70,34,16.00
GLITTER CHRISTMAS STAR,2465,1054.63,118,0.43
LARGE CHINESE STYLE SCISSOR,1273,1053.45,65,0.83
SET 36 COLOUR PENCILS LOVE LONDON,901,1053.29,95,1.17
HERB MARKER CHIVES,1636,1051.40,165,0.64
EMBROIDERED RIBBON REEL EMILY,526,1050.58,85,2.00
MINI JIGSAW DOLLY GIRL,2824,1050.41,85,0.37
ROCKING HORSE GREEN CHRISTMAS,1265,1050.29,126,0.83
CHARLIE AND LOLA TABLE TINS,513,1048.35,60,2.04
PRETTY HANGING QUILTED HEARTS,1274,1046.86,70,0.82
BIG DOUGHNUT FRIDGE MAGNETS,1230,1045.50,84,0.85
FLOWERS CHANDELIER T-LIGHT HOLDER,386,1045.34,32,2.71
CHARLIE+LOLA PINK HOT WATER BOTTLE,425,1042.11,104,2.45
TRAVEL CARD WALLET UNION JACK,2479,1039.74,179,0.42
RED RETROSPOT STORAGE JAR,290,1037.10,44,3.58
LOVE HEART TRINKET POT,2248,1035.38,131,0.46
SET OF 16 VINTAGE BLACK CUTLERY,87,1035.06,22,11.90
ASSORTED CREEPY CRAWLIES,2455,1033.15,83,0.42
CHERUB HEART DECORATION SILVER,1225,1030.67,66,0.84
OVAL WALL MIRROR DIAMANTE,118,1030.10,55,8.73
WRAP  VINTAGE DOILY,2450,1029.00,93,0.42
EMBROIDERED RIBBON REEL SOPHIE,292,1028.76,40,3.52
70'S ALPHABET WALL ART,148,1026.60,14,6.94
NO JUNK MAIL METAL SIGN,1785,1021.23,166,0.57
HANGING FAIRY CAKE DECORATION,580,1018.74,31,1.76
VINTAGE UNION JACK SHOPPING BAG,219,1016.85,40,4.64
MINI PLAYING CARDS DOLLY GIRL,2476,1014.72,106,0.41
SMALL PURPLE BABUSHKA NOTEBOOK,1577,1012.78,193,0.64
ANGEL DECORATION STARS ON DRESS,2459,1012.62,86,0.41
HANGING CLEAR MINI BOTTLE,1710,1012.02,34,0.59
TRELLIS COAT RACK,216,1011.60,45,4.68
"AIRLINE LOUNGE,METAL SIGN",497,1011.41,149,2.04
JUNGLE POPSICLES ICE LOLLY MOULDS,809,1011.16,95,1.25
SPACEBOY TV DINNER TRAY,244,1009.04,83,4.14
WALL ART MID CENTURY MODERN,163,1007.53,19,6.18
SILVER HEARTS TABLE DECORATION,1245,1006.95,139,0.81
SCHOOL DESK AND CHAIR,16,1004.75,11,62.80
PACK OF 12 PINK PAISLEY TISSUES,3309,1003.95,157,0.30
MAGNETS PACK OF 4 VINTAGE COLLAGE,1699,1000.64,143,0.59
DISCO BALL ROTATOR BATTERY OPERATED,236,1000.00,99,4.24
RED RETROSPOT PURSE,340,998.20,73,2.94
ZINC  HEART T-LIGHT HOLDER,830,997.18,49,1.20
MILK PAN RED RETROSPOT,310,996.13,91,3.21
MISELTOE HEART WREATH CREAM,240,996.00,1,4.15
CHRISTMAS HANGING TREE WITH BELL,1859,995.30,85,0.54
DRAWER KNOB VINTAGE GLASS STAR,492,994.09,52,2.02
SET 12 COLOUR PENCILS LOVE LONDON,1531,992.75,128,0.65
HEART MINI PORTRAIT FRAME,510,990.90,81,1.94
PACK OF 12 VINTAGE CHRISTMAS TISSUE,2618,990.78,112,0.38
GLASS JAR PEACOCK BATH SALTS,349,987.23,81,2.83
SWEETHEART WALL TIDY,106,987.18,42,9.31
HOME SMALL WOOD LETTERS,199,985.05,87,4.95
PENS ASSORTED FUNKY JEWELED,4933,984.73,84,0.20
RED FLOWER CROCHET FOOD COVER,267,982.49,91,3.68
FRENCH BLUE METAL DOOR SIGN No,847,982.20,72,1.16
DINOSAURS  WRITING SET,589,980.05,168,1.66
CABIN BAG VINTAGE PAISLEY,52,979.80,15,18.84
RIBBON REEL FLORA + FAUNA,585,978.37,88,1.67
HANGING QUILTED PATCHWORK APPLES,1179,973.29,80,0.83
GARLAND WITH HEARTS AND BELLS,204,967.80,39,4.74
PLACE SETTING WHITE STAR,2351,967.55,93,0.41
GLITTER HEART GARLAND WITH BELLS,261,967.34,55,3.71
CHARLIE + LOLA BISCUITS TINS,455,967.25,51,2.13
"HOOK, 1 HANGER ,MAGIC GARDEN",1199,966.11,56,0.81
VINTAGE KID DOLLY CARD,2381,966.07,144,0.41
I LOVE LONDON BEAKER,799,964.75,68,1.21
CAKE STAND LOVEBIRD 2 TIER PINK,124,964.40,44,7.78
GREY FLORAL FELTCRAFT SHOULDER BAG,257,963.75,75,3.75
CAST IRON HOOK GARDEN TROWEL,375,962.73,15,2.57
TOAST ITS - I LOVE YOU,777,961.65,107,1.24
FOLDING BUTTERFLY MIRROR RED,1252,961.28,89,0.77
BROWN CHECK CAT DOORSTOP,232,960.75,93,4.14
PACK OF 6 COCKTAIL PARASOL STRAWS,2465,960.42,87,0.39
PACK OF 12 SPACEBOY TISSUES,2945,956.61,169,0.32
SILVER RECORD COVER FRAME,272,955.86,19,3.51
PIZZA PLATE IN BOX,289,952.48,68,3.30
DRAWER KNOB CERAMIC RED,685,952.45,59,1.39
MEASURING TAPE BABUSHKA BLUE,334,951.70,46,2.85
SET OF 16 VINTAGE SKY BLUE CUTLERY,78,951.30,30,12.20
FRIDGE MAGNETS LES ENFANTS ASSORTED,1155,950.55,73,0.82
LARGE RED BABUSHKA NOTEBOOK,1009,950.46,113,0.94
"ART LIGHTS,FUNK MONKEY",355,950.45,47,2.68
ZINC HEART FLOWER T-LIGHT HOLDER,760,947.18,57,1.25
FRENCH GARDEN SIGN BLUE METAL,760,945.58,109,1.24
ASSORTED EASTER GIFT TAGS,1156,945.16,58,0.82
LARGE PURPLE BABUSHKA NOTEBOOK,1122,942.02,127,0.84
POLKA DOT RAFFIA FOOD COVER,250,941.21,71,3.76
CARDHOLDER GINGHAM STAR,323,940.49,57,2.91
EMBROIDERED RIBBON REEL RACHEL,352,940.48,40,2.67
DANISH ROSE ROUND SEWING BOX,808,939.04,61,1.16
YELLOW METAL CHICKEN HEART,676,938.12,60,1.39
HOME SWEET HOME 3 PEG HANGER,256,937.92,51,3.66
SET OF 6 KASHMIR FOLKART BAUBLES,516,937.20,70,1.82
VINTAGE BILLBOARD DRINK ME MUG,765,936.94,93,1.22
KIDS RAIN MAC BLUE,1203,936.93,66,0.78
WALL ART BUFFALO BILL,322,936.42,29,2.91
WALL ART GARDEN HAVEN,210,936.34,31,4.46
SMALL HANGING IVORY/RED WOOD BIRD,2210,935.99,156,0.42
EASTER TIN CHICKS PINK DAISY,567,935.55,85,1.65
GROW YOUR OWN PLANT IN A CAN,763,935.51,33,1.23
12 IVORY ROSE PEG PLACE SETTINGS,747,933.75,89,1.25
WRAP GINGHAM ROSE,2251,933.42,81,0.41
DECORATIVE WICKER HEART SMALL,1492,932.28,81,0.62
SILVER PLATE CANDLE BOWL SMALL,316,932.20,39,2.95
EASTER TIN BUCKET,405,931.95,38,2.30
APRON MODERN VINTAGE COTTON,443,931.85,57,2.10
SET OF 2 CHRISTMAS DECOUPAGE CANDLE,1024,931.40,93,0.91
MINI FUNKY DESIGN TAPES,1226,930.30,61,0.76
FRENCH BLUE METAL DOOR SIGN 3,741,928.68,101,1.25
AIRLINE BAG VINTAGE WORLD CHAMPION,219,926.83,99,4.23
5 HOOK HANGER MAGIC TOADSTOOL,607,924.75,26,1.52
RAINY LADIES BIRTHDAY CARD,2292,923.95,128,0.40
EMBROIDERED RIBBON REEL ROSIE,485,923.54,49,1.90
EMPIRE TISSUE BOX,1945,922.79,130,0.47
EGG CUP MILKMAID HEIDI,786,922.02,46,1.17
4 IVORY DINNER CANDLES SILVER FLOCK,453,921.39,96,2.03
RED RETROSPOT TISSUE BOX,2051,919.20,144,0.45
TEA PARTY  WRAPPING PAPER,2225,918.50,74,0.41
CUT GLASS HEXAGON T-LIGHT HOLDER,530,918.06,9,1.73
PORCELAIN T-LIGHT HOLDERS ASSORTED,730,916.13,59,1.25
TRAVEL CARD WALLET SUKI,2188,916.08,181,0.42
MINI JIGSAW CIRCUS PARADE,2451,915.78,65,0.37
MUSICAL ZINC HEART DECORATION,2465,915.03,111,0.37
200 RED + WHITE BENDY STRAWS,761,914.77,119,1.20
STAR DECORATION PAINTED ZINC,4161,914.01,115,0.22
PANTRY CHOPPING BOARD,196,912.60,41,4.66
WHITE TALL PORCELAIN T-LIGHT HOLDER,385,909.75,51,2.36
ZINC SWEETHEART WIRE LETTER RACK,244,908.63,77,3.72
ORANGE TV TRAY TABLE,461,908.15,24,1.97
SET/4 SKULL BADGES,728,906.20,80,1.24
STAR DECORATION RUSTIC,2155,905.10,84,0.42
GLASS JAR MARMALADE,328,903.24,55,2.75
CAKE PLATE LOVEBIRD PINK,315,902.85,42,2.87
MINI PLAYING CARDS GYMKHANA,2298,902.16,95,0.39
ANIMALS AND NATURE WALL ART,261,901.47,16,3.45
SET OF 6 T-LIGHTS EASTER CHICKS,320,899.80,54,2.81
BOUDOIR SQUARE TISSUE BOX,1921,897.68,142,0.47
ADULT APRON APPLE DELIGHT,180,896.88,40,4.98
EMBROIDERED RIBBON REEL SALLY,452,896.66,61,1.98
WALL ART DOLLY GIRL,311,896.37,19,2.88
HOME SWEET HOME BOTTLE,437,895.04,60,2.05
FRENCH BLUE METAL DOOR SIGN 5,715,894.97,98,1.25
ICE CREAM DESIGN GARDEN PARASOL,193,894.35,30,4.63
BLACK ENCHANTED FOREST PLACEMAT,585,893.25,42,1.53
SKULLS  STICKERS,1054,891.22,87,0.85
DANISH ROSE FOLDING CHAIR,112,890.40,25,7.95
TOAST ITS - BEST MUM,753,888.45,68,1.18
SKULLS WRITING SET,538,887.70,145,1.65
FRIDGE MAGNETS LA VIE EN ROSE,1062,887.10,72,0.84
SPACEBOY WALL ART,306,885.90,13,2.90
"FEATHER PEN,LIGHT PINK",1852,885.66,103,0.48
LARGE MEDINA STAMPED METAL BOWL,177,881.16,50,4.98
FANNY'S REST STOPMETAL SIGN,421,879.18,85,2.09
WALL ART THE MAGIC FOREST,144,876.64,9,6.09
VANILLA INCENSE IN TIN,2066,876.34,87,0.42
MEDIUM MEDINA STAMPED METAL BOWL,297,876.15,48,2.95
WHITE HEARTS WIRE PLANT POT HOLDER,324,873.56,59,2.70
SLEEPING CAT ERASERS,4538,873.48,161,0.19
TRAVEL CARD WALLET RETROSPOT,2083,873.42,159,0.42
ROSE 1 WICK MORRIS BOXED CANDLE,562,871.52,75,1.55
PINK POLKADOT GARDEN PARASOL,115,866.25,41,7.53
CREAM SWEETHEART LETTER RACK,205,866.05,23,4.22
WRAP RED VINTAGE DOILY,2100,866.00,68,0.41
BLUE PAPER PARASOL,307,865.65,48,2.82
IVORY HANGING DECORATION  BIRD,1018,865.30,94,0.85
3D DOG PICTURE PLAYING CARDS,293,864.35,60,2.95
ENGLISH ROSE SPIRIT LEVEL,948,860.88,92,0.91
EMBROIDERED RIBBON REEL REBECCA,312,860.88,51,2.76
"NURSERY A,B,C PAINTED LETTERS",192,859.20,67,4.48
WHITE SOAP RACK WITH 2 BOTTLES,160,858.40,41,5.37
SET OF 6 FUNKY BEAKERS,300,854.04,51,2.85
"ELEPHANT, BIRTHDAY CARD,",2102,854.04,125,0.41
PINK METAL CHICKEN HEART,635,853.99,51,1.34
WALL ART WORK REST AND PLAY,205,853.47,26,4.16
HEART DECORATION RUSTIC HANGING,4119,852.77,152,0.21
4 LILY  BOTANICAL DINNER CANDLES,473,851.75,76,1.80
WICKER WREATH SMALL,695,850.87,96,1.22
RED RETROSPOT BIG BOWL,175,849.45,39,4.85
FRENCH LAVENDER SCENT HEART,972,849.15,74,0.87
PARTY INVITES WOODLAND,1037,845.57,86,0.82
3 GARDENIA MORRIS BOXED CANDLES,492,844.04,67,1.72
JAM CLOCK MAGNET,311,842.61,54,2.71
IVORY KNITTED MUG COSY,531,841.79,51,1.59
BOX OF 9 PEBBLE CANDLES,447,841.65,76,1.88
SET OF 2 TINS JARDIN DE PROVENCE,240,840.20,85,3.50
BOOM BOX SPEAKER GIRLS,487,839.05,40,1.72
3D HEARTS  HONEYCOMB PAPER GARLAND,294,838.50,33,2.85
CLOCK MAGNET MUM'S KITCHEN,304,837.88,40,2.76
SMALL SILVER FLOWER CANDLE POT,283,834.85,35,2.95
WRAP COWBOYS,2025,834.50,68,0.41
MARIE ANTOINETTE TRINKET BOX GOLD,244,833.60,14,3.42
WHITE HEART CONFETTI IN TUBE,868,832.20,47,0.96
DOLLY MIXTURE CHILDREN'S UMBRELLA,255,832.13,64,3.26
TRAVEL CARD WALLET SKULLS,1982,831.00,136,0.42
WIRE EGG BASKET,110,827.50,40,7.52
BALLOON ART MAKE YOUR OWN FLOWERS,900,825.24,68,0.92
PLAYING CARDS VINTAGE DOILY,677,822.73,85,1.22
BUFFALO BILL WALL ART,240,822.72,14,3.43
WOOD STAMP SET BEST WISHES,914,822.57,142,0.90
CHEST 7 DRAWER MA CAMPAGNE,34,821.30,24,24.16
AIRLINE BAG VINTAGE JET SET WHITE,193,820.69,82,4.25
CHOCOLATE 3 WICK MORRIS BOX CANDLE,558,820.50,43,1.47
FRENCH CARRIAGE LANTERN,126,819.00,52,6.50
SET/3 DECOUPAGE STACKING TINS,172,817.80,52,4.75
SMALL REGAL  SILVER CANDLEPOT,303,817.05,20,2.70
RED HEARTS LIGHT CHAIN,428,816.44,36,1.91
CHERRY CROCHET FOOD COVER,215,813.67,78,3.78
SET/3 CHRISTMAS DECOUPAGE CANDLES,803,812.51,30,1.01
FRENCH STYLE STORAGE JAR CAFE,1976,811.96,69,0.41
TREASURE AHOY WALL ART,264,810.96,15,3.07
HOT BATHS SOAP HOLDER,479,809.51,102,1.69
MOTORING TISSUE BOX,1828,806.76,153,0.44
CHARLIE & LOLA WASTEPAPER BIN BLUE,657,805.75,81,1.23
MULTICOLOUR SPRING FLOWER MUG,2042,803.74,63,0.39
SET OF 16 VINTAGE RED CUTLERY,61,802.17,30,13.15
GOLD MUG BONE CHINA TREE OF LIFE,699,799.25,59,1.14
FRENCH BLUE METAL DOOR SIGN 4,637,798.07,90,1.25
EGG FRYING PAN RED,393,795.36,89,2.02
LIPSTICK PEN FUSCHIA,1925,795.20,120,0.41
BLUE POT PLANT CANDLE,263,794.45,37,3.02
PING MICROWAVE APRON,443,794.39,72,1.79
BLUE POLKADOT COFFEE MUG,1951,793.38,60,0.41
BLUE SAVANNAH PICNIC HAMPER FOR 2,69,793.35,17,11.50
WOOD STAMP SET HAPPY BIRTHDAY,813,792.86,120,0.98
NINE DRAWER OFFICE TIDY,55,792.85,30,14.42
WHITE GOOSE FEATHER CHRISTMAS TREE,268,790.60,50,2.95
ASSORTED TUTTI FRUTTI SMALL PURSE,654,790.14,31,1.21
FELT EGG COSY CHICKEN,924,788.52,90,0.85
JIGSAW TREE WITH BIRDHOUSE,845,788.37,104,0.93
TEA TIME DES TEA COSY,318,788.11,74,2.48
LARGE WHITE HONEYCOMB PAPER BELL,394,788.04,44,2.00
WRAP GREEN PEARS,1875,787.50,73,0.42
ZINC HEART LATTICE T-LIGHT HOLDER,647,785.47,62,1.21
LOCAL CAFE MUG,566,785.13,52,1.39
HEART SHAPE WIRELESS DOORBELL,439,784.14,43,1.79
PURPLE PAPER PARASOL,272,782.40,60,2.88
SMALL POLKADOT CHOCOLATE GIFT BAG,920,782.00,40,0.85
GLITTER STAR GARLAND WITH BELLS,211,780.45,39,3.70
ASSORTED TUTTI FRUTTI PEN,2380,780.36,89,0.33
REINDEER HEART DECORATION GOLD,930,775.26,77,0.83
SMALL CHOCOLATES PINK BOWL,1662,775.02,158,0.47
HORSE & PONY WALL ART,250,774.81,16,3.10
PACK OF 12 VINTAGE DOILY TISSUES,2063,774.33,91,0.38
TRAVEL CARD WALLET PANTRY,1838,773.60,122,0.42
FRENCH BLUE METAL DOOR SIGN 6,617,773.07,80,1.25
FRENCH ENAMEL WATER BASIN,290,771.21,79,2.66
"SWISS ROLL TOWEL, PINK  SPOTS",579,769.65,19,1.33
MINI JIGSAW PURDEY,2064,767.41,58,0.37
BLUE POLKADOT WASHING UP GLOVES,365,766.50,113,2.10
GINGHAM ROSE WRAP,1825,766.50,72,0.42
SPOTTY PINK DUCK DOORSTOP,225,764.91,65,3.40
SKULLS GREETING CARD,1884,763.20,96,0.41
CARD SUKI BIRTHDAY,1858,763.08,126,0.41
FAIRY CAKES NOTEBOOK A6 SIZE,1272,762.99,108,0.60
RED LOVE HEART SHAPE CUP,923,762.71,82,0.83
WHITE STITCHED WALL CLOCK,837,761.90,36,0.91
HIPPY CHIC DECORATIVE PARASOL,155,761.85,16,4.92
WRAP ALPHABET POSTER,1850,761.00,63,0.41
FRENCH BLUE METAL DOOR SIGN 7,608,760.61,78,1.25
BOOM BOX SPEAKER BOYS,176,760.50,54,4.32
ASSORTED INCENSE PACK,4032,760.32,27,0.19
RELAX LARGE WOOD LETTERS,127,759.65,26,5.98
HAPPY EASTER HANGING DECORATION,207,758.97,41,3.67
"BIRTHDAY CARD, RETRO SPOT",1848,758.88,126,0.41
PANTRY 3 HOOK ROLLING PIN HANGER,202,757.50,51,3.75
CHRISTMAS DECOUPAGE CANDLE,1785,756.85,62,0.42
SET OF 2 TINS VINTAGE BATHROOM,178,756.50,59,4.25
WRAP BILLBOARD FONTS DESIGN,1800,756.00,62,0.42
BIRDCAGE DECORATION TEALIGHT HOLDER,638,755.32,65,1.18
SCENTED VELVET LOUNGE CANDLE,1788,755.13,54,0.42
EMBROIDERED RIBBON REEL CLAIRE,219,755.01,19,3.45
6 RIBBONS SHIMMERING PINKS,989,754.79,74,0.76
STAR PORTABLE TABLE LIGHT,275,753.65,31,2.74
APOTHECARY MEASURING JAR,64,751.40,21,11.74
PHOTO FRAME LINEN AND LACE LARGE,202,749.22,40,3.71
JOY WOODEN BLOCK LETTERS,219,748.83,78,3.42
CARD PSYCHEDELIC APPLES,1810,747.24,113,0.41
PINK  HEART CONFETTI IN TUBE,816,746.40,47,0.91
SET OF 6 HEART CHOPSTICKS,596,743.98,82,1.25
MAGIC DRAWING SLATE DINOSAUR,1770,743.40,134,0.42
SET 6 FOOTBALL CELEBRATION CANDLES,594,742.50,64,1.25
CHILDS GARDEN BRUSH PINK,370,741.00,65,2.00
MOBILE VINTAGE HEARTS,150,740.40,57,4.94
TOMATO CHARLIE+LOLA COASTER SET,477,739.19,61,1.55
WOOD STAMP SET FLOWERS,735,738.78,125,1.01
HANGING SPRING FLOWER EGG LARGE,889,736.93,55,0.83
VINTAGE BEAD PINK PURSE,766,736.58,58,0.96
SET/5 RED SPOTTY LID GLASS BOWLS,288,734.40,1,2.55
SMALL BONNE JAM JAR  T-LIGHT HOLDER,386,733.28,19,1.90
"BLACK TEA,COFFEE,SUGAR JARS",427,732.65,44,1.72
DOLLY CABINET 3 DRAWERS,49,732.55,29,14.95
"WRAP, BILLBOARD FONTS DESIGN",1950,731.00,34,0.37
SMALL GLASS SUNDAE DISH CLEAR,648,730.44,44,1.13
RED ENCHANTED FOREST PLACEMAT,457,730.05,60,1.60
RED TEA TOWEL CLASSIC DESIGN,613,729.77,67,1.19
PARTY PIZZA DISH RED RETROSPOT,1687,729.61,62,0.43
HOME GARLAND PAINTED ZINC,797,729.45,50,0.92
CHILDS GARDEN FORK BLUE,887,728.99,117,0.82
WHITE BAMBOO RIBS LAMPSHADE,902,728.66,42,0.81
COSMETIC BAG VINTAGE ROSE PAISLEY,355,728.62,63,2.05
IVORY PILLAR CANDLE SILVER FLOCK,394,728.14,48,1.85
PINK FLOWER CROCHET FOOD COVER,193,727.46,63,3.77
SET OF 6 STRAWBERRY CHOPSTICKS,613,725.49,59,1.18
MINI PAINTED GARDEN DECORATION,2452,723.72,70,0.30
CAKE STAND VICTORIAN FILIGREE SMALL,206,723.70,36,3.51
ETCHED GLASS COASTER,1536,722.88,58,0.47
ROSE SCENT CANDLE JEWELLED DRAWER,530,722.50,40,1.36
FELTCRAFT HAIRBAND PINK AND PURPLE,834,721.38,118,0.86
CHILDRENS GARDEN GLOVES BLUE,592,721.00,65,1.22
TALL ROCOCO CANDLE HOLDER,90,720.00,17,8.00
FELTCRAFT HAIRBAND RED AND BLUE,845,718.25,120,0.85
MARIE ANTOINETTE TRINKET BOX SILVER,254,715.00,20,2.81
MAGNETS PACK OF 4 HOME SWEET HOME,1393,714.60,143,0.51
PACK OF 12 BLUE PAISLEY TISSUES,2223,712.73,124,0.32
FELTCRAFT HAIRBANDS PINK AND WHITE,818,712.46,108,0.87
ZINC HEARTS PLANT POT HOLDER,263,711.47,48,2.71
PINK HORSE SOCK PUPPET,247,709.45,45,2.87
TEA COSY RED  STRIPE,293,709.38,64,2.42
TEA TIME TEA SET IN GIFT BOX,102,708.90,29,6.95
FRENCH BLUE METAL DOOR SIGN 8,565,708.07,79,1.25
BEADED CRYSTAL HEART GREEN LARGE,816,707.70,50,0.87
CARAVAN SQUARE TISSUE BOX,1405,707.63,122,0.50
MORE BUTTER METAL SIGN,685,707.41,110,1.03
MAGIC TREE -PAPER FLOWERS,832,707.20,77,0.85
200 BENDY SKULL STRAWS,638,706.30,41,1.11
COCKTAIL SWORDS 50 PIECES,900,706.08,68,0.78
FELT TOADSTOOL LARGE,594,706.02,41,1.19
WOOD STOCKING CHRISTMAS SCANDISPOT,1090,705.72,98,0.65
MADRAS NOTEBOOK MEDIUM,917,703.95,71,0.77
EGG CUP MILKMAID INGRID,587,703.51,42,1.20
RING OF ROSES BIRTHDAY CARD,1764,702.00,86,0.40
BLACK WINE GLASS,1672,699.96,19,0.42
INFLATABLE POLITICAL GLOBE,823,699.55,49,0.85
RED APPLES CHOPPING BOARD,147,698.85,38,4.75
SANDWICH BATH SPONGE,589,698.25,41,1.19
TOXIC AREA  DOOR HANGER,1416,696.40,137,0.49
LARGE PINK GLASS SUNDAE DISH,832,696.16,53,0.84
SET OF 3 BIRD LIGHT PINK FEATHER,1668,695.46,137,0.42
SWEET HEART CAKE CARRIER,72,694.30,39,9.64
SET/6 COLLAGE PAPER PLATES,1636,694.26,113,0.42
DECORATIVE ROSE BATHROOM BOTTLE,920,693.52,59,0.75
SWALLOW SQUARE TISSUE BOX,1591,692.73,132,0.44
DAISIES  HONEYCOMB GARLAND,419,691.35,51,1.65
BLUE/CREAM STRIPE CUSHION COVER,557,688.65,82,1.24
PAINTED METAL HEART WITH HOLLY BELL,1196,687.98,69,0.58
FRENCH STYLE STORAGE JAR BONBONS,2332,687.56,73,0.29
EGG FRYING PAN IVORY,341,687.20,78,2.02
CHILDS GARDEN FORK PINK,808,686.80,115,0.85
BLACK STITCHED WALL CLOCK,697,686.23,29,0.98
SET OF 6 RIBBONS PERFECTLY PRETTY,245,684.05,37,2.79
VINTAGE LEAF CHOPPING BOARD,144,684.00,41,4.75
WOODLAND  STICKERS,804,683.40,53,0.85
CHRISTMAS TREE HANGING GOLD,764,680.68,63,0.89
ROMANTIC IMAGES GIFT WRAP SET,738,679.80,96,0.92
ZINC FINISH 15CM PLANTER POTS,573,679.01,49,1.19
MOODY GIRL DOOR HANGER,1403,677.55,145,0.48
FOLDING UMBRELLA CREAM POLKADOT,138,677.50,31,4.91
SCOTTIE DOGS BABY BIB,1663,676.39,94,0.41
GARDENIA 1 WICK MORRIS BOXED CANDLE,211,676.03,52,3.20
KENSINGTON COFFEE SET,53,675.75,30,12.75
FELTCRAFT HAIRBAND PINK AND BLUE,794,674.90,115,0.85
BRIGHT BLUES RIBBONS,539,673.75,102,1.25
KIDS RAIN MAC PINK,797,673.43,65,0.84
GARDENIA 3 WICK MORRIS BOXED CANDLE,259,672.79,70,2.60
LOVE GARLAND PAINTED ZINC,405,672.65,41,1.66
CINAMMON SET OF 9 T-LIGHTS,798,672.06,108,0.84
CHRISTMAS TREE HANGING SILVER,747,671.77,67,0.90
UNION JACK FLAG LUGGAGE TAG,537,670.46,106,1.25
S/4 IVORY MINI ROSE CANDLE IN BOWL,491,669.91,51,1.36
MULTICOLOUR HONEYCOMB FAN,1142,669.12,57,0.59
VINTAGE BEAD PINK EVENING BAG,513,668.88,44,1.30
MOTHER'S KITCHEN SPOON REST,172,668.21,57,3.88
DOVE DECORATION PAINTED ZINC,2283,668.09,49,0.29
RETRO PLASTIC ELEPHANT TRAY,935,668.03,51,0.71
FRENCH BLUE METAL DOOR SIGN 0,533,665.65,69,1.25
EGG CUP HENRIETTA HEN CREAM,580,664.52,28,1.15
BLOSSOM IMAGES GIFT WRAP SET,751,663.60,93,0.88
CHILDS GARDEN BRUSH BLUE,333,663.30,57,1.99
PAINTED METAL STAR WITH HOLLY BELLS,1426,663.20,72,0.47
LARGE BONNE JAM JAR  T-LIGHT HOLDER,254,662.06,10,2.61
TRAVEL CARD WALLET FLOWER MEADOW,1579,661.74,125,0.42
WRAP FLOWER SHOP,1575,661.50,62,0.42
RED RETROSPOT TAPE,1446,661.14,98,0.46
DAIRY MAID TOASTRACK,719,660.89,80,0.92
BOHEMIAN COLLAGE STATIONERY SET,459,660.53,101,1.44
SALLE DE BAIN HOOK,503,660.07,60,1.31
VINTAGE RED MUG,688,657.62,41,0.96
SILK PURSE BABUSHKA RED,202,657.50,38,3.25
DRAWER KNOB VINTAGE GLASS BALL,311,657.13,45,2.11
WHITE CHRISTMAS GARLAND STARS TREES,178,656.70,40,3.69
CHERRY BLOSSOM DECORATIVE FLASK,176,655.68,55,3.73
STRIPEY CHOCOLATE NESTING BOXES,232,655.60,39,2.83
EASTER DECORATION EGG BUNNY,828,654.70,75,0.79
CINAMMON & ORANGE WREATH,101,654.55,31,6.48
PEARLISED IVORY HEART LARGE,415,651.15,36,1.57
PAPER BUNTING PAISLEY PARK,242,649.90,27,2.69
JAZZ HEARTS ADDRESS BOOK,3057,648.69,184,0.21
EASTER TREE YELLOW BIRDS,109,648.55,43,5.95
DANISH ROSE DECORATIVE PLATE,921,647.64,52,0.70
T-LIGHT HOLDER HANGING LACE,765,647.51,64,0.85
DECORATIVE CATS BATHROOM BOTTLE,835,647.03,52,0.77
BIRD DECORATION RED RETROSPOT,760,646.00,57,0.85
BIRDHOUSE DECORATION MAGIC GARDEN,520,645.44,72,1.24
WASH BAG VINTAGE ROSE PAISLEY,253,645.15,62,2.55
HEARTS  STICKERS,754,644.80,79,0.86
WALL ART HORSE & PONY,209,644.67,34,3.08
NAMASTE SWAGAT INCENSE,2427,643.14,47,0.26
RED POLKADOT COFFEE  MUG,1499,642.75,49,0.43
BANQUET BIRTHDAY  CARD,1560,642.24,99,0.41
RUSTIC STRAWBERRY JAM POT SMALL,408,642.00,27,1.57
BLOSSOM  IMAGES NOTEBOOK SET,498,640.50,25,1.29
BLACK CANDELABRA T-LIGHT HOLDER,664,639.80,35,0.96
MEASURING TAPE BABUSHKA RED,228,639.00,37,2.80
CARD CAT AND TREE,1536,636.48,102,0.41
FAIRY CAKES NOTEBOOK A7 SIZE,1636,635.18,97,0.39
BEADED CHANDELIER T-LIGHT HOLDER,167,634.09,29,3.80
CARD PARTY GAMES,1581,633.78,95,0.40
S/12 VANILLA  BOTANICAL T-LIGHTS,221,632.75,38,2.86
CANDY HEART HANGING DECORATION,1265,631.71,41,0.50
SMALL SILVER TRELLIS CANDLEPOT,214,631.30,28,2.95
POLKADOT RAIN HAT,1589,631.15,88,0.40
PACK OF 12 PAISLEY PARK TISSUES,1617,630.63,95,0.39
FENG SHUI PILLAR CANDLE,3317,630.23,65,0.19
SMALL APOTHECARY MEASURING JAR,81,629.05,28,7.77
SET/6 FROG PRINCE T-LIGHT CANDLES,434,628.47,49,1.45
OVAL  MINI PORTRAIT FRAME,323,627.45,46,1.94
ASSORTED EASTER DECORATIONS  BELLS,545,626.53,21,1.15
MR ROBOT SOFT TOY,211,626.45,39,2.97
TRAVEL CARD WALLET RETRO PETALS,1490,624.36,88,0.42
SQUARE CHERRY BLOSSOM CABINET,113,624.35,18,5.53
DOG TOY WITH PINK CROCHET SKIRT,166,623.26,70,3.75
IVORY ENCHANTED FOREST PLACEMAT,392,622.80,50,1.59
BLACK CHAMPAGNE GLASS,1517,621.87,33,0.41
COOKING SET RETROSPOT,66,621.66,25,9.42
RED DRAGONFLY HELICOPTER,78,620.10,49,7.95
"BUNTING , SPOTTY",143,619.85,6,4.33
PHOTO FRAME LINEN AND LACE SMALL,298,619.84,57,2.08
HI TEC ALPINE HAND WARMER,720,619.56,52,0.86
PAPERWEIGHT VINTAGE COLLAGE,487,617.38,49,1.27
PACK OF 6 SMALL FRUIT STRAWS,1552,617.28,76,0.40
RED CHARLIE+LOLA PERSONAL DOORSIGN,1254,616.74,102,0.49
RETRO MOD TRAY,737,616.43,108,0.84
CARD WEDDING DAY,1506,615.24,98,0.41
SMALL YELLOW BABUSHKA NOTEBOOK,918,614.63,166,0.67
SILK PURSE BABUSHKA BLUE,184,614.00,52,3.34
PACK OF 12 CIRCUS PARADE TISSUES,2012,613.74,68,0.31
LAUREL HEART ANTIQUE GOLD,518,613.51,40,1.18
WOODLAND STORAGE BOX LARGE,227,612.05,22,2.70
JARDIN ETCHED GLASS FRUITBOWL,119,611.65,37,5.14
MAGIC DRAWING SLATE BUNNIES,1668,611.28,109,0.37
POTTING SHED SEED ENVELOPES,476,610.73,71,1.28
VINTAGE JINGLE BELLS WREATH,74,610.50,26,8.25
CHERUB HEART DECORATION GOLD,707,610.49,58,0.86
EDWARDIAN HEART PHOTO FRAME,147,610.05,33,4.15
TRIPLE WIRE HOOK IVORY HEART,148,608.74,34,4.11
3 RAFFIA RIBBONS VINTAGE CHRISTMAS,679,608.65,44,0.90
NURSE'S BAG SOFT TOY,68,608.60,27,8.95
BLACK TEA TOWEL CLASSIC DESIGN,694,608.52,84,0.88
PINK  HONEYCOMB PAPER BALL,417,607.86,24,1.46
LOVE HEART NAPKIN BOX,143,607.75,45,4.25
VINTAGE POST OFFICE CABINET,11,607.65,2,55.24
SIX DRAWER OFFICE TIDY,65,605.95,26,9.32
SET OF 6 GIRLS CELEBRATION CANDLES,488,605.44,67,1.24
CERAMIC BOWL WITH LOVE HEART DESIGN,559,603.89,52,1.08
DO NOT TOUCH MY STUFF DOOR HANGER,1176,603.86,110,0.51
FOLDING UMBRELLA BLACKBLUE POLKADOT,120,601.22,47,5.01
BASKET OF FLOWERS SEWING KIT,775,600.61,42,0.77
PANTRY APPLE CORER,434,600.50,70,1.38
ENCHANTED BIRD PLANT CAGE,181,599.55,43,3.31
RATTLE SNAKE EGGS,762,599.34,75,0.79
CHILDS GARDEN TROWEL BLUE,705,599.25,105,0.85
LARGE WHITE/PINK ROSE ART FLOWER,336,598.80,21,1.78
BUNNY WOODEN PAINTED WITH BIRD,852,598.16,93,0.70
FOLDING BUTTERFLY MIRROR IVORY,735,597.78,100,0.81
MAGIC DRAWING SLATE BAKE A CAKE,1721,597.54,77,0.35
DRAWER KNOB VINTAGE GLASS HEXAGON,287,596.96,27,2.08
SET OF 6 T-LIGHTS WEDDING CAKE,243,595.65,28,2.45
18PC WOODEN CUTLERY SET DISPOSABLE,503,595.15,24,1.18
CERAMIC PLATE STRAWBERRY DESIGN,542,594.54,55,1.10
PAPER POCKET TRAVELING FAN,5075,592.90,89,0.12
PAPER LANTERN 7 POINT SNOW STAR,89,591.85,24,6.65
SMALL STRIPES CHOCOLATE GIFT BAG,865,591.25,26,0.68
PINK STITCHED WALL CLOCK,639,590.57,27,0.92
LARGE HANGING IVORY & RED WOOD BIRD,913,590.57,64,0.65
TRIANGULAR POUFFE VINTAGE,42,590.50,15,14.06
PINK DOG BOWL,428,589.64,50,1.38
EMBROIDERED RIBBON REEL RUBY,166,589.38,30,3.55
MINI CAKE STAND T-LIGHT HOLDER,1458,589.32,64,0.40
"METAL SIGN,CUPCAKE SINGLE HOOK",829,588.05,61,0.71
HAIRCLIPS FORTIES FABRIC ASSORTED,1346,587.86,61,0.44
LARGE APOTHECARY MEASURING JAR,50,587.20,20,11.74
SET/4 RED MINI ROSE CANDLE IN BOWL,445,586.55,40,1.32
PINK LOVE HEART SHAPE CUP,702,585.78,60,0.83
SMALL ROUND CUT GLASS CANDLESTICK,129,584.65,18,4.53
TRAVEL CARD WALLET VINTAGE LEAF,1385,581.70,97,0.42
STARS GIFT TAPE,1368,581.06,93,0.42
JARDIN ETCHED GLASS CHEESE DISH,221,579.35,40,2.62
ASSORTED TUTTI FRUTTI MIRROR,478,579.26,30,1.21
POCKET BAG BLUE PAISLEY RED SPOT,480,578.41,46,1.21
BLUE FELT EASTER EGG BASKET,350,577.50,64,1.65
ANTIQUE GLASS HEART DECORATION,296,577.20,26,1.95
CUSHION COVER PINK UNION JACK,108,576.64,37,5.34
PIN CUSHION BABUSHKA RED,187,576.31,34,3.08
SMALL MEDINA STAMPED METAL BOWL,764,575.41,36,0.75
VINTAGE CARAVAN GREETING CARD,1406,574.06,87,0.41
CHRISTMAS TREE PAINTED ZINC,2283,569.29,51,0.25
HANGING BAUBLE T-LIGHT HOLDER SMALL,259,569.10,19,2.20
BAKING MOULD ROSE WHITE CHOCOLATE,186,568.88,32,3.06
ELEPHANT CARNIVAL POUFFE,38,568.10,24,14.95
GLITTER CHRISTMAS TREE WITH BELLS,615,567.79,58,0.92
FRENCH BLUE METAL DOOR SIGN 9,454,566.90,59,1.25
HANGING METAL RABBIT DECORATION,453,566.25,39,1.25
CHOC TRUFFLE GOLD TRINKET POT,387,565.83,47,1.46
MAGNETS PACK OF 4 RETRO PHOTO,1176,565.32,106,0.48
PINK PAISLEY SQUARE TISSUE BOX,1364,564.48,109,0.41
EASTER DECORATION HANGING BUNNY,1861,563.35,78,0.30
MAGNETS PACK OF 4 VINTAGE LABELS,1217,562.25,84,0.46
HEART STRING MEMO HOLDER HANGING,602,561.98,48,0.93
GREEN ROSE WASHBAG,149,558.75,46,3.75
CURIOUS IMAGES GIFT WRAP SET,585,558.60,83,0.95
PARTY CONES CANDY TREE DECORATION,696,557.28,28,0.80
EDWARDIAN PHOTO FRAME,89,556.25,31,6.25
THREE MINI HANGING FRAMES,134,556.10,44,4.15
CHOCOLATE 1 WICK MORRIS BOX CANDLE,354,556.08,41,1.57
IVORY CHANDELIER T-LIGHT HOLDER,129,554.25,31,4.30
LARGE STRIPES CHOCOLATE GIFT BAG,443,553.75,19,1.25
CHILDRENS GARDEN GLOVES PINK,458,553.50,52,1.21
FELTCRAFT DOLL MARIA,194,553.10,46,2.85
MEDIUM PARLOUR PICTURE FRAME,136,550.00,34,4.04
PACK OF 12 VINTAGE LEAF TISSUES,1487,549.69,64,0.37
BIRTHDAY PARTY CORDON BARRIER TAPE,436,548.63,81,1.26
ASSTD MULTICOLOUR CIRCLES MUG,1375,548.37,45,0.40
ROMANTIC IMAGES NOTEBOOK SET,409,547.25,28,1.34
CARROT CHARLIE+LOLA COASTER SET,426,547.24,91,1.28
LARGE YELLOW BABUSHKA NOTEBOOK,554,546.88,93,0.99
BLUE CALCULATOR RULER,462,546.76,58,1.18
ENAMEL PINK COFFEE CONTAINER,603,546.21,52,0.91
WRAP BIRD GARDEN,1300,546.00,51,0.42
DECORATIVE PLANT POT WITH FRIEZE,70,544.50,25,7.78
DECORATION WHITE CHICK MAGIC GARDEN,645,544.09,75,0.84
PINK PADDED MOBILE,128,544.00,40,4.25
FELT FARM ANIMAL RABBIT,722,543.94,36,0.75
SILVER CHRISTMAS TREE BAUBLE STAND,33,543.35,22,16.47
IVORY RETRO KITCHEN WALL CLOCK,68,543.20,25,7.99
SET OF 6 CAKE CHOPSTICKS,418,543.07,54,1.30
FRENCH PAISLEY CUSHION COVER,610,542.98,58,0.89
MOODY BOY  DOOR HANGER,1109,542.75,108,0.49
SEWING SUSAN 21 NEEDLE SET,626,542.24,75,0.87
BLUE PAISLEY JOURNAL,217,541.97,58,2.50
ASSTD FRUIT+FLOWERS FRIDGE MAGNETS,2238,541.86,61,0.24
PORCELAIN BUTTERFLY OIL BURNER,193,540.55,36,2.80
12 DAISY PEGS IN WOOD BOX,327,539.55,62,1.65
CHILDS GARDEN SPADE BLUE,261,539.10,75,2.07
GIFT BAG PSYCHEDELIC APPLES,822,534.66,65,0.65
SET/4 COLOURFUL MIXING BOWLS,57,532.11,29,9.34
LOVE HEART SOCK HANGER,334,531.90,50,1.59
MAGIC GARDEN FELT GARLAND,266,531.78,35,2.00
PASTEL COLOUR HONEYCOMB FAN,873,531.69,56,0.61
WOODLAND SMALL RED FELT HEART,666,531.66,43,0.80
FRENCH FLORAL CUSHION COVER,593,531.55,51,0.90
CREAM SLICE FLANNEL CHOCOLATE SPOT,193,530.95,34,2.75
WRAP WEDDING DAY,1325,528.50,39,0.40
SUNFLOWER DECORATIVE PARASOL,87,528.45,14,6.07
WEEKEND BAG VINTAGE ROSE PAISLEY,69,527.85,1,7.65
RED FLOCK LOVE HEART PHOTO FRAME,1034,527.04,55,0.51
GARDEN PATH JOURNAL,215,526.81,43,2.45
BEADED CRYSTAL HEART PINK LARGE,552,526.38,51,0.95
RECYCLED PENCIL WITH RABBIT ERASER,2665,525.75,80,0.20
WHITE BELL HONEYCOMB PAPER GARLAND,330,525.30,33,1.59
WRAP MONSTER FUN,1250,525.00,47,0.42
HYACINTH BULB T-LIGHT CANDLES,1248,524.16,39,0.42
SET 12 VINTAGE DOILY CHALK,1247,523.74,93,0.42
BLUE TEA TOWEL CLASSIC DESIGN,448,523.52,48,1.17
FUSCHIA RETRO BAR STOOL,14,523.30,5,37.38
TREE T-LIGHT HOLDER WILLIE WINKIE,352,522.74,35,1.49
METAL TUBE CHIME ON BAMBOO,488,522.56,13,1.07
EGG CUP NATURAL CHICKEN,841,521.73,87,0.62
SQUARE MINI PORTRAIT FRAME,269,520.95,44,1.94
GREEN GOOSE FEATHER CHRISTMAS TREE,167,520.65,27,3.12
URBAN BLACK RIBBONS,448,520.47,73,1.16
FELT FARM ANIMAL WHITE BUNNY,1393,518.77,40,0.37
VINTAGE BEAD PINK SCARF,306,517.50,31,1.69
SET OF 4 NAPKIN CHARMS STARS,253,516.80,43,2.04
MINI JIGSAW BAKE A CAKE,1436,516.61,39,0.36
CUT GLASS T-LIGHT HOLDER OCTAGON,243,516.45,25,2.13
PINK POT PLANT CANDLE,189,516.25,22,2.73
GLASS SPHERE CANDLE STAND MEDIUM,96,516.20,26,5.38
CHILDS GARDEN TROWEL PINK,607,515.95,94,0.85
S/12 MINI RABBIT EASTER,324,515.40,58,1.59
PACK OF 6 PANETTONE GIFT BOXES,226,513.91,14,2.27
GLASS TWIST BON BON JAR,69,512.85,19,7.43
SMALL SKULL WINDMILL,425,512.53,41,1.21
HAND OPEN SHAPE GOLD,157,510.83,24,3.25
GUMBALL MONOCHROME COAT RACK,463,508.07,34,1.10
CHRISTMAS MUSICAL ZINC STAR,1465,507.81,69,0.35
HEART BEADED TRELLIS DECORATION,244,507.52,39,2.08
SHOE SHINE BOX,51,507.45,38,9.95
BLUE CHARLIE+LOLA PERSONAL DOORSIGN,974,506.90,89,0.52
RUSTIC STRAWBERRY JAM POT LARGE,249,506.88,32,2.04
FIVE CATS HANGING DECORATION,172,506.32,39,2.94
JIGSAW RABBIT AND BIRDHOUSE,535,505.39,76,0.94
ROSE FOLKART HEART DECORATIONS,423,504.64,53,1.19
LAUREL STAR ANTIQUE SILVER,404,504.60,49,1.25
BLACK CHRISTMAS TREE 120CM,209,503.85,23,2.41
SILVER GLASS T-LIGHT SET,196,502.48,14,2.56
MULTICOLOUR 3D BALLS GARLAND,197,502.35,47,2.55
PACK OF 12 STICKY BUNNIES,772,501.80,77,0.65
LIPSTICK PEN BABY PINK,1199,500.33,84,0.42
12 RED ROSE PEG PLACE SETTINGS,400,500.00,75,1.25
CHARLIE+LOLA RED HOT WATER BOTTLE,174,499.78,49,2.87
HANGING HEART BONHEUR,591,499.23,57,0.84
SET OF 2 ROUND TINS CAMEMBERT,236,497.48,64,2.11
SET/6 PINK BIRD T-LIGHT CANDLES,355,497.21,51,1.40
IVORY LOVE BIRD CANDLE,502,496.72,48,0.99
CORONA MEXICAN TRAY,143,496.25,18,3.47
WALL ART SPACEBOY,156,495.48,21,3.18
WHITE GOOSE FEATHER TREE 60CM,254,495.30,41,1.95
RED/CREAM STRIPE CUSHION COVER,402,494.90,59,1.23
GIFT BAG BIRTHDAY,761,494.83,45,0.65
ASSORTED TUTTI FRUTTI NOTEBOOK,235,493.50,31,2.10
"DECORATION , WOBBLY RABBIT , METAL",298,491.70,34,1.65
GARAGE KEY FOB,733,491.15,115,0.67
ABSTRACT CIRCLES SKETCHBOOK,128,491.13,60,3.84
VINTAGE COFFEE GRINDER BOX,103,490.65,23,4.76
BLACK PIRATE TREASURE CHEST,425,489.57,80,1.15
CHILDS GARDEN SPADE PINK,237,488.70,63,2.06
PINK PAISLEY ROSE GIFT WRAP,1200,488.00,39,0.41
CARD DOG AND BALL,1170,487.08,87,0.42
DINOSAUR HEIGHT CHART STICKER SET,165,486.75,35,2.95
SINGLE WIRE HOOK PINK HEART,395,486.43,21,1.23
METAL SIGN HIS DINNER IS SERVED,493,483.19,89,0.98
WALL MIRROR RECTANGLE DIAMANTE PINK,121,481.95,15,3.98
EASTER TIN CHICKS IN GARDEN,292,481.80,38,1.65
COSY HOUR GIANT TUBE MATCHES,197,480.75,26,2.44
GLASS JAR KINGS CHOICE,162,480.74,62,2.97
COLUMBIAN CANDLE ROUND,572,480.42,56,0.84
GLASS BONNE JAM JAR,118,480.10,25,4.07
PARTY CONES CARNIVAL ASSORTED,402,479.70,20,1.19
CLASSIC GLASS SWEET JAR,119,479.45,14,4.03
SET/6 FRUIT SALAD  PAPER PLATES,1143,479.25,70,0.42
BLUE NEW BAROQUE CANDLESTICK CANDLE,439,478.15,28,1.09
TUMBLER NEW ENGLAND,1226,478.14,41,0.39
PINK HEART SHAPE PHOTO FRAME,308,478.00,28,1.55
CHRISTMAS TREE STAR DECORATION,1138,477.96,49,0.42
SET OF 2 ROUND TINS DUTCH CHEESE,243,477.09,69,1.96
PARTY INVITES DINOSAURS,561,476.85,76,0.85
EMPIRE BIRTHDAY CARD,1131,476.25,83,0.42
WALL ART ANIMALS AND NATURE,149,474.75,26,3.19
EAU DE NILE HEART SHAPE PHOTO FRAME,305,474.45,21,1.56
4 WILDFLOWER BOTANICAL CANDLES,303,473.75,51,1.56
GOLD MINI TAPE MEASURE,618,472.90,45,0.77
SEASIDE FLYING DISC,387,472.77,39,1.22
ORANGE SCENTED SET/9 T-LIGHTS,573,471.45,66,0.82
ENVELOPE 50 BLOSSOM IMAGES,923,471.15,72,0.51
PINK NEW BAROQUECANDLESTICK CANDLE,455,470.75,31,1.03
PACK OF 12 DOLLY GIRL TISSUES,1203,469.17,80,0.39
BUTTERFLY CROCHET FOOD COVER,123,468.67,50,3.81
UNION STRIPE CUSHION COVER,374,467.50,46,1.25
BABY BOOM RIBBONS,374,467.50,85,1.25
YULETIDE IMAGES GIFT WRAP SET,630,467.50,58,0.74
IVORY WIRE SWEETHEART LETTER TRAY,127,467.05,44,3.68
LAUREL STAR ANTIQUE GOLD,372,465.81,33,1.25
PINK AND WHITE CHRISTMAS TREE 120CM,186,465.38,19,2.50
CAKE STAND VICTORIAN FILIGREE MED,73,463.95,16,6.36
HENRIETTA HEN MUG,281,463.65,30,1.65
STEEL SWEETHEART ROUND TABLE CREAM,31,463.45,18,14.95
PINK UNION JACK  PASSPORT COVER,223,463.38,68,2.08
ASSORTED MINI MADRAS NOTEBOOK,948,462.60,23,0.49
BEADED PEARL HEART WHITE ON STICK,469,462.17,25,0.99
IVORY PAPER CUP CAKE CASES,868,461.80,63,0.53
DANISH ROSE TRINKET TRAYS,257,460.83,30,1.79
FELT TOADSTOOL  SMALL,542,460.70,44,0.85
WRAP KEEP CALM BIRTHDAY,1125,460.50,36,0.41
SMALL PARLOUR PICTURE FRAME,164,459.56,32,2.80
SET/6 COLLAGE PAPER CUPS,2175,459.29,102,0.21
SET OF 6 VINTAGE NOTELETS KIT,522,459.00,25,0.88
SET OF 6 RIBBONS PARTY,167,458.63,13,2.75
SNOWSTORM PHOTO FRAME FRIDGE MAGNET,553,457.57,45,0.83
MUM'S KITCHEN CLOCK,101,457.05,33,4.53
BLUE POLKADOT KIDS BAG,228,456.36,29,2.00
RETROSPOT BABUSHKA DOORSTOP,245,455.87,48,1.86
SWISS CHALET TREE DECORATION,1233,455.57,66,0.37
JIGSAW TOADSTOOLS 3 PIECE,559,451.71,56,0.81
WRAP MAGIC FOREST,1075,451.50,43,0.42
PINK GLASS CANDLEHOLDER,156,450.60,27,2.89
CHRISTMAS GINGHAM HEART,552,450.48,30,0.82
SET 4 VALENTINE DECOUPAGE HEART BOX,154,450.38,44,2.92
SET OF 6 RIBBONS COUNTRY STYLE,164,449.96,20,2.74
ELEPHANT BIRTHDAY CARD,1080,449.88,71,0.42
SET OF 3 GOLD FLYING DUCKS,126,448.30,20,3.56
FELT EGG COSY WHITE RABBIT,520,447.46,70,0.86
ASSORTED TUTTI FRUTTI  FOB NOTEBOOK,541,447.37,46,0.83
LADYBIRD + BEE RAFFIA FOOD COVER,119,446.25,33,3.75
BLUE POLKADOT EGG CUP,1016,445.26,44,0.44
ASSORTED LAQUERED INCENSE HOLDERS,2516,443.76,13,0.18
6PC WOOD PLATE SET DISPOSABLE,405,443.25,16,1.09
FRENCH STYLE EMBOSSED HEART CABINET,21,442.00,18,21.05
BISCUITS SMALL BOWL LIGHT BLUE,1039,441.36,79,0.42
SILVER JEWELLED MIRROR TRINKET TRAY,66,440.74,25,6.68
PAPER LANTERN 5 POINT STAR MOON,106,439.90,18,4.15
EMBOSSED HEART TRINKET BOX,219,439.86,34,2.01
SWEETHEART CREAM STEEL TABLE RECT,22,438.90,18,19.95
BUTTERFLIES STICKERS,513,437.61,50,0.85
CUPID DESIGN SCENTED CANDLES,208,436.40,30,2.10
ASSORTED TUTTI FRUTTI BRACELET,2173,436.33,60,0.20
PINK FAIRY CAKE CUSHION COVER,123,436.05,33,3.55
STORAGE TIN HOME SWEET HOME,237,435.43,35,1.84
EGG CUP MILKMAID HELGA,348,435.00,31,1.25
MINI PLAYING CARDS FUN FAIR,1043,434.46,54,0.42
FLOOR CUSHION ELEPHANT CARNIVAL,51,434.45,19,8.52
S/15 SILVER GLASS BAUBLES IN BAG,358,433.82,35,1.21
BLACK CHRISTMAS TREE 60CM,554,433.70,22,0.78
BLACK DINER WALL CLOCK,51,433.50,32,8.50
PINK/WHITE CHRISTMAS TREE 60CM,660,433.22,24,0.66
PIN CUSHION BABUSHKA PINK,161,432.99,38,2.69
RIDGED GLASS FINGER BOWL,946,432.54,47,0.46
HANGING SPRING FLOWER EGG SMALL,1138,431.96,53,0.38
PAPER LANTERN 9 POINT HOLLY STAR L,69,431.25,16,6.25
RIDGED BONNE JAM JAR T-LIGHT HOLDER,272,431.24,23,1.59
FOLDING UMBRELLA CHOCOLATE POLKADOT,87,430.06,31,4.94
MRS ROBOT SOFT TOY,143,428.85,28,3.00
PACK OF 12 RED APPLE TISSUES,1175,428.01,50,0.36
CALENDAR FAMILY FAVOURITES,153,427.43,32,2.79
DOG AND BALL WALL ART,252,425.88,4,1.69
PARTY INVITES SPACEMAN,501,425.85,61,0.85
BEADED CRYSTAL HEART BLUE  LARGE,479,425.71,43,0.89
SET OF 36 DINOSAUR PAPER DOILIES,292,423.40,39,1.45
UNION FLAG WINDSOCK,386,423.22,20,1.10
ORIGAMI JASMINE INCENSE/CANDLE SET,455,422.55,36,0.93
GARDEN PATH SKETCHBOOK,113,422.08,47,3.74
LAZER CUT NECKLACE W PASTEL BEADS,57,421.75,5,7.40
CHRISTMAS HANGING SNOWFLAKE,486,421.02,44,0.87
COCKLE SHELL DISH,289,420.88,32,1.46
POPPY FIELDS CHOPPING BOARD,85,420.75,39,4.95
FOLDING UMBRELLA WHITE/RED POLKADOT,86,420.10,23,4.88
BLUE SCANDINAVIAN PAISLEY WRAP,1000,420.00,39,0.42
CHRISTMAS TREE HEART DECORATION,1000,420.00,46,0.42
BLUE PAISLEY SKETCHBOOK,110,419.92,52,3.82
SILVER GLITTER FLOWER VOTIVE HOLDER,1407,419.55,51,0.30
EGG FRYING PAN PINK,200,418.05,63,2.09
FLYING PIG WATERING CAN,183,417.45,39,2.28
COSY SLIPPER SHOES SMALL GREEN,143,417.44,48,2.92
FRAPPUCINO SCARF KNITTING KIT,308,416.78,47,1.35
VINTAGE GLASS COFFEE CADDY,74,416.30,16,5.63
SQUARECUSHION COVER PINK UNION FLAG,62,415.30,25,6.70
ENAMEL BLUE RIM BISCUIT BIN,89,413.95,30,4.65
PINK/PURPLE RETRO RADIO,140,413.00,19,2.95
NOEL GARLAND PAINTED ZINC,981,412.83,60,0.42
CERAMIC LOVE HEART MONEY BANK,709,412.45,35,0.58
FOLDING UMBRELLA PINKWHITE POLKADOT,84,412.41,31,4.91
PARTY INVITES JAZZ HEARTS,483,412.11,81,0.85
SQUARE FLOOR CUSHION VINTAGE RED,53,411.35,25,7.76
WOODLAND STORAGE BOX SMALL,213,411.30,17,1.93
PAPERWEIGHT CHILDHOOD MEMORIES,261,410.72,30,1.57
RED RETROSPOT LUGGAGE TAG,328,410.00,59,1.25
TOAST ITS - HAPPY BIRTHDAY,328,410.00,59,1.25
GLITTER CHRISTMAS TREE,908,408.86,54,0.45
EASTER DECORATION SITTING BUNNY,503,408.83,54,0.81
PINK SWEETHEART BRACELET,99,408.75,24,4.13
DOORSTOP FOOTBALL DESIGN,135,408.73,51,3.03
SET/4 BADGES BALLOON GIRL,323,408.59,42,1.26
BUNNY DECORATION MAGIC GARDEN,485,408.09,56,0.84
PANTRY HOOK BALLOON WHISK,196,407.68,31,2.08
HAND TOWEL PALE BLUE W FLOWERS,212,407.40,18,1.92
PINK ENAMEL+GLASS HAIR COMB,228,407.40,11,1.79
DANISH ROSE DELUXE COASTER,935,407.15,39,0.44
SUNSET COLOUR CHUNKY KNITTED THROW,24,406.80,13,16.95
HOME SWEET HOME HOOK,326,405.60,45,1.24
YELLOW SHARK HELICOPTER,51,405.45,37,7.95
DOLLY HONEYCOMB GARLAND,449,404.85,20,0.90
GINGHAM BABUSHKA DOORSTOP,210,404.62,41,1.93
PINK JEWELLED PHOTO FRAME,72,404.62,22,5.62
LETS GO SHOPPING COTTON TOTE BAG,177,403.67,46,2.28
RECTANGULAR SHAPED MIRROR,478,401.72,27,0.84
WHITE HAND TOWEL WITH BUTTERFLY,170,400.50,14,2.36
MIRRORED WALL ART SKULLS,294,400.00,40,1.36
S/2 ZINC HEART DESIGN PLANTERS,40,398.00,28,9.95
TOOTHPASTE TUBE PEN,971,397.25,73,0.41
PINK POLKADOT CHILDRENS UMBRELLA,122,396.50,30,3.25
SET OF 4 NAPKIN CHARMS CROWNS,255,394.42,38,1.55
WHITE CANDYSTUFT ARTIFICIAL FLOWER,296,394.16,19,1.33
EIGHT PIECE SNAKE  SET,314,392.50,68,1.25
FAIRY SOAP SOAP HOLDER,232,392.08,57,1.69
MINI JIGSAW BUNNIES,1088,390.69,46,0.36
ASSTD DESIGN 3D PAPER STICKERS,1162,389.38,30,0.34
PACK 20 ENGLISH ROSE PAPER NAPKINS,481,388.69,54,0.81
TABLE LAMP WHITE SHADE WOOD BASE,74,388.30,17,5.25
DOLLY CABINET 2 DRAWERS,31,387.50,18,12.50
WALL ART I LOVE LONDON,86,387.30,19,4.50
BELL HEART DECORATION,252,387.00,9,1.54
PAPERWEIGHT SAVE THE PLANET,229,386.91,35,1.69
COSY SLIPPER SHOES LARGE GREEN,131,386.45,28,2.95
PINK ROSE WASHBAG,103,386.25,38,3.75
MIDNIGHT GLAMOUR SCARF KNITTING KIT,277,385.52,52,1.39
CANDY SPOT HAND BAG,188,385.27,20,2.05
ASSORTED COLOUR LIZARD SUCTION HOOK,975,385.02,54,0.39
CLAM SHELL SMALL,206,384.13,30,1.86
ANGEL DECORATION PAINTED ZINC,635,383.95,26,0.60
ESSENTIAL BALM 3.5g TIN IN ENVELOPE,5856,383.76,17,0.07
BIRTHDAY BANQUET GIFT WRAP,950,383.00,31,0.40
GREEN FERN SKETCHBOOK,101,382.46,51,3.79
SQUARECUSHION COVER PINK UNION JACK,150,382.14,29,2.55
CHILDS GARDEN RAKE PINK,186,381.60,54,2.05
PINK HEARTS LIGHT CHAIN,196,381.00,21,1.94
LARGE PARLOUR PICTURE FRAME,78,380.70,27,4.88
POPART WOODEN PENCILS ASST,8900,380.00,68,0.04
MIRROR MOSAIC VOTIVE HOLDER,189,378.90,22,2.00
DARK BIRD HOUSE TREE DECORATION,1251,377.91,66,0.30
"DECORATION , WOBBLY CHICKEN, METAL",229,377.85,28,1.65
DECORATION  BUTTERFLY  MAGIC GARDEN,449,377.49,57,0.84
SCANDINAVIAN 3 HEARTS NAPKIN RING,1746,376.50,65,0.22
DECORATION WOBBLY RABBIT METAL,753,375.57,45,0.50
ENAMEL PINK TEA CONTAINER,389,374.94,40,0.96
CHRYSANTHEMUM SKETCHBOOK,96,374.84,51,3.90
BLUE DRAGONFLY HELICOPTER,47,373.65,34,7.95
PARTY FOOD SHOPPER BAG,314,373.50,34,1.19
PARTY PIZZA DISH PINK POLKADOT,1049,373.31,46,0.36
ANIMAL STICKERS,1773,372.33,46,0.21
GLASS CHALICE BLUE SMALL,680,372.30,40,0.55
MIRRORED WALL ART SNOWFLAKES,495,371.25,44,0.75
SKULLS  DESIGN  COTTON TOTE BAG,165,371.25,40,2.25
SMALL SQUARE CUT GLASS CANDLESTICK,75,371.25,18,4.95
EAU DE NILE JEWELLED PHOTOFRAME,225,371.25,21,1.65
SMALL PINK GLASS SUNDAE DISH,881,371.13,30,0.42
"CHRISTMAS GARLAND STARS,TREES",100,370.00,21,3.70
HAWAIIAN GRASS SKIRT,319,368.35,25,1.15
IVORY PILLAR CANDLE GOLD FLOCK,128,368.00,21,2.88
ASSORTED TUTTI FRUTTI KEYRING BALL,1102,367.98,23,0.33
NEW BAROQUE JEWELLERY BOX,48,367.60,20,7.66
MADRAS NOTEBOOK LARGE,270,367.50,15,1.36
PINK  HONEYCOMB PAPER FAN,437,366.70,41,0.84
ORIGAMI ROSE INCENSE/CANDLE SET,387,366.35,44,0.95
ENGLISH ROSE SCENTED HANGING FLOWER,423,366.25,50,0.87
SET/6 EAU DE NIL BIRD T-LIGHTS,252,366.23,29,1.45
SET/12 TAPER CANDLES,459,364.95,41,0.80
BEACH HUT SHELF W 3 DRAWERS,68,364.60,19,5.36
IVORY STRING CURTAIN WITH POLE,166,363.70,24,2.19
TOAST ITS - FAIRY FLOWER,304,363.15,53,1.19
FRYING PAN BLUE POLKADOT,107,361.75,39,3.38
BLUE ROSE FABRIC MIRROR,289,361.39,36,1.25
SMALL FOLDING SCISSOR(POINTED EDGE),2892,360.71,70,0.12
MAGIC DRAWING SLATE LEAP FROG,1063,360.06,66,0.34
MIRRORED WALL ART STARS,348,360.00,42,1.03
RETRO PLASTIC POLKA TRAY,782,359.50,54,0.46
T-LIGHT HOLDER SILVER HEART HANDLE,186,359.10,21,1.93
RED RETRO KITCHEN WALL CLOCK,44,358.60,20,8.15
RETROSPOT CANDLE  MEDIUM,350,357.62,33,1.02
TEA COSY BLUE STRIPE,145,356.89,36,2.46
JIGSAW TREE WITH WATERING CAN,926,356.46,63,0.38
PINK SPOTS CHOCOLATE NESTING BOXES,139,355.65,5,2.56
DOLLCRAFT BOY JEAN-PAUL,78,354.10,11,4.54
EAU DE NIL LOVE BIRD CANDLE,336,353.72,21,1.05
PAPER LANTERN 9 POINT HOLLY STAR S,85,352.75,19,4.15
EGG FRYING PAN MINT,169,351.52,60,2.08
MONEY BOX POCKET MONEY DESIGN,347,351.19,54,1.01
PARTY INVITES FOOTBALL,412,350.20,52,0.85
CHILDS GARDEN RAKE BLUE,171,350.10,41,2.05
WHITE BAROQUE WALL CLOCK,45,349.95,18,7.78
MIRROR MOSAIC T-LIGHT HOLDER ROUND,229,349.05,13,1.52
ROSE DU SUD OVEN GLOVE,119,348.25,28,2.93
FELT EGG COSY BLUE RABBIT,406,348.22,46,0.86
GEMSTONE CHANDELIER T-LIGHT HOLDER,78,347.70,7,4.46
RIDGED GLASS STORAGE JAR CREAM LID,97,346.47,17,3.57
SNACK TRAY RED VINTAGE DOILY,185,346.35,29,1.87
IVORY SWEETHEART SOAP DISH,139,346.11,40,2.49
SET/6 FRUIT SALAD PAPER CUPS,1576,345.42,74,0.22
PORCELAIN ROSE LARGE,298,345.14,13,1.16
SILVER VANILLA  FLOWER CANDLE POT,92,345.00,23,3.75
ORIGAMI LAVENDER INCENSE/CANDL SET,363,344.35,43,0.95
SET OF 4 NAPKIN CHARMS 3 KEYS,186,344.22,41,1.85
CHARLIE LOLA BLUE HOT WATER BOTTLE,94,342.74,37,3.65
BLUE SCOTTIE DOG W FLOWER PATTERN,134,341.70,25,2.55
PACK 3 BOXES BIRD PANETTONE,177,340.33,14,1.92
PACK 6 HEART/ICE-CREAM PATCHES,269,338.67,34,1.26
MONEY BOX KINGS CHOICE DESIGN,319,336.89,64,1.06
PINK UNION JACK  LUGGAGE TAG,266,336.27,75,1.26
SILVER FLOWR PINK SHELL NECKLACE,52,335.28,3,6.45
SET/3 POLKADOT STACKING TINS,71,334.65,24,4.71
SET OF 4 NAPKIN CHARMS LEAVES,185,334.63,30,1.81
BUNNY WOODEN PAINTED WITH FLOWER,495,334.27,62,0.68
EASTER DECORATION NATURAL CHICK,514,334.10,48,0.65
BLACK BAROQUE WALL CLOCK,44,333.60,14,7.58
PANTRY HOOK TEA STRAINER,160,332.80,28,2.08
SILVER FISHING GNOME,45,332.30,20,7.38
HEART TRELLIS TRIPLE T-LIGHT HOLDER,118,331.42,20,2.81
FLOWERS TILE COASTER,990,329.84,37,0.33
MAGIC DRAWING SLATE GO TO THE FAIR,816,329.76,61,0.40
ORIGAMI SANDLEWOOD INCENSE/CAND SET,365,329.05,42,0.90
LOLITA  DESIGN  COTTON TOTE BAG,146,328.50,30,2.25
VEGETABLE GARDEN CHOPPING BOARD,72,327.60,17,4.55
DOILEY BISCUIT TIN,120,327.60,13,2.73
FRENCH LATTICE CUSHION COVER,384,327.52,37,0.85
FELT FARM ANIMAL CHICKEN,262,327.50,33,1.25
CINNAMON SCENTED VOTIVE CANDLE,1264,326.24,38,0.26
MINT GREEN ROSE TOWEL,70,325.50,20,4.65
SILVER T-LIGHT SETTING,54,325.30,5,6.02
WALL ART CAT AND BIRD,118,324.98,18,2.75
GRASS HOPPER WOODEN WALL CLOCK,260,324.04,25,1.25
CAT AND BIRD WALL ART,270,323.64,4,1.20
MULTICOLOUR  CONFETTI IN TUBE,243,322.71,13,1.33
WHITE STITCHED CUSHION COVER,46,322.38,16,7.01
BIRD DECORATION GREEN POLKADOT,378,321.30,36,0.85
CHARLOTTE BAG ALPHABET  DESIGN,400,320.50,22,0.80
PANTRY HOOK SPATULA,154,320.32,26,2.08
GREEN FERN JOURNAL,131,320.26,36,2.44
DANISH ROSE BEDSIDE CABINET,8,319.60,6,39.95
CAKES AND BOWS GIFT  TAPE,1017,318.81,44,0.31
SET OF 4 BLACK LOVEBIRD COASTERS,334,318.44,31,0.95
PINK POLKADOT PLATE,202,318.34,18,1.58
WALL ART TREASURE AHOY,87,317.97,22,3.65
PIECE OF CAMO STATIONERY SET,3272,317.92,30,0.10
GREEN GOOSE FEATHER TREE 60CM,163,317.85,35,1.95
MILK MAIDS MUG,192,316.80,22,1.65
PANDA AND BUNNIES STICKER SHEET,372,316.20,57,0.85
CUTE CATS TAPE,975,315.55,45,0.32
ALPHABET HEARTS STICKER SHEET,371,315.35,38,0.85
CANDLE HOLDER SILVER MADELINE,193,315.29,18,1.63
WHITE TRAVEL ALARM CLOCK,134,314.31,22,2.35
DECORATIVE FLORE BATHROOM BOTTLE,283,313.91,41,1.11
"CHARLIE+LOLA""EXTREMELY BUSY"" SIGN",607,313.78,72,0.52
RETROSPOT CANDLE  SMALL,385,313.53,25,0.81
MISELTOE HEART WREATH,80,312.80,5,3.91
BLUE PAISLEY TISSUE BOX,668,312.34,88,0.47
SET/4 BADGES DOGS,239,312.06,41,1.31
EGG FRYING PAN BLUE,150,312.00,58,2.08
GREEN SWEETHEART BRACELET,76,311.00,18,4.09
BABY MOUSE RED GINGHAM DRESS,73,310.25,20,4.25
PARTY PIZZA DISH GREEN POLKADOT,885,309.69,32,0.35
GLASS CHALICE GREEN  LARGE,186,309.66,11,1.66
DECORATION  PINK CHICK MAGIC GARDEN,367,307.79,43,0.84
WOODLAND LARGE PINK FELT HEART,278,307.18,10,1.10
HOUSE SHAPE PENCIL SHARPENER,2867,307.02,46,0.11
PINK DIAMANTE PEN IN GIFT BOX,60,306.22,23,5.10
SKULLS SQUARE TISSUE BOX,729,305.81,38,0.42
SILVER ROCOCO CANDLE STICK,132,305.40,12,2.31
SNACK TRAY PAISLEY PARK,164,305.40,22,1.86
BOTANICAL ROSE GIFT WRAP,725,304.50,28,0.42
MISELTOE HEART WREATH WHITE,78,304.50,4,3.90
3 TRADITIONAL COOKIE CUTTERS  SET,162,304.20,4,1.88
LA JARDIN BOTANIQUE CUSHION COVER,81,303.75,23,3.75
HEARTS GIFT TAPE,1027,303.23,57,0.30
PARTY PIZZA DISH BLUE POLKADOT,954,303.18,40,0.32
PARTY INVITES BALLOON GIRL,356,302.60,53,0.85
MINI  ZINC GARDEN DECORATIONS,820,300.52,23,0.37
DECORATIVE HANGING SHELVING UNIT,5,299.75,4,59.95
WOOD AND GLASS MEDICINE CABINET,10,299.50,10,29.95
PAINT YOUR OWN EGGS IN CRATE,164,299.36,5,1.83
TUSCAN VILLA DOVECOTE BIRD FEEDER,37,299.25,17,8.09
SET/12 FUNKY FELT FLOWER PEG IN BAG,161,298.74,24,1.86
DOLLCRAFT GIRL NICOLE,60,297.00,11,4.95
DOILY THANK YOU CARD,727,296.70,44,0.41
SET OF 4 PISTACHIO LOVEBIRD COASTER,339,296.10,32,0.87
PINK FELT EASTER RABBIT GARLAND,116,295.80,24,2.55
DOLLCRAFT GIRL AMELIE KIT,66,294.70,8,4.47
BLUE VICTORIAN FABRIC OVAL BOX,811,293.82,34,0.36
BLUE GLASS GEMS IN BAG,427,291.25,19,0.68
GOLD STANDING GNOME,93,290.25,17,3.12
CURIO CABINET LINEN AND LACE,36,290.10,18,8.06
LUNCH BAG RED SPOTTY,200,290.00,1,1.45
MEDIUM CHINESE STYLE SCISSOR,662,289.98,24,0.44
HEART GARLAND RUSTIC PADDED,98,289.10,26,2.95
TOYBOX  WRAP,725,288.50,22,0.40
FLOOR LAMP SHADE WOOD BASE,32,287.74,12,8.99
PAPER LANTERN 5 POINT SEQUIN STAR,50,287.50,21,5.75
MILK PAN BLUE POLKADOT,92,287.50,29,3.13
COLUMBIAN CANDLE RECTANGLE,176,287.10,26,1.63
CHRISTMAS MUSICAL ZINC TREE,809,286.23,50,0.35
BLUE RETRO KITCHEN WALL CLOCK,35,285.25,17,8.15
TURQ+RED BOUDICCA LARGE BRACELET,41,284.95,16,6.95
MIRROR MOSAIC HURRICANE LAMP,46,284.90,10,6.19
GOLD FISHING GNOME,47,284.16,16,6.05
WHITE/PINK CHICK DECORATION,249,283.89,18,1.14
ICON MUG REVOLUTIONARY,701,283.71,79,0.40
CHRISTMAS CARD SCREEN PRINT,1188,283.32,43,0.24
HAND TOWEL PINK FLOWER AND DAISY,199,281.95,11,1.42
WAKE UP COCKEREL CALENDAR SIGN,72,281.13,24,3.90
BLACK SWEETHEART BRACELET,66,280.50,23,4.25
STANDING FAIRY POLE SUPPORT,348,280.20,22,0.81
SNACK TRAY I LOVE LONDON,151,280.05,24,1.85
MINI JIGSAW DINOSAUR,738,279.51,50,0.38
RETROSPOT CANDLE  LARGE,255,279.37,18,1.10
RED SHARK HELICOPTER,35,278.25,25,7.95
RED VICTORIAN FABRIC OVAL BOX,772,277.44,41,0.36
COFFEE SCENT PILLAR CANDLE,292,277.40,44,0.95
WRAP DAISY CARPET,660,277.20,25,0.42
WRAP CHRISTMAS SCREEN PRINT,1025,275.25,31,0.27
MIRRORED WALL ART POPPIES,275,274.65,32,1.00
PINK FLOWER FABRIC PONY,73,273.75,26,3.75
CHRISTMAS HANGING HEART WITH BELL,219,273.75,17,1.25
SET OF 4 POLKADOT PLACEMATS,78,273.30,23,3.50
FORKED CACTUS CANDLE,92,272.98,26,2.97
GOLD PHOTO FRAME,169,272.34,24,1.61
WHITE HONEYCOMB PAPER GARLAND,165,272.25,29,1.65
METAL SIGN CUPCAKE SINGLE HOOK,470,272.10,50,0.58
DOOR HANGER  MUM + DADS ROOM,187,271.15,52,1.45
4 PURPLE FLOCK DINNER CANDLES,140,270.76,36,1.93
PAINTED PINK RABBIT,318,270.30,43,0.85
HAND OPEN SHAPE DECO.WHITE,92,270.02,5,2.94
MONEY BOX BISCUITS DESIGN,216,270.00,45,1.25
SILVER ROCCOCO CHANDELIER,9,269.55,5,29.95
JUMBO BAG VINTAGE DOILEY,143,268.44,6,1.88
DOORKNOB CRACKED GLAZE IVORY,180,268.20,5,1.49
RAIN PONCHO,411,267.95,4,0.65
"FLOWER FAIRY,5 SUMMER B'DRAW LINERS",105,267.75,25,2.55
STRAWBRY SCENTED VOTIVE CANDLE,1101,267.45,24,0.24
SET/3 POT PLANT CANDLES,49,267.05,19,5.45
LA PALMIERA TILE COASTER,705,266.64,31,0.38
KITTY PENCIL ERASERS,1296,266.56,73,0.21
ASSORTED TUTTI FRUTTI HEART BOX,213,266.25,30,1.25
PEARLISED IVORY HEART SMALL,217,266.21,27,1.23
"GARLAND, VINTAGE BELLS",92,265.88,10,2.89
PARTY TIME PENCIL ERASERS,1261,265.51,78,0.21
WHITE SAGE INCENSE,1260,264.60,25,0.21
12 PINK ROSE PEG PLACE SETTINGS,210,262.50,20,1.25
CURIOUS  IMAGES NOTEBOOK SET,181,262.25,10,1.45
SET/4 BADGES CUTE CREATURES,201,262.14,24,1.30
HELLO SAILOR BLUE SOAP HOLDER,155,261.95,31,1.69
GYMKHANNA TREASURE BOOK BOX,120,261.84,14,2.18
FOOD/DRINK SPONGE STICKERS,1244,261.24,35,0.21
SILVER DIAMANTE PEN IN GIFT BOX,52,260.74,22,5.01
PHOTO CLIP LINE,207,259.96,31,1.26
BLUE FLOCK GLASS CANDLEHOLDER,644,259.96,10,0.40
ABSTRACT CIRCLE JOURNAL,108,259.20,28,2.40
BLUE EGG  SPOON,1718,258.72,71,0.15
ORIGAMI ROSE INCENSE IN TUBE,532,257.88,11,0.48
DECORATION SITTING BUNNY,1335,257.61,41,0.19
IVORY HANGING DECORATION  EGG,713,257.57,46,0.36
NEWSPAPER STAND,25,257.37,3,10.29
SET/4 BADGES BEETLES,198,257.18,35,1.30
SET OF SKULL WALL STICKERS,92,257.00,17,2.79
GREEN METAL SWINGING BUNNY,302,256.70,34,0.85
DECORATION WOBBLY CHICKEN,521,256.11,29,0.49
LOVELY BONBON STICKER SHEET,301,255.85,34,0.85
CARNIVAL BRACELET,20,255.00,6,12.75
GREEN HEART COMPACT MIRROR,203,253.75,20,1.25
STRAWBERRY DREAM CHILDS UMBRELLA,78,253.50,32,3.25
SMALL FOLKART STAR CHRISTMAS DEC,1124,253.35,32,0.23
ZINC WIRE SWEETHEART LETTER TRAY,80,253.24,20,3.17
CARTOON  PENCIL SHARPENERS,3760,253.20,50,0.07
SMALL LICORICE DES PINK BOWL,392,253.05,35,0.65
MINI LADLE LOVE HEART RED,631,252.66,54,0.40
SMALL PINK MAGIC CHRISTMAS TREE,618,252.23,33,0.41
RETRO LONGBOARD IRONING BOARD COVER,199,251.25,45,1.26
PINK RIVIERA HANDBAG,185,250.05,5,1.35
RIDGED GLASS T-LIGHT HOLDER,384,249.60,33,0.65
PINK GOOSE FEATHER TREE 60CM,128,249.60,16,1.95
HANGING WOOD AND FELT FLOWER,1876,249.48,42,0.13
PINK CAT BOWL,168,249.42,40,1.48
SILVER DISCO HANDBAG,123,248.21,30,2.02
BLUE PAISLEY POCKET BOOK,292,248.20,50,0.85
SET OF 6 HALLOWEEN GHOST T-LIGHTS,590,247.80,36,0.42
MAGAZINE RACK GEBRA ASSORTED,191,247.75,17,1.30
WOODLAND LARGE RED FELT HEART,198,247.50,18,1.25
CLASSIC SUGAR DISPENSER,216,247.32,12,1.15
FOLKART CLIP ON STARS,624,246.78,37,0.40
CANDLE PLATE LACE WHITE,114,246.70,21,2.16
PING! MICROWAVE PLATE,101,246.53,28,2.44
WOODLAND SMALL BLUE FELT HEART,297,246.51,27,0.83
ORIGAMI VANILLA INCENSE/CANDLE SET,270,244.90,24,0.91
HEART T-LIGHT HOLDER,217,244.49,18,1.13
RED HEART LUGGAGE TAG,195,243.75,42,1.25
ORANGE VOTIVE CANDLE,984,243.12,24,0.25
ASSORTED TUTTI FRUTTI LARGE PURSE,115,241.50,22,2.10
BEADED CRYSTAL HEART PINK SMALL,166,241.38,34,1.45
FELT FARM ANIMAL HEN,384,240.96,16,0.63
BROWN  PIRATE TREASURE CHEST,220,240.78,37,1.09
SET OF 3 PANTRY WOODEN SPOONS,192,240.00,24,1.25
PACK 3 IRON ON DOG PATCHES,191,239.96,26,1.26
CORDIAL GLASS JUG,29,239.25,12,8.25
RUSTIC STRAWBERRY JAMPOT LARGE,120,238.56,6,1.99
DOORKNOB CRACKED GLAZE BLUE,162,238.50,3,1.47
ANTIQUE CREAM CUTLERY SHELF,28,238.00,18,8.50
HANGING WOOD AND FELT BUTTERFLY,570,237.96,49,0.42
VINTAGE PINK DECORATIVE PARASOL,60,237.00,5,3.95
PINK LOVE BIRD CANDLE,232,236.48,22,1.02
BLACK LOVE BIRD T-LIGHT HOLDER,142,236.21,12,1.66
DOORSTOP RACING CAR DESIGN,118,236.00,32,2.00
4 PINK DINNER CANDLE SILVER FLOCK,126,235.06,30,1.87
EGG CUP HENRIETTA HEN PINK,187,233.75,18,1.25
BLUE POLKADOT PASSPORT COVER,231,233.34,35,1.01
PARTY CONES CANDY DECORATION,296,233.28,8,0.79
BLUE PATCH PURSE PINK HEART,152,233.00,16,1.53
SWEETIES  STICKERS,274,232.90,32,0.85
CRYSTAL STUD EARRINGS ASSORTED COL,612,232.56,15,0.38
WOODLAND SMALL PINK FELT HEART,280,232.40,26,0.83
GREEN BIRDHOUSE DECORATION,389,232.01,36,0.60
3D SHEET OF DOG STICKERS,272,231.98,42,0.85
PINK BUNNY EASTER EGG BASKET,158,231.90,4,1.47
PINK ROSE FABRIC MIRROR,187,231.47,25,1.24
SET OF 36 MUSHROOM PAPER DOILIES,159,230.55,30,1.45
SET/6 BEAD COASTERS GAUZE BAG GOLD,518,230.40,15,0.44
PAINTED YELLOW WOODEN DAISY,271,230.35,32,0.85
BLUE BUNNY EASTER EGG BASKET,157,230.25,3,1.47
RIBBONS PURSE,108,228.83,24,2.12
T-LIGHT HOLDER SILVER PETIT FOUR,183,228.75,15,1.25
BUNNY EGG BOX,183,228.75,26,1.25
CANDY SPOT EGG WARMER HARE,451,227.49,20,0.50
LETTER SHAPE PENCIL SHARPENER,3316,227.14,41,0.07
CLASSICAL ROSE SMALL VASE,138,227.10,10,1.65
ANTIQUE IVORY WIRE BOWL SMALL,91,226.59,18,2.49
WALL ART DOG AND BALL,89,226.29,17,2.54
SET OF 4 NAPKIN CHARMS INSTRUMENT,112,225.92,24,2.02
TRAVEL CARD WALLET VINTAGE ROSE,541,225.78,52,0.42
BLACK SQUARE TABLE CLOCK,95,225.49,12,2.37
PLASMATRONIC LAMP,47,225.19,8,4.79
VINTAGE RED TEATIME MUG,180,225.00,40,1.25
MIRROR LOVE BIRD T-LIGHT HOLDER,140,225.00,9,1.61
POCKET BAG PINK PAISELY BROWN SPOT,177,224.88,30,1.27
GLITTER CHRISTMAS HEART,264,224.40,18,0.85
PIN CUSHION BABUSHKA BLUE,75,223.95,16,2.99
BLUE BIRDHOUSE DECORATION,376,223.30,38,0.59
DECORATIVE VINTAGE COFFEE  BOX,47,223.05,16,4.75
SET/4 BLUE FLOWER CANDLES IN BOWL,135,222.75,34,1.65
ANT COPPER TURQ BOUDICCA BRACELET,45,222.75,12,4.95
ANT COPPER LIME BOUDICCA BRACELET,45,222.75,15,4.95
PINK BOUDICCA LARGE BRACELET,32,222.40,9,6.95
BOX/12 CHICK & EGG IN BASKET,122,222.30,40,1.82
ACRYLIC GEOMETRIC LAMP,12,221.40,9,18.45
CAMOUFLAGE EAR MUFF HEADPHONES,40,221.36,17,5.53
BLUE & WHITE BREAKFAST TRAY,73,221.35,21,3.03
CUBIC MUG PINK POLKADOT,489,220.95,34,0.45
EASTER BUNNY GARLAND OF FLOWERS,525,220.50,37,0.42
PINK/BLUE DISC/MIRROR STRING,551,220.41,8,0.40
4 BLUE DINNER CANDLES SILVER FLOCK,86,219.30,29,2.55
VINTAGE CARAVAN GIFT WRAP,521,218.82,21,0.42
ASSORTED MONKEY SUCTION CUP HOOK,551,218.46,41,0.40
SNACK TRAY HAPPY FOREST,111,216.45,21,1.95
SET 8 CANDLES VINTAGE DOILEY,122,216.30,7,1.77
PURPLE BOUDICCA LARGE BRACELET,31,215.45,11,6.95
TRIPLE WIRE HOOK PINK HEART,68,215.00,18,3.16
DENIM PATCH PURSE PINK BUTTERFLY,130,214.50,26,1.65
GREEN JUICY FRUIT PHOTO FRAME,84,214.20,31,2.55
PINK SCOTTIE DOG W FLOWER PATTERN,84,214.20,22,2.55
MIRRORED DOVE WALL DECORATION,101,214.13,18,2.12
MONEY BOX HOUSEKEEPING DESIGN,223,212.88,46,0.95
ASS COLOUR GLOWING TIARAS,280,212.80,24,0.76
FAIRY DREAMS INCENSE,1025,212.75,32,0.21
VINTAGE NOTEBOOK PARIS DAYS,79,212.65,7,2.69
CERAMIC BIRDHOUSE CRESTED TIT SMALL,72,212.40,16,2.95
PINK GINGHAM CAT WITH SCARF,83,211.65,18,2.55
SMALL POP BOX FUNKY MONKEY,172,210.48,34,1.22
ASSTD COL BUTTERFLY/CRYSTAL W/CHIME,455,210.19,9,0.46
PEG BAG APPLE DESIGN,100,210.00,1,2.10
STRING OF STARS CARD HOLDER,71,209.45,12,2.95
SMOKEY GREY COLOUR D.O.F. GLASS,591,207.39,26,0.35
CROCHET ROSE PURSE WITH SUEDE BACK,70,206.50,17,2.95
HEN PARTY CORDON BARRIER TAPE,165,206.25,28,1.25
TROPICAL PASSPORT COVER,142,206.23,22,1.45
CHARLIE+LOLA MY ROOM DOOR SIGN,362,205.98,64,0.57
MIXED NUTS LIGHT GREEN BOWL,469,205.28,27,0.44
HANGING MEDINA LANTERN SMALL,69,203.55,20,2.95
OPIUM SCENTED VOTIVE CANDLE,840,203.28,18,0.24
WHITE MOROCCAN METAL LANTERN,48,202.92,12,4.23
RABBIT  DESIGN  COTTON TOTE BAG,90,202.50,24,2.25
VINTAGE SHELLS PRINT,32,202.40,14,6.33
HANGING GLASS ETCHED TEALIGHT,131,201.75,10,1.54
BOYS ALPHABET IRON ON PATCHES,960,201.60,4,0.21
BLUE CUSHION COVER WITH FLOWER,29,201.55,9,6.95
2 PICTURE BOOK EGGS EASTER CHICKS,161,201.25,19,1.25
JINGLE BELLS TREE DECORATION,89,200.94,21,2.26
BOTANICAL LAVENDER GIFT WRAP,475,199.50,19,0.42
PINK MONTE CARLO HANDBAG,95,198.35,8,2.09
BLACK EAR MUFF HEADPHONES,37,198.35,17,5.36
WAKE UP COCKEREL TILE COASTER,597,198.09,31,0.33
PINK & WHITE BREAKFAST TRAY,59,198.05,14,3.36
2 PICTURE BOOK EGGS EASTER BUNNY,158,197.50,19,1.25
CHRISTMAS CARD STACK OF PRESENTS,816,196.44,36,0.24
MULTI HEARTS  STICKERS,231,196.35,36,0.85
SET/6 BLACK BIRD T-LIGHT CANDLES,179,195.90,23,1.09
CRAZY DAISY HEART DECORATION,155,195.52,31,1.26
ROSE DU SUD COSMETICS BAG,46,195.50,16,4.25
BLUE POLKADOT LUGGAGE TAG,150,194.76,33,1.30
MILK BOTTLE WITH GLASS STOPPER,28,194.60,15,6.95
PAIR PADDED HANGERS PINK CHECK,57,194.55,11,3.41
FELT FARM ANIMAL SHEEP,283,194.39,16,0.69
MULTICOLOUR RABBIT EGG WARMER,205,194.15,25,0.95
JOY LARGE WOOD LETTERS,37,194.15,14,5.25
BLUE JUICY FRUIT PHOTO FRAME,76,193.80,28,2.55
BLUE  TILE HOOK,77,192.75,14,2.50
SET OF PICTURE FRAME  STICKERS,66,192.54,16,2.92
BLACK LOVE BIRD CANDLE,201,191.49,25,0.95
STAR  T-LIGHT HOLDER,132,191.40,18,1.45
SKULLS TAPE,600,191.28,38,0.32
BLUE HEART COMPACT MIRROR,125,191.25,12,1.53
GREEN ENAMEL+GLASS HAIR COMB,105,191.10,11,1.82
FLOWERS  STICKERS,211,191.05,32,0.91
BATHROOM SET LOVE HEART DESIGN,68,191.00,11,2.81
PAPERWEIGHT KINGS CHOICE,160,190.80,16,1.19
STRAWBERRIES  DESIGN FLANNEL,225,190.79,29,0.85
VINTAGE KEEPSAKE BOX PARIS DAYS,33,190.35,6,5.77
DAISY SKETCHBOOK,71,189.96,25,2.68
KEEP OUT BOYS DOOR HANGER,131,189.95,34,1.45
DONKEY TAIL GAME,54,189.54,4,3.51
CHUNKY SILVER NECKLACE PASTEL FLOWE,19,189.05,11,9.95
BLUE DELPHINIUM ARTIFICIAL FLOWER,99,188.37,6,1.90
GREEN BITTY LIGHT CHAIN,119,188.31,17,1.58
SKULLS STORAGE BOX LARGE,67,188.05,16,2.81
AMETHYST CHUNKY BEAD BRACELET W STR,21,187.95,11,8.95
BOOZE & WOMEN GREETING CARD,457,187.62,33,0.41
TEATIME ROUND PENCIL SHARPENER,1437,186.84,47,0.13
GREEN CHRISTMAS TREE STRING 20LIGHT,41,186.15,10,4.54
PAPERWEIGHT HOME SWEET HOME,146,186.06,18,1.27
ENGLISH ROSE NOTEBOOK A6 SIZE,398,185.10,20,0.47
GIFT BAG LARGE VINTAGE CHRISTMAS,148,185.00,9,1.25
SILVER TEDDY BEAR,48,183.71,16,3.83
3D SHEET OF CAT STICKERS,216,183.60,43,0.85
CHRYSANTHEMUM  JOURNAL,71,183.46,27,2.58
T-LIGHT HOLDER WHITE LACE,327,182.31,20,0.56
MINI JIGSAW LEAP FROG,466,181.04,21,0.39
CREAM DELPHINIUM ARTIFICIAL FLOWER,70,180.58,8,2.58
ANGEL DECORATION WITH LACE PADDED,212,180.20,11,0.85
A PRETTY THANK YOU CARD,438,179.64,26,0.41
PINK JEWELLED MIRROR TRINKET TRAY,29,178.56,13,6.16
ANTIQUE CREAM CUTLERY CUPBOARD,14,178.50,13,12.75
PINK HAWAIIAN PICNIC HAMPER FOR 2,14,178.50,10,12.75
PSYCHEDELIC TILE COASTER,423,178.00,23,0.42
KITTENS DESIGN FLANNEL,232,177.88,33,0.77
SPACE OWL,143,177.37,22,1.24
CHRISTMAS TREE DECORATION WITH BELL,421,176.82,21,0.42
PINK DISCO HANDBAG,83,176.39,21,2.13
BLUE TV TRAY TABLE,76,175.80,13,2.31
SMALL TALL CAMPHOR WOOD TOADSTOOL,129,175.05,22,1.36
PACK 20 DOLLY PEGS,242,174.50,4,0.72
MEDIUM WHITE/PINK ROSE ART FLOWER,127,174.31,11,1.37
WHITE CHRISTMAS STAR DECORATION,415,174.30,25,0.42
PURPLE SWEETHEART BRACELET,41,174.25,16,4.25
BUNNY EGG GARLAND,413,173.46,33,0.42
ASS COL CIRCLE MOBILE,474,173.16,6,0.37
DAISY JOURNAL,66,173.12,26,2.62
PINK HEARTS PAPER GARLAND,118,172.70,6,1.46
KITCHEN FLOWER POTS WALL PLAQUE,29,172.55,13,5.95
ZINC HEART LATTICE CHARGER LARGE,46,172.50,14,3.75
SOFT PINK ROSE TOWEL,37,172.05,10,4.65
BATHROOM SCALES FOOTPRINTS IN SAND,51,172.05,20,3.37
PINK PAINTED KASHMIRI CHAIR,4,171.80,1,42.95
DIAMANTE BOW BROOCH RED COLOUR,27,171.45,10,6.35
BLACK ENAMEL FLOWER RING,58,171.10,9,2.95
TUB 24 PINK FLOWER PEGS,103,169.95,43,1.65
VINTAGE WOODEN BAR STOOL,6,169.75,4,28.29
RIDGED GLASS POSY VASE,117,169.65,17,1.45
SCOTTIES DESIGN WASHBAG,87,169.65,26,1.95
GREEN SQUARE COMPACT MIRROR,125,168.75,15,1.35
ENGLISH ROSE SMALL SCENTED FLOWER,198,168.30,27,0.85
SUMMER DAISIES BAG CHARM,66,168.30,11,2.55
PINK RETRO BIG FLOWER BAG,86,167.70,13,1.95
JARDIN ETCHED GLASS LARGE BELL JAR,38,167.70,13,4.41
FLAG OF ST GEORGE CHAIR,35,167.45,6,4.78
ASSORTED SHAPES PHOTO CLIP SILVER,359,167.11,11,0.47
VIPPASSPORT COVER,128,166.68,21,1.30
PSYCHEDELIC TILE HOOK,295,166.35,40,0.56
SET/4 BIRD MIRROR MAGNETS,478,165.77,44,0.35
VINTAGE KITCHEN PRINT VEGETABLES,65,165.75,12,2.55
VINTAGE KITCHEN PRINT FRUITS,65,165.75,12,2.55
Bank Charges,11,165.00,11,15.00
NUMBER TILE VINTAGE FONT No,147,164.58,7,1.12
SET/4 DAISY MIRROR MAGNETS,486,164.47,35,0.34
50CM METAL STRING WITH  7 CLIPS,222,164.22,19,0.74
FUNKY MONKEY CUSHION COVER,193,164.05,18,0.85
LARGE SKULL WINDMILL,78,163.80,16,2.10
ROUND PINK HEART MIRROR,78,163.80,16,2.10
4 ROSE PINK DINNER CANDLES,138,163.38,14,1.18
CAMPHOR WOOD PORTOBELLO MUSHROOM,147,163.11,23,1.11
PINK CHICK EGG WARMER + EGG CUP,136,163.10,18,1.20
FOLKART HEART NAPKIN RINGS,157,162.91,27,1.04
CLASSIC WHITE FRAME,55,162.25,15,2.95
PEACE SMALL WOOD LETTERS,24,162.00,20,6.75
GOLD EAR MUFF HEADPHONES,32,161.52,20,5.05
FRENCH CHATEAU LARGE PLATTER,70,160.50,18,2.29
CONDIMENT TRAY 4 BOWLS AND 4 SPOONS,17,160.39,9,9.43
SET 4 PICNIC CUTLERY BLUEBERRY,82,159.90,9,1.95
SKULLS STORAGE BOX SMALL,76,159.60,24,2.10
MIRRORED WALL ART GENTS,163,159.51,35,0.98
"PINK/WHITE ""KEEP CLEAN"" BULLET BIN",54,159.30,13,2.95
SILVER FABRIC MIRROR,381,159.26,31,0.42
TUMBLER BAROQUE,408,159.12,25,0.39
LAVENDER SCENT CAKE CANDLE,600,158.64,16,0.26
WRAP RED DOILEY,375,157.50,15,0.42
WRAP CAROUSEL,375,157.50,14,0.42
GREEN ROUND COMPACT MIRROR,126,157.50,9,1.25
SILVER PHOTO FRAME,75,157.50,20,2.10
HANGING METAL CHICKEN DECORATION,126,157.50,19,1.25
ROSE DU SUD CUSHION COVER,28,156.80,11,5.60
ZINC WIRE KITCHEN ORGANISER,25,156.80,12,6.27
TUSCAN VILLA BIRD TABLE,19,156.75,11,8.25
CHRYSANTHEMUM NOTEBOOK,95,156.75,36,1.65
SMALL CHUNKY GLASS ROMAN  BOWL,149,156.59,9,1.05
SWIRLY CIRCULAR RUBBERS IN BAG,443,155.69,36,0.35
LUNCH BOX WITH CUTLERY FAIRY CAKES,61,155.55,24,2.55
RED  EGG  SPOON,1290,155.40,61,0.12
CREAM HANGING HEART T-LIGHT HOLDER,57,155.35,7,2.73
CHAMBRE HOOK,123,155.07,18,1.26
LARGE  TALL CAMPHOR WOOD TOADSTOOL,33,154.65,13,4.69
ASS DES PHONE SPONGE CRAFT STICKER,511,154.39,14,0.30
SPACE CADET RED,121,153.67,21,1.27
BOTANICAL LAVENDER BIRTHDAY CARD,351,153.57,31,0.44
MIRROR MOSAIC T-LIGHT HOLDER,93,153.45,16,1.65
ANT COPPER PINK BOUDICCA BRACELET,31,153.45,9,4.95
WHITE AND BLUE CERAMIC OIL BURNER,134,153.10,15,1.14
FLOWER FAIRY 5 DRAWER LINERS,60,153.00,20,2.55
ZINC TOP  2 DOOR WOODEN SHELF,9,152.55,8,16.95
ANTIQUE GLASS PLACE SETTING,122,152.50,8,1.25
HEART TRELLISTRIPLE T-LIGHT HOLDER,56,152.24,5,2.72
S/4 GROOVY CAT MAGNETS,142,151.92,17,1.07
BOTANICAL LILY GREETING CARD,361,151.62,31,0.42
MINI JIGSAW GO TO THE FAIR,387,151.50,26,0.39
JUNGLE POPSICLES ICE LOLLY HOLDERS,121,151.25,15,1.25
CHRISTMAS CARD SINGING ANGEL,360,151.20,24,0.42
PURPLE ENAMEL+GLASS HAIR COMB,78,151.20,3,1.94
WHITE TISSUE REAM,19,151.05,13,7.95
RETRO LEAVES MAGNETIC NOTEPAD,104,150.80,17,1.45
FOLK ART METAL STAR T-LIGHT HOLDER,381,150.54,29,0.40
RAINBOW PEGS PHOTO CLIP STRING,264,150.18,24,0.57
BLUE KNITTED HEN,91,150.15,14,1.65
BLUE PAINTED KASHMIRI CHAIR,3,149.85,1,49.95
BLACK BAROQUE CARRIAGE CLOCK,17,149.67,7,8.80
KIDS CUTLERY DOLLY GIRL,36,149.40,8,4.15
KIDS CUTLERY SPACEBOY,36,149.40,8,4.15
PINK OVAL SHAPE TRINKET BOX,15,149.25,8,9.95
BLOND DOLL DOORSTOP,115,149.25,14,1.30
CANDY SHOP  STICKER SHEET,175,148.75,20,0.85
ROSE DU SUD WASHBAG,25,148.75,12,5.95
METALIC LEAVES BAG CHARMS,60,148.32,15,2.47
NINJA RABBIT BLACK,116,148.29,21,1.28
JARDIN ETCHED GLASS SMALL BELL JAR,43,147.85,8,3.44
CLASSICAL ROSE CANDLESTAND,187,147.35,7,0.79
ROUND WHITE CONFETTI IN TUBE,89,146.85,9,1.65
RETRO PLASTIC 70'S TRAY,343,146.55,35,0.43
POLYESTER FILLER PAD 45x30cm,101,146.45,37,1.45
YELLOW EASTER EGG HUNT START POST,75,146.25,18,1.95
MILK PAN PINK POLKADOT,39,146.25,17,3.75
CLEAR LOVE BIRD T-LIGHT HOLDER,38,146.21,6,3.85
RED BOUDICCA LARGE BRACELET,21,145.95,8,6.95
BLUE CIRCLES DESIGN MONKEY DOLL,57,145.35,24,2.55
STRIPES DESIGN TEDDY,57,145.35,30,2.55
FUSCHIA FLOWER PURSE WITH BEADS,159,145.17,14,0.91
ENAMEL BLUE RIM COFFEE CONTAINER,135,145.07,20,1.07
WHITE 3 FRAME BIRDS AND TREE,19,145.05,9,7.63
VINTAGE ROSE BEAD BRACELET RASPBERR,34,144.50,10,4.25
2 PICTURE BOOK EGGS EASTER DUCKS,115,143.75,16,1.25
ASSORTED COLOUR METAL CAT,115,143.75,25,1.25
MOROCCAN BEATEN METAL MIRROR,14,143.30,8,10.24
SPACE BOY CHILDRENS CUP,130,143.30,5,1.10
SILVER STANDING GNOME,35,142.75,16,4.08
MIRRORED WALL ART SPLODGES,98,142.50,13,1.45
PAISLEY PARK CARD,348,141.84,24,0.41
SET OF 12 ROSE BOTANICAL T-LIGHTS,48,141.60,7,2.95
MONEY BOX CONFECTIONERY DESIGN,137,141.50,22,1.03
BOTANICAL ROSE GREETING CARD,336,141.12,21,0.42
"DECOUPAGE,GREETING CARD,",336,141.12,23,0.42
ECONOMY LUGGAGE TAG,95,140.81,29,1.48
POPART RECT PENCIL SHARPENER ASST,1166,140.52,33,0.12
MOROCCAN BEATEN METAL DISH LARGE,11,140.25,7,12.75
BEACH HUT DESIGN BLACKBOARD,33,140.25,7,4.25
CERAMIC STRAWBERRY TRINKET TRAY,55,140.25,12,2.55
RED DAISY POCKET BOOK,164,140.18,30,0.85
METAL HERB GERDEN CONTAINER,24,139.68,5,5.82
BATHROOM SCALES RUBBER DUCKS,41,139.35,19,3.40
MOROCCAN BEATEN METAL DISH,14,139.30,5,9.95
SILVER OVAL SHAPE TRINKET BOX,14,139.30,7,9.95
BLUE DAISY MOBILE,172,138.76,12,0.81
LILAC DIAMANTE PEN IN GIFT BOX,26,138.72,15,5.34
MEDIUM PINK BUDDHA HEAD,47,138.65,14,2.95
VINTAGE BEAD NOTEBOOK,47,138.65,17,2.95
PURPLE ENAMEL FLOWER RING,47,138.65,11,2.95
DOLLCRAFT GIRL AMELIE,28,138.60,7,4.95
EASTER BUNNY WREATH,28,138.60,10,4.95
SET 4 PICNIC CUTLERY CHERRY,71,138.45,9,1.95
FUNKY MONKEY GIFT BAG MEDIUM,329,138.18,20,0.42
PORCELAIN BUDAH INCENSE HOLDER,1501,138.10,19,0.09
QUEEN OF THE SKIES PASSPORT COVER,68,137.88,28,2.03
BATHROOM HOOK,140,137.76,21,0.98
FIRST CLASS PASSPORT COVER,66,137.74,26,2.09
CHALKBOARD KITCHEN ORGANISER,6,137.70,3,22.95
GOLD SCROLL GLASS T-LIGHT HOLDER,80,137.22,5,1.72
ABSTRACT CIRCLES POCKET BOOK,161,136.85,41,0.85
ASSORTED SANSKRIT MINI NOTEBOOK,109,136.25,6,1.25
CRYSTAL DIAMANTE EXPANDABLE RING,32,136.00,8,4.25
GREEN ENAMEL FLOWER RING,46,135.70,9,2.95
RED ENAMEL FLOWER RING,46,135.70,11,2.95
SPRIG LAVENDER ARTIFICIAL FLOWER,172,135.32,8,0.79
FLORAL PINK MONSTER,36,135.00,10,3.75
S/6 SEW ON CROCHET FLOWERS,108,135.00,18,1.25
NUMBER TILE COTTAGE GARDEN 1,69,134.55,19,1.95
POLYESTER FILLER PAD 30CMx30CM,107,133.75,26,1.25
GARDEN METAL SIGN,81,133.65,18,1.65
DIAMANTE BOW BROOCH GREEN COLOUR,21,133.35,10,6.35
WHITE SQUARE TABLE CLOCK,94,132.99,11,1.41
COSY SLIPPER SHOES SMALL  RED,45,132.75,18,2.95
BLUE CIRCLES DESIGN TEDDY,52,132.60,20,2.55
PINK/YELLOW FLOWERS HANDBAG,106,132.50,8,1.25
BLUE PUDDING SPOON,1010,132.30,58,0.13
SMALL KITCHEN FLOWER POTS PLAQUE,19,132.05,12,6.95
TUSCAN VILLA BIRD FEEDER,16,132.00,8,8.25
SMALL JEWELLERY STAND,16,132.00,6,8.25
GREEN METAL BOX TOP SECRET,16,132.00,4,8.25
"TUMBLER, NEW ENGLAND",138,131.94,11,0.96
RED KUKUI COCONUT SEED NECKLACE,112,131.80,15,1.18
GREEN MURANO TWIST BRACELET,31,131.75,7,4.25
NUMBER TILE COTTAGE GARDEN 2,67,130.65,15,1.95
SET OF 2 TEA TOWELS PING MICROWAVE,79,130.37,23,1.65
PAPERWEIGHT VINTAGE PAISLEY,134,130.26,15,0.97
S/4 BLACK MINI ROSE CANDLE IN BOWL,222,129.94,12,0.59
PINK HORSE SOCK PUPPET KIT,44,129.80,14,2.95
GOLD WINE GOBLET,164,129.56,7,0.79
GLASS CHALICE GREEN  SMALL,147,129.51,12,0.88
MIRRORED WALL ART LADIES,161,129.15,30,0.80
SILVER APERITIF GLASS,276,128.40,8,0.47
THREE CANVAS LUGGAGE TAGS,66,128.26,10,1.94
75 GREEN PETIT FOUR CASES,305,128.10,33,0.42
SMALLFOLKART BAUBLE CHRISTMAS DEC,462,127.80,6,0.28
SMALL WHITE/PINK ROSE ART FLOWER,113,127.57,9,1.13
GREEN WIRE STANDING CANDLE HOLDER,34,127.50,15,3.75
SILVER BRACELET W PASTEL FLOWER,17,127.50,6,7.50
VINTAGE ROSE BEAD BRACELET BLACK,30,127.50,11,4.25
SPACE FROG,100,127.25,16,1.27
BEADED PEARL HEART WHITE LARGE,77,127.05,10,1.65
VINTAGE KEEPSAKE BOX TRAVELOGUE,20,127.00,10,6.35
SET 4 PICNIC CUTLERY FONDANT,65,126.75,6,1.95
GLASS SONGBIRD STORAGE JAR,11,126.70,3,11.52
FIRST CLASS LUGGAGE TAG,105,126.69,23,1.21
CREAM SWEETHEART WALL CABINET,7,126.65,5,18.09
HANGING WOOD AND FELT HEART,300,126.00,39,0.42
FELT EGG COSY LADYBIRD,256,125.68,18,0.49
LARGE JEWELLERY STAND,10,125.00,4,12.50
PURPLE ACRYLIC FACETED BANGLE,104,125.00,5,1.20
SILVER HOOP EARRINGS WITH FLOWER,21,124.95,11,5.95
SET OF 4 POLKADOT COASTERS,98,124.92,32,1.27
SKULLS DESIGN FLANNEL,149,124.35,22,0.83
BEADED CRYSTAL HEART GREEN SMALL,101,124.11,16,1.23
BLUE  DIAMANTE PEN IN GIFT BOX,25,123.75,20,4.95
PINK PILLAR CANDLE SILVER FLOCK,80,123.68,18,1.55
SMALL CAMPHOR WOOD FIELD  MUSHROOM,93,123.21,19,1.32
SET OF 3 MINI HANGING PORTRAITS,32,123.20,2,3.85
CRYSTAL STUD EARRINGS CLEAR DISPLAY,324,123.12,7,0.38
CANDY SPOT EGG WARMER RABBIT,502,122.94,30,0.24
LARGE PARLOUR FRAME,27,122.85,2,4.55
CHERRY BLOSSOM PASSPORT COVER,134,122.78,25,0.92
FRENCH ENAMEL UTENSIL HOLDER,37,122.75,10,3.32
BLUE ROUND COMPACT MIRROR,88,122.50,11,1.39
NINJA RABBIT PINK,101,122.45,17,1.21
BLACK MINI TAPE MEASURE,158,121.30,30,0.77
ASSORTED CIRCULAR MOBILE,645,121.05,19,0.19
ZINC HEART LATTICE 2 WALL PLANTER,19,120.65,11,6.35
BEADED CRYSTAL HEART GREEN ON STICK,142,120.38,13,0.85
MIRROR MOSAIC CANDLE PLATE,151,120.07,12,0.80
FLORAL SOFT CAR TOY,32,120.00,10,3.75
GIFT BAG LARGE SPOT,96,120.00,6,1.25
DAISY FOLKART HEART DECORATION,96,120.00,16,1.25
VINTAGE ZINC WATERING CAN,12,119.40,7,9.95
CANDY SPOT CUSHION COVER,40,119.36,7,2.98
YELLOW DRAGONFLY HELICOPTER,15,119.25,6,7.95
FRUIT TREE AND BIRDS WALL PLAQUE,15,119.25,8,7.95
PINK OVAL JEWELLED MIRROR,20,119.00,11,5.95
SET OF 12 T-LIGHTS VINTAGE DOILEY,61,118.95,6,1.95
FOLDING MIRROR HOT PINK,156,118.92,5,0.76
CITRUS GARLAND FELT FLOWERS,60,117.00,14,1.95
MOCK LOBSTER FRIDGE MAGNET,266,116.62,22,0.44
FRENCH STYLE STORAGE JAR JAM,323,116.59,30,0.36
BLACK SILOUETTE CANDLE PLATE,137,116.45,20,0.85
SUMMER FUN DESIGN SHOWER CAP,325,116.33,18,0.36
EIGHT PIECE DINOSAUR SET,93,116.25,18,1.25
"SMALL POP BOX,FUNKY MONKEY",93,116.25,13,1.25
RED   ACRYLIC FACETED BANGLE,94,115.90,5,1.23
NEW BAROQUE BLACK PHOTO ALBUM,26,115.55,11,4.44
LUNCH BAG VINTAGE DOILEY,70,115.50,4,1.65
STARFISH SOAP DISH,59,115.25,12,1.95
GROOVY CACTUS INFLATABLE,291,114.41,21,0.39
BLUE FLY SWAT,135,114.21,42,0.85
WALL ART BICYCLE SAFTEY,21,114.15,3,5.44
SILVER LARIAT 40CM,22,113.90,7,5.18
JADE DROP EARRINGS W FILIGREE,23,113.85,8,4.95
ICON PLACEMAT POP ART ELVIS,827,113.64,28,0.14
BEADED CRYSTAL HEART PINK ON STICK,115,113.09,12,0.98
PSYCHEDELIC WALL THERMOMETER,80,112.48,14,1.41
BLUE  VOILE LAMPSHADE,38,112.10,8,2.95
SCENTED CANDLE IN DIGITALIS TIN,53,111.30,10,2.10
BLUE CAT BISCUIT BARREL PINK HEART,57,111.15,9,1.95
MIRROR MOSAIC GOBLET CANDLE HOLDER,26,110.50,8,4.25
PANTRY KITCHEN THERMOMETER,88,110.00,22,1.25
LARGE TORTILLA DESIGN RED BOWL,64,109.80,9,1.72
LARGE CAMPHOR WOOD FIELD MUSHROOM,24,109.80,10,4.58
RED PUDDING SPOON,837,109.74,48,0.13
VINTAGE KITCHEN PRINT PUDDINGS,43,109.65,7,2.55
SNACK TRAY RED GINGHAM,56,109.20,11,1.95
NUMBER TILE COTTAGE GARDEN No,52,109.20,11,2.10
PINK/BLUE STRING CURTAIN,56,109.20,4,1.95
NUMBER TILE COTTAGE GARDEN 9,56,109.20,13,1.95
PACK OF 12 CHRISTMAS FUN CARDS,37,109.15,12,2.95
QUEEN OF SKIES LUGGAGE TAG,89,109.11,34,1.23
NUMBER TILE VINTAGE FONT 3,82,108.34,19,1.32
PAPER LANTERN 6 POINT SNOW STAR,26,107.90,6,4.15
LAVENDER INCENSE 40 CONES IN TIN,109,107.45,10,0.99
HEN HOUSE W CHICK STANDING,270,107.40,16,0.40
NUMBER TILE COTTAGE GARDEN 4,55,107.25,13,1.95
HOUSE WRECKING METAL SIGN,51,107.10,23,2.10
SMALL PARLOUR FRAME,42,106.98,2,2.55
BANK ACCOUNT  GREETING  CARD,265,106.98,17,0.40
MINI LADLE LOVE HEART PINK,243,106.98,45,0.44
ZINC SWEETHEART SOAP DISH,60,106.90,19,1.78
FROSTED WHITE BASE,229,106.45,17,0.46
RETRO PLASTIC DAISY TRAY,240,106.39,31,0.44
WOODLAND LARGE BLUE FELT HEART,85,106.25,8,1.25
ASSORTED CHEESE FRIDGE MAGNETS,163,105.95,8,0.65
DAISY NOTEBOOK,64,105.60,20,1.65
NUMBER TILE COTTAGE GARDEN 0,54,105.30,10,1.95
NUMBER TILE COTTAGE GARDEN 6,54,105.30,11,1.95
TEATIME PUSH DOWN RUBBER,467,105.29,6,0.23
FOLK FELT HANGING MULTICOL GARLAND,28,105.00,8,3.75
RED RETROSPOT WASHBAG,49,102.90,14,2.10
NUMBER TILE VINTAGE FONT 2,79,102.49,13,1.30
PURPLE GEMSTONE NECKLACE 45CM,8,102.00,5,12.75
MIRRORED WALL ART PHOTO FRAMES,24,102.00,10,4.25
SET/3 RABBITS FLOWER SKIPPPING ROPE,120,102.00,21,0.85
"ACRYLIC HANGING JEWEL,BLUE",268,101.84,22,0.38
NUMBER TILE COTTAGE GARDEN 8,52,101.40,11,1.95
NUMBER TILE COTTAGE GARDEN 3,52,101.40,10,1.95
SET OF 4 CAROUSEL PLACEMATS,70,101.06,8,1.44
MINI HIGHLIGHTER PENS,840,100.80,4,0.12
SMALL BLUE PROVENCAL CERAMIC BALL,61,100.65,8,1.65
NUMBER TILE VINTAGE FONT 6,78,100.54,11,1.29
"ACRYLIC JEWEL ICICLE, PINK",264,100.32,17,0.38
PACK/12 XMAS FUN CARD,34,100.30,10,2.95
BEADED CRYSTAL HEART BLUE SMALL,77,99.88,12,1.30
NUMBER TILE COTTAGE GARDEN 7,51,99.45,14,1.95
CAROUSEL DESIGN WASHBAG,51,99.45,25,1.95
LAVENDER INCENSE IN TIN,172,99.29,25,0.58
TUSCAN VILLA FEEDING STATION,12,99.00,7,8.25
BUNDLE OF 3 RETRO EXERCISE BOOKS,60,99.00,5,1.65
TUSCAN VILLA DOVECOTE,12,99.00,4,8.25
NUMBER TILE VINTAGE FONT 4,77,98.59,10,1.28
BLACK CHUNKY BEAD BRACELET W STRAP,11,98.45,7,8.95
CHERRY BLOSSOM CANVAS ART PICTURE,41,97.95,6,2.39
PINK CANDYSTUFT ARTIFICIAL FLOWER,137,96.89,11,0.71
PINK HYDRANGEA ART FLOWER,46,96.60,5,2.10
PACK 3 BOXES CHRISTMAS PANETTONE,39,95.67,12,2.45
5 STRAND GLASS NECKLACE CRYSTAL,15,95.25,6,6.35
PURPLE GEMSTONE BRACELET,16,95.20,7,5.95
PACK 3 FIRE ENGINE/CAR PATCHES,76,95.00,11,1.25
NUMBER TILE VINTAGE FONT 5,75,94.69,16,1.26
YELLOW FLOWERS FELT HANDBAG KIT,45,94.50,18,2.10
WOVEN ROSE GARDEN CUSHION COVER,19,94.05,8,4.95
PINK BERTIE GLASS BEAD BAG CHARM,109,93.90,6,0.86
HOME SWEEET HOME 3 PEG HANGER,25,93.75,4,3.75
CHRISTMAS RETROSPOT HEART WOOD,110,93.50,10,0.85
WHITE VINT ART DECO CRYSTAL NECKLAC,11,93.50,7,8.50
BLACK GRAND BAROQUE PHOTO FRAME,48,93.00,7,1.94
NUMBER TILE VINTAGE FONT 7,74,92.74,13,1.25
PINK BUTTERFLY CUSHION COVER,29,92.55,6,3.19
POSY CANDY BAG,74,92.50,8,1.25
BLUE PAISLEY NOTEBOOK,56,92.40,23,1.65
LARGE BLUE PROVENCAL CERAMIC BALL,44,92.40,8,2.10
ASS FLORAL PRINT SPIRIT LEVEL,96,92.08,32,0.96
PINK MARSHMALLOW SCARF KNITTING KIT,36,91.80,1,2.55
NUMBER TILE COTTAGE GARDEN 5,47,91.65,13,1.95
IVORY SHELL HEART NECKLACE,19,90.67,6,4.77
JASMINE VOTIVE CANDLE,338,90.34,12,0.27
PACKING CHARGE,12,90.00,12,7.50
SILVER  CANDLEPOT JARDIN,24,90.00,7,3.75
POLKADOT MUG PINK,62,89.70,8,1.45
PINK BITTY LIGHT CHAIN,69,89.65,7,1.30
WOODEN BOX ADVENT CALENDAR,10,89.50,5,8.95
AMBER GLASS/SILVER BRACELET,10,89.50,7,8.95
12 PINK HEN+CHICKS IN BASKET,35,89.25,13,2.55
VINTAGE KITCHEN PRINT SEAFOOD,35,89.25,6,2.55
SILVER M.O.P ORBIT BRACELET,18,89.10,9,4.95
NUMBER TILE VINTAGE FONT 1,72,88.84,11,1.23
PAISLEY PATTERN  STICKERS,104,88.40,16,0.85
GREEN PEONY CUSHION COVER,19,88.35,6,4.65
MIRRORED WALL ART FOXY,15,88.20,8,5.88
"FLOWER GLASS GARLAND NECKL.36""BLACK",11,87.45,4,7.95
12 HANGING EGGS HAND PAINTED,42,87.36,7,2.08
BLACK+WHITE NECKLACE W TASSEL,13,87.35,5,6.72
OYSTER TRINKET BOX,48,87.12,13,1.82
GREEN FERN NOTEBOOK,52,85.80,22,1.65
PAINTED SEA SHELL METAL WINDCHIME,93,85.31,8,0.92
BLUE MURANO TWIST BRACELET,20,85.00,5,4.25
BLUE SWEETHEART BRACELET,20,85.00,6,4.25
SPACE CADET WHITE,65,84.88,15,1.31
FLAMES SUNGLASSES PINK LENSES,47,84.45,6,1.80
PINK STOCKING CHRISTMAS DECORATION,222,84.36,16,0.38
TURQUOISE CRYSTAL+GLASS BRACELET,17,84.15,5,4.95
MEDIUM PARLOUR FRAME,22,84.10,2,3.82
BOTANICAL LILY GIFT WRAP,200,84.00,5,0.42
WRAP FOLK ART,200,84.00,8,0.42
FOUR RABBIT EASTER DECORATIONS,67,83.75,11,1.25
BLUE KNITTED EGG COSY,150,83.46,25,0.56
PINK HEART OF GLASS BRACELET,14,83.30,8,5.95
PINK AND BLACK STRING CURTAIN,38,82.10,5,2.16
TEATIME GEL PENS ASST,504,82.08,5,0.16
SET/4 MODERN VINTAGE COTTON NAPKINS,75,80.85,22,1.08
PEACH KNITTED HEN,49,80.85,8,1.65
SILVER/M.O.P PENDANT ORBIT NECKLACE,14,80.75,4,5.77
SET/6 POSIES PAPER PLATES,95,80.75,9,0.85
BLUE GLASS CHUNKY CHARM BRACELET,9,80.55,6,8.95
WHITE GLASS CHUNKY CHARM BRACELET,9,80.55,8,8.95
SET 36 COLOUR PENCILS DOILEY,64,80.00,3,1.25
WHITE CHRYSANTHEMUMS ART FLOWER,38,79.80,5,2.10
SILVER/MOP ORBIT NECKLACE,8,79.60,7,9.95
GOLD M PEARL  ORBIT NECKLACE,8,79.60,6,9.95
VINTAGE ZINC WATERING CAN SMALL,16,79.20,6,4.95
RED PEONY CUSHION COVER,17,79.05,5,4.65
STRIPES DESIGN MONKEY DOLL,31,79.05,14,2.55
FLORAL BATHROOM SET,21,78.75,11,3.75
BEADED CRYSTAL HEART BLUE ON STICK,73,78.71,11,1.08
CLASSIC CROME BICYCLE BELL,60,77.40,2,1.29
GREEN HEART OF GLASS BRACELET,13,77.35,5,5.95
NUMBER TILE VINTAGE FONT 8,66,77.14,11,1.17
ANT SILVER LIME GREEN BOUDICCA RING,26,76.70,9,2.95
LONG SILVER NECKLACE PASTEL FLOWER,6,76.50,4,12.75
GOLD/M.O.P PENDANT ORBIT NECKLACE,9,76.50,8,8.50
TROPICAL LUGGAGE TAG,61,76.39,22,1.25
FROG CANDLE,61,76.25,17,1.25
MIRRORED WALL ART TABLE LAMP,67,75.73,25,1.13
VINTAGE ZINC PLANTER,23,75.67,5,3.29
CLEAR MILKSHAKE GLASS,36,75.60,5,2.10
BLUE GEISHA GIRL,20,75.00,10,3.75
VINTAGE ENGRAVED HEART,60,75.00,4,1.25
BEACH HUT KEY CABINET,20,75.00,8,3.75
GREEN GEISHA GIRL,20,75.00,10,3.75
HILDA CANDY SPOT RABBIT,20,75.00,11,3.75
ALUMINIUM HEART,30,74.70,6,2.49
PAPER LANTERN 9 POINT HOLLY STAR 23,18,74.70,5,4.15
DOUBLE CERAMIC PARLOUR HOOK,18,74.70,4,4.15
WOVEN BERRIES CUSHION COVER,15,74.25,7,4.95
LILY BROOCH AMETHYST COLOUR,15,74.25,8,4.95
BROWN KUKUI COCONUT SEED NECKLACE,74,74.00,8,1.00
MOUSEY LONG LEGS SOFT TOY,29,73.95,11,2.55
HANGING BAUBLE T-LIGHT HOLDER LARGE,25,73.75,9,2.95
VIP PASSPORT COVER,35,73.50,11,2.10
DRAGONS BLOOD INCENSE,349,73.29,13,0.21
4 SKY BLUE DINNER CANDLES,58,72.50,12,1.25
SET OF 36 SPACEBOY PAPER DOILIES,50,72.50,7,1.45
POLYESTER FILLER PAD 65CMx65CM,17,72.25,5,4.25
SILVER M.O.P ORBIT DROP EARRINGS,17,72.25,9,4.25
SPOTTED WHITE NATURAL SEED NECKLACE,72,72.00,7,1.00
FLOWERS TILE HOOK,57,71.82,11,1.26
PINK KNITTED EGG COSY,140,71.76,25,0.51
AMBER CHUNKY GLASS+BEAD NECKLACE,6,71.70,6,11.95
AMBER CHUNKY BEAD BRACELET W STRAP,8,71.60,4,8.95
NUMBER TILE VINTAGE FONT 9,63,71.29,8,1.13
YELLOW POT PLANT CANDLE,23,71.05,9,3.09
CHARLIE AND LOLA CHARLOTTE BAG,43,70.95,8,1.65
CONGRATULATIONS BUNTING,13,70.85,3,5.45
STRIPY DESIGN SHOWER CAP,197,70.57,15,0.36
PINK ROSEBUD PEARL BRACELET,19,70.35,6,3.70
PINK SQUARE TABLE CLOCK,62,70.10,5,1.13
WRAP BAD HAIR DAY,700,70.00,22,0.10
BLUE WIRE SPIRAL CANDLE HOLDER,11,69.85,5,6.35
ROUND PURPLE CLOCK WITH SUCKER,367,69.73,24,0.19
GREEN MURANO TWIST NECKLACE,7,69.65,4,9.95
NUMBER TILE VINTAGE FONT 0,62,69.34,8,1.12
WOVEN BUBBLE GUM CUSHION COVER,14,69.30,6,4.95
SET OF 12 MINI BUNNIES IN A BUCKET,33,69.30,18,2.10
WOVEN CANDY CUSHION COVER,14,69.30,5,4.95
ST TROPEZ NECKLACE,14,69.30,6,4.95
"GREETING CARD,SQUARE, DOUGHNUTS",160,68.84,13,0.43
4 BURGUNDY WINE DINNER CANDLES,55,68.75,11,1.25
EASTER BUNNY WITH BASKET ON BACK,105,68.25,18,0.65
ASSORTED FARMYARD ANIMALS IN BUCKET,86,68.06,6,0.79
AMBER DIAMANTE EXPANDABLE RING,16,68.00,4,4.25
CAKE STAND VICTORIAN FILIGREE LARGE,8,68.00,4,8.50
SILVER/NATURAL SHELL NECKLACE,8,68.00,4,8.50
BLACK VINT ART DEC CRYSTAL NECKLACE,8,68.00,5,8.50
"FOLK ART GREETING CARD,pack/12",23,67.85,9,2.95
ORIGAMI VANILLA INCENSE CONES,154,67.83,7,0.44
LUSH GREENS RIBBONS,54,67.50,13,1.25
EASTER BUNNY HANGING GARLAND,54,67.50,11,1.25
SMALL ZINC/GLASS CANDLEHOLDER,49,67.25,6,1.37
BLUE BLOSSOM HAIR CLIP,64,67.20,6,1.05
"ACRYLIC HANGING JEWEL,PINK",95,66.55,7,0.70
BEACH HUT MIRROR,49,66.39,8,1.35
WHITE  ROSEBUD PEARL BRACELET,28,65.70,7,2.35
PINK B'FLY C/COVER W BOBBLES,11,65.45,6,5.95
RASPBERRY ANT COPPER FLOWER NECKLAC,11,65.45,6,5.95
PURPLE BERTIE GLASS BEAD BAG CHARM,74,65.40,5,0.88
PACK/12 BLUE FOLKART CARDS,22,64.90,18,2.95
BISCUIT TIN VINTAGE LEAF,24,64.56,3,2.69
VINTAGE ENAMEL & CRYSTAL EARRINGS,13,64.35,4,4.95
"DECORATION HEN ON NEST, HANGING",39,64.35,3,1.65
CRYSTAL DIAMANTE STAR BROOCH,13,64.35,7,4.95
16 PC CUTLERY SET PANTRY DESIGN,4,63.80,1,15.95
PINK METAL SWINGING BUNNY,75,63.75,8,0.85
BLUE SQUARE COMPACT MIRROR,51,63.75,8,1.25
BLACK DIAMANTE EXPANDABLE RING,15,63.75,4,4.25
MONEY BOX FIRST ADE DESIGN,51,63.75,13,1.25
FINE SILVER NECKLACE W PASTEL FLOWE,13,63.75,3,4.90
SILVER LATTICE VANILLA CANDLE POT,17,63.75,7,3.75
EAU DE NILE JEWELLED T-LIGHT HOLDER,75,63.75,9,0.85
TURQUOISE BERTIE GLASS BEAD CHARM,73,63.30,3,0.87
"ACRYLIC JEWEL SNOWFLAKE, PINK",162,63.28,5,0.39
CHRISTMAS CRAFT HEART STOCKING,30,63.00,1,2.10
METAL RABBIT LADDER EASTER,74,62.90,16,0.85
SCOTTIES CHILDRENS APRON,38,62.70,10,1.65
MIDNIGHT BLUE GLASS/SILVER BRACELET,7,62.65,5,8.95
BLACK/WHITE GLASS/SILVER BRACELET,7,62.65,3,8.95
BLUE DISCO HANDBAG,31,62.63,10,2.02
PINK STRING CURTAIN WITH POLE,28,62.60,7,2.24
RED DAISY PAPER LAMPSHADE,50,62.50,6,1.25
SMALL HANGING GLASS+ZINC LANTERN,43,62.35,8,1.45
ORIGAMI SANDLEWOOD INCENSE+FLOWER,80,62.15,6,0.78
SET/6 POSIES PAPER CUPS,126,62.12,10,0.49
TURQUOISE GLASS TASSLE BAG CHARM,21,61.95,6,2.95
ZINC HEART LATTICE CHARGER SMALL,21,61.95,8,2.95
A4 WALL TIDY BLUE OFFICE,114,61.86,5,0.54
FLOWERS HANDBAG blue and orange,49,61.25,3,1.25
SET OF 36 DOLLY GIRL PAPER DOILIES,42,60.90,12,1.45
ORIENTAL RED CUSHION COVER,13,60.45,4,4.65
CUBIC MUG FLOCK BLUE ON BROWN,127,60.33,17,0.48
PIG MUG IN TWO COLOUR DESIGNS,128,60.04,11,0.47
PAIR BUTTERFLY HAIR CLIPS,16,60.00,3,3.75
"BATHROOM SCALES, TROPICAL BEACH",16,60.00,10,3.75
ELVIS WALLHANGING / CURTAIN,48,60.00,6,1.25
PINK MURANO TWIST NECKLACE,6,59.70,4,9.95
PINK PAISLEY CUSHION COVER,10,59.50,6,5.95
WAY OUT METAL SIGN,36,59.40,8,1.65
I LOVE LONDON WALL ART,12,59.40,2,4.95
WOVEN SUNSET CUSHION COVER,12,59.40,3,4.95
RUSTIC STRAWBERRY JAMPOT SMALL,36,59.40,3,1.65
ENGLISH ROSE METAL WASTE BIN,20,59.00,11,2.95
PINK & WHITE ROSEBUD RING,14,58.90,8,4.21
PARTY TIME DESIGN FLANNEL,72,58.90,11,0.82
"TUMBLER, BAROQUE",54,58.86,5,1.09
GARDEN PATH POCKET BOOK,69,58.65,21,0.85
CLEAR ACRYLIC FACETED BANGLE,40,58.60,6,1.47
CD WALL TIDY RED FLOWERS,160,58.56,5,0.37
SET OF 36 PANTRY PAPER DOILIES,39,58.02,14,1.49
SMOKEY GREY COLOUR GLASS,200,58.00,11,0.29
BLACK ORANGE SQUEEZER,138,57.96,21,0.42
TOP SECRET PEN SET,46,57.50,10,1.25
RETRO PINK BALL ASHTRAY,46,57.50,13,1.25
SET 4 NURSERY DES ROUND BOXES,55,57.25,9,1.04
CUBIC MUG FLOCK PINK ON BROWN,130,57.18,20,0.44
TEATIME PEN CASE & PENS,67,56.95,13,0.85
PINK/PURPLE CIRCLE CURTAIN,52,56.52,6,1.09
BLUE TABLE RUN FLOWER,45,56.25,11,1.25
DAISY HAIR BAND,34,56.10,5,1.65
BLUE TRAVEL FIRST AID KIT,34,56.10,7,1.65
NECKLACE+BRACELET PINK BUTTERFLY,22,56.10,8,2.55
VINTAGE NOTEBOOK TRAVELOGUE,19,56.05,3,2.95
SET OF 3 CONEY ISLAND OVAL BOXES,12,55.95,7,4.66
"LETTER ""A"" BLING KEY RING",63,55.71,14,0.88
CLASSICAL ROSE TABLE LAMP,6,55.70,2,9.28
"FLOWER GLASS GARLD NECKL36""AMETHYST",7,55.65,5,7.95
RECIPE BOX WITH METAL HEART,7,55.65,3,7.95
SWEET PUDDING STICKER SHEET,65,55.25,15,0.85
ROSE DU SUD DRAWSTRING BAG,13,55.25,5,4.25
BLACK SMALL GLASS CAKE STAND,61,54.99,12,0.90
COLUMBIAN CUBE CANDLE,28,54.60,12,1.95
LILY BROOCH OLIVE COLOUR,11,54.45,6,4.95
WOVEN FROST CUSHION COVER,11,54.45,6,4.95
CHRYSANTHEMUM POCKET BOOK,64,54.40,20,0.85
"RETRO ""TEA FOR ONE""",14,54.30,11,3.88
GOLD FABRIC MIRROR,139,54.21,17,0.39
WHITE VINTAGE CRYSTAL BRACELET,8,54.00,3,6.75
BLACK CHERRY LIGHTS,8,54.00,1,6.75
IVY HEART WREATH,8,54.00,6,6.75
SPACEBOY MINI RUCKSACK,13,53.95,4,4.15
WAKE UP COCKEREL TILE HOOK,46,53.85,14,1.17
SET OF 72 GREEN PAPER DOILIES,37,53.65,18,1.45
GREEN FERN POCKET BOOK,63,53.55,22,0.85
ZINC HEART LATTICE TRAY OVAL,9,53.55,7,5.95
HEART BUTTONS JEWELLERY BOX,7,53.55,4,7.65
FOLK ART METAL HEART T-LIGHT HOLDER,145,52.76,18,0.36
FIRE POLISHED GLASS BRACELET GREEN,14,52.50,2,3.75
BLUE CLIMBING HYDRANGA ART FLOWER,38,52.50,3,1.38
CRYSTAL PAIR HEART HAIR SLIDES,14,52.50,6,3.75
CREAM CLIMBING HYDRANGA ART FLOWER,30,52.50,3,1.75
HELLO SAILOR BATHROOM SET,14,52.50,9,3.75
DIAMANTE NECKLACE PURPLE,7,52.50,4,7.50
RETO LEAVES MAGNETIC SHOPPING LIST,36,52.20,3,1.45
DOORKNOB CERAMIC IVORY,36,52.20,1,1.45
ORIGAMI OPIUM INCENSE/CANDLE SET,59,52.05,3,0.88
VINTAGE BEAD COSMETIC BAG,16,51.82,6,3.24
FRENCH CHATEAU SMALL FRUITBOWL,24,51.60,8,2.15
RETRO BROWN BALL ASHTRAY,41,51.25,5,1.25
SPACE CADET BLACK,40,51.21,10,1.28
NECKLACE+BRACELET SET BLUE HIBISCUS,20,51.00,13,2.55
SILVER LARIAT BLACK STONE EARRINGS,12,51.00,6,4.25
BLACK GEMSTONE NECKLACE 45CM,4,51.00,4,12.75
TEATIME FUNKY FLOWER BACKPACK FOR 2,3,50.85,3,16.95
5 STRAND GLASS NECKLACE BLACK,8,50.80,3,6.35
DIAMANTE BOW BROOCH BLACK COLOUR,8,50.80,4,6.35
VINTAGE PHOTO ALBUM PARIS DAYS,8,50.80,3,6.35
GREEN EASTER EGG HUNT START POST,26,50.70,9,1.95
S/3 POT POURI CUSHIONS BLUE COLOURS,24,50.40,2,2.10
FUSCHIA VOILE POINTY SHOE DEC,97,50.31,15,0.52
PINK FEATHERS CURTAIN,52,50.28,3,0.97
COLOURFUL FLOWER FRUIT BOWL,16,50.25,11,3.14
GREEN GLASS TASSLE BAG CHARM,17,50.15,6,2.95
LARGE ZINC GLASS CANDLEHOLDER,18,49.98,4,2.78
CRYSTAL FROG PHONE CHARM,85,49.93,11,0.59
"RUSTIC WOODEN CABINET, GLASS DOORS",2,49.90,1,24.95
VEGETABLE MAGNETIC  SHOPPING LIST,36,49.80,3,1.38
DECROTIVEVINTAGE COFFEE GRINDER BOX,10,49.50,4,4.95
GOLDIE LOOKING MIRROR,10,49.50,4,4.95
CHRISTMAS TREE T-LIGHT HOLDER,34,49.30,7,1.45
PINK FLOWERS RABBIT EASTER,21,48.95,5,2.33
BUTTONS AND STRIPES NOTEBOOK,13,48.75,7,3.75
LITTLE GREEN MONSTER SOFT TOY,19,48.45,9,2.55
CAKE SHOP  STICKER SHEET,57,48.45,8,0.85
CAKES AND RABBITS DESIGN FLANNEL,57,48.45,10,0.85
PURPLE DRESS JEWELLERY STAND,61,48.19,3,0.79
BILI NUT AND WOOD NECKLACE,48,48.00,5,1.00
FLOWER GARLAND NECKLACE RED,6,47.70,4,7.95
"FLOWER GLASS GARLAND NECKL.36""BLUE",6,47.70,2,7.95
TURQUOISE HEART OF GLASS BRACELET,8,47.60,4,5.95
"WALL ART , LOVES' SECRET",8,47.60,2,5.95
HAND WARMER RED POLKA DOT,24,47.40,2,1.98
"LARGE CAKE TOWEL, CHOCOLATE SPOTS",7,47.25,4,6.75
LOVE POTION MASALA INCENSE,225,47.25,8,0.21
YELLOW/BLUE RETRO RADIO,16,47.20,7,2.95
RED GLASS TASSLE BAG CHARM,16,47.20,5,2.95
SET OF 6 ICE CREAM SKITTLES,16,47.20,3,2.95
RED PEONY TABLE CLOCK,16,47.20,10,2.95
COLUMBIAN  CUBE CANDLE,98,47.18,8,0.48
BLUE MONTE CARLO HANDBAG,24,46.80,1,1.95
CROCHET WHITE RABBIT KEYRING,31,46.35,3,1.50
4 PINK FLOCK CHRISTMAS BALLS,37,46.25,11,1.25
WHITE WIRE PLANT POT HOLDER,16,46.24,2,2.89
WHITE HYDRANGEA ART FLOWER,22,46.20,3,2.10
BLACK BIRD GARDEN DESIGN MUG,105,46.11,15,0.44
PAPER LANTERN 5 POINT STUDDED STAR,8,46.00,4,5.75
PINK FELT HANGING HEART W FLOWER,54,45.90,5,0.85
ROMANTIC IMAGES SCRAP BOOK SET,16,45.90,7,2.87
SET/6 GREEN SPRING PAPER CUPS,231,45.73,24,0.20
FAWN AND MUSHROOM GREETING CARD,108,45.36,8,0.42
PERIWINKLE T-LIGHT HOLDER,36,45.00,10,1.25
RESIN NECKLACE W PASTEL BEADS,6,45.00,4,7.50
"WALL ART ,PUDDINGS",6,44.70,1,7.45
ANT COPPER RED BOUDICCA BRACELET,9,44.55,6,4.95
MOP PENDANT SHELL NECKLACE,9,44.55,3,4.95
GREEN  DIAMANTE PEN IN GIFT BOX,9,44.55,5,4.95
TEAL/FUSCHIA COL BEAD NECKLACE,9,44.55,3,4.95
FROG SOCK PUPPET,15,44.25,8,2.95
CHERRY BLOSSOM LUGGAGE TAG,33,43.67,6,1.32
BLUE FLOWER DES PURSE,44,43.66,6,0.99
"RETRO PILL BOX KEY CHAIN,THE KING",235,43.65,14,0.19
PAIR OF ENAMEL BUTTERFLY HAIRCLIP,13,43.55,7,3.35
"PEARL & SHELL 42""NECKL. GREEN",4,43.00,2,10.75
PAINTED LIGHTBULB STAR+ MOON,108,42.96,15,0.40
TRANQUILITY MASALA INCENSE,200,42.00,7,0.21
WRAP  VINTAGE DOILEY,100,42.00,2,0.42
WRAP SUMMER ROSE DESIGN,100,42.00,4,0.42
"WRAP, CAROUSEL",100,42.00,4,0.42
CRACKED GLAZE NECKLACE IVORY,6,41.70,2,6.95
CRACKED GLAZE NECKLACE RED,6,41.70,3,6.95
PAPER LANTERN 5 POINT STAR MOON 30,10,41.50,5,4.15
FAN BLACK FRAME,143,41.47,12,0.29
ANT SILVER FUSCHIA BOUDICCA RING,14,41.30,7,2.95
CANDY SPOT BUNNY,14,41.30,5,2.95
AMBER DROP EARRINGS W LONG BEADS,14,41.30,4,2.95
"STRING OF 8 BUTTERFLIES,PINK",25,41.25,6,1.65
CREAM BUNNY EASTER EGG BASKET,25,41.25,3,1.65
GREEN VINTAGE EARRINGS,11,41.25,4,3.75
CREAM AND PINK FLOWERS PONY,11,41.25,5,3.75
FIRST CLASS HOLIDAY PURSE,11,40.97,5,3.72
PINK FLY SWAT,63,40.95,25,0.65
LITTLE PINK MONSTER SOFT TOY,16,40.80,7,2.55
MINITURE ANTIQUE ROSE HOOK IVORY,48,40.80,4,0.85
HANGING RIDGE GLASS T-LIGHT HOLDER,24,40.56,1,1.69
DOGGY RUBBER,193,40.53,29,0.21
ROUND BLUE CLOCK WITH SUCKER,211,40.09,10,0.19
CANDY SPOT TEA COSY,27,40.05,2,1.48
"LETTER ""C"" BLING KEY RING",52,40.04,9,0.77
ROCOCO WALL MIROR,2,39.90,1,19.95
BLUE MURANO TWIST NECKLACE,4,39.80,3,9.95
LA PALMIERA TILE HOOK,45,39.78,11,0.88
FREESTYLE CANVAS ART PICTURE,41,39.65,18,0.97
PINK CRYSTAL+GLASS BRACELET,8,39.60,3,4.95
CHILDRENS SPACEBOY MUG,24,39.60,2,1.65
PINK DOG CANNISTER,14,39.30,4,2.81
SET/4 BUTTERFLY MIRROR MAGNETS,79,39.20,13,0.50
SET OF 36 VINTAGE CHRISTMAS DOILIES,27,39.15,6,1.45
FAIRY CAKE NOTEBOOK A5 SIZE,46,39.10,5,0.85
MULTICOLOUR EASTER RABBIT,20,39.00,4,1.95
FUSCHIA TABLE RUN FLOWER,27,38.75,5,1.44
BLACK MEDIUM GLASS CAKE STAND,19,38.69,8,2.04
BLUE POLKADOT PUDDING BOWL,29,38.67,7,1.33
ASSORTED COLOUR SUCTION CUP HOOK,202,38.38,13,0.19
PINK STRAWBERRY HANDBAG,13,38.35,5,2.95
PINK YELLOW PATCH CUSHION COVER,5,38.25,3,7.65
NEW BAROQUE BLACK BOXES,3,38.25,3,12.75
LA PALMIERA WALL THERMOMETER,15,38.25,10,2.55
CANDY SPOT HEART DECORATION,45,38.25,8,0.85
RED POLKADOT PUDDING BOWL,32,38.13,6,1.19
T-LIGHT HOLDER SILVER SAUCER,41,38.03,6,0.93
FLAG OF ST GEORGE,23,37.95,7,1.65
PINK CHRYSANTHEMUMS ART FLOWER,18,37.80,1,2.10
GREEN CAT FLORAL CUSHION COVER,10,37.50,4,3.75
BLACK VINTAGE  CRYSTAL EARRINGS,10,37.50,5,3.75
FLOWER BURST SILVER RING CRYSTAL,10,37.50,6,3.75
RUBY DROP CHANDELIER EARRINGS,10,37.50,3,3.75
PAPER LANTERN 9 POINT HOLLY STAR 40,6,37.50,3,6.25
IVORY SCULPTED RND CANDLE,44,37.40,7,0.85
HOT WATER BOTTLE BABUSHKA LARGE,8,37.20,1,4.65
SQUARE METAL CANDLEHOLDER BASE,52,36.52,8,0.70
VANILLA INCENSE 40 CONES IN TIN,29,36.25,12,1.25
GREY ACRYLIC FACETED BANGLE,26,35.90,3,1.38
ASSORTED CAKES FRIDGE MAGNETS,55,35.75,8,0.65
PINK FOXGLOVE ARTIIFCIAL FLOWER,14,35.70,3,2.55
PINK/FLOWER RABBIT EGG WARMER,17,35.70,4,2.10
COPPER/OLIVE GREEN FLOWER NECKLACE,6,35.70,4,5.95
BLACK DROP CRYSTAL NECKLACE,12,35.40,2,2.95
CRYSTAL HOOP EARRING FLORAL LEAF,12,35.40,6,2.95
BLUE POLKADOT PURSE,9,35.07,5,3.90
PINK CLEAR GLASS CANDLE PLATE,28,35.00,3,1.25
"RETRO PILL BOX , REVOLUTIONARY",189,34.91,10,0.18
LEAVES MAGNETIC  SHOPPING LIST,24,34.80,2,1.45
IVORY GOLD METAL BAG CHARM,5,34.77,3,6.95
"LETTER ""K"" BLING KEY RING",47,34.75,12,0.74
BLUE CHENILLE SHAGGY CUSHION COVER,33,34.65,11,1.05
RIVIERA NECKLACE,7,34.65,2,4.95
CD WALL TIDY BLUE OFFICE,96,34.56,2,0.36
HEN HOUSE W FAMILY IN BARN & NEST,49,34.51,9,0.70
GOLD APERITIF GLASS,88,34.32,2,0.39
MONEY BOX FIRST AID DESIGN,43,34.32,10,0.80
"GREETING CARD, OVERCROWDED POOL.",180,34.20,15,0.19
FILIGREE DIAMANTE EARRINGS,8,34.00,4,4.25
GOLD M.O.P ORBIT DROP EARRINGS,8,34.00,5,4.25
PINK BUTTERFLY WASHBAG,8,34.00,5,4.25
FLOWER BLUE CLOCK WITH SUCKER,117,33.93,8,0.29
FUNKY FLOWER PICNIC BAG FOR 4,2,33.90,2,16.95
BLUE STONES ON WIRE FOR CANDLE,404,33.75,17,0.08
36 PENCILS TUBE POSY,27,33.75,11,1.25
CRYSTAL SEA HORSE PHONE CHARM,90,33.66,8,0.37
BLACK SIL'T SQU CANDLE PLATE,16,33.60,2,2.10
DOLLY GIRL MINI RUCKSACK,8,33.20,2,4.15
WHITE WITH BLACK CATS PLATE,78,33.18,3,0.43
TURQ ICE CREAM BUM BAG,13,33.15,3,2.55
NECKLACE+BRACELET SET FRUIT SALAD,13,33.15,12,2.55
FLOWER FAIRY INCENSE BOUQUET,61,32.35,5,0.53
YELLOW BREAKFAST CUP AND SAUCER,49,31.91,14,0.65
DANISH ROSE UMBRELLA STAND,2,31.90,2,15.95
"FLOWER GLASS GARLAND NECKL.36""GREEN",4,31.80,2,7.95
"FLOWER GLASS GARLD NECKL36""TURQUOIS",4,31.80,1,7.95
SET/9 CHRISTMAS T-LIGHTS SCENTED,25,31.25,7,1.25
PINK BREAKFAST CUP AND SAUCER,21,31.23,7,1.49
SET 12 COLOUR PENCILS DOILEY,48,31.20,3,0.65
BAKING MOULD CHOCOLATE CUP CAKES,12,30.60,2,2.55
YULETIDE IMAGES S/6 PAPER BOXES,12,30.60,7,2.55
CANNABIS LEAF BEAD CURTAIN,36,30.60,2,0.85
BAKING MOULD CUPCAKE CHOCOLATE,12,30.60,1,2.55
WHITE CHRISTMAS FLOCK DROPLET,24,30.00,1,1.25
PINK HEART DOTS HOT WATER BOTTLE,8,30.00,4,3.75
PINK ROSEBUD & PEARL NECKLACE,4,30.00,2,7.50
MIDNIGHT BLUE VINTAGE EARRINGS,8,30.00,2,3.75
MIDNIGHT BLUE PAIR HEART HAIR SLIDE,8,30.00,4,3.75
BLACK CHRISTMAS FLOCK DROPLET,24,30.00,1,1.25
BUTTERFLY CUSHION COVER,8,30.00,2,3.75
BIRTHDAY BANNER TAPE,24,30.00,1,1.25
GIFT BAG LARGE 50'S CHRISTMAS,24,30.00,2,1.25
CAPIZ CHANDELIER,1,29.95,1,29.95
PALE PINK/AMETHYST STONE NECKLACE,3,29.85,2,9.95
PURPLE AMETHYST NECKLACE W TASSEL,3,29.85,3,9.95
SILVER/BLACK ORBIT NECKLACE,3,29.85,2,9.95
DIAMOND LAS VEGAS NECKLACE 45CM,5,29.75,3,5.95
CHRISTMAS MUSICAL ZINC HEART,35,29.75,5,0.85
AMETHYST DIAMANTE EXPANDABLE RING,7,29.75,2,4.25
WHITE/PINK CHICK EASTER DECORATION,35,29.75,9,0.85
RUBY GLASS CLUSTER BRACELET,5,29.75,2,5.95
GOLD DIAMANTE STAR BROOCH,6,29.70,3,4.95
LIGHTHOUSE PRINTED METAL SIGN,6,29.70,3,4.95
IVORY PENDANT TRIPLE SHELL NECKLACE,6,29.70,2,4.95
MODERN VINTAGE COTTON SHOPPING BAG,22,29.70,8,1.35
"WALL ART,ONLY ONE PERSON",6,29.70,1,4.95
ORANGE/WHT/FUSCHIA STONES NECKLACE,6,29.70,1,4.95
PINK FLOCK GLASS CANDLEHOLDER,38,29.68,5,0.78
"ACRYLIC JEWEL ANGEL,PINK",78,29.64,2,0.38
15 PINK FLUFFY CHICKS IN BOX,10,29.50,7,2.95
PINK VINTAGE VICTORIAN EARRINGS,10,29.50,3,2.95
ANT SILVER PURPLE BOUDICCA RING,10,29.50,5,2.95
OLD DOC RUSSEL METAL SIGN,14,29.40,3,2.10
VIP HOLIDAY PURSE,8,29.28,6,3.66
FRENCH CHATEAU OVAL PLATTER,15,29.25,6,1.95
"LETTER ""L"" BLING KEY RING",51,29.19,5,0.57
ASS COL LARGE SAND FROG P'WEIGHT,27,28.35,7,1.05
PACK OF 12 DOILEY TISSUES,72,28.08,2,0.39
BLUE ROSE PATCH PURSE PINK BUTTERFL,17,28.05,7,1.65
TRANSPARENT ACRYLIC TAPE DISPENSER,31,27.91,9,0.90
PINK NEW BAROQUE FLOCK CANDLESTICK,6,27.90,3,4.65
PINK/AMETHYST/GOLD NECKLACE,4,27.80,1,6.95
ASSORTED COLOURED CIRCLE MOBILE,65,27.30,7,0.42
"LETTER ""E"" BLING KEY RING",41,27.25,8,0.66
GLOW IN DARK DOLPHINS,129,27.09,28,0.21
FRUIT SALAD BAG CHARM,16,27.04,3,1.69
ENVELOPE 50 CURIOUS IMAGES,50,27.02,10,0.54
High Resolution Image,4,27.00,3,6.75
TIGRIS EYE CHUNKY CHARM BRACELET,3,26.85,2,8.95
DUSTY PINK CHRISTMAS TREE 60CM,9,26.55,2,2.95
TURQ STONE/CRYSTAL EARRINGS,9,26.55,3,2.95
FROG KING WATERING CAN,9,26.55,2,2.95
KNITTED RABBIT DOLL,16,26.40,1,1.65
LARGE MINT DIAMANTE HAIRSLIDE,16,26.40,6,1.65
BEST DAD CANDLE LETTERS,31,26.35,8,0.85
SILVER DROP EARRINGS WITH FLOWER,7,26.25,3,3.75
WHITE VINTAGE CRYSTAL EARRINGS,7,26.25,3,3.75
GLITTER SNOW PEAR TREE DECORATION,18,26.10,2,1.45
SET OF 4 GREEN CAROUSEL COASTERS,25,26.05,9,1.04
"LETTER ""S"" BLING KEY RING",40,26.00,6,0.65
"LETTER ""D"" BLING KEY RING",39,25.71,7,0.66
CHERRY BLOSSOM TABLE CLOCK,6,25.70,3,4.28
SET OF 16 VINTAGE IVORY CUTLERY,2,25.50,2,12.75
NEW BAROQUE SMALL NECKLACE BLACK,3,25.50,2,8.50
GLASS BEAD HOOP NECKLACE GREEN,3,25.50,2,8.50
GLASS BEAD HOOP NECKLACE AMETHYST,3,25.50,3,8.50
SILVER BLACK ORBIT DROP EARRINGS,6,25.50,3,4.25
SWEETHEART CARRY-ALL BASKET,3,25.50,3,8.50
WHITE ALLIUM  ARTIFICIAL FLOWER,15,25.35,3,1.69
IVORY PANTRY HANGING LAMP,2,25.00,1,12.50
HARDMAN MUG 3 ASSORTED,64,24.96,12,0.39
BELL HEART ANTIQUE GOLD,12,24.96,1,2.08
SET OF 4 KNICK KNACK TINS  DOILEY,6,24.90,1,4.15
AQUA BERTIE GLASS BEAD BAG CHARM,19,24.90,3,1.31
COPPER AND BRASS BAG CHARM,4,24.81,2,6.20
VINTAGE ENAMEL & CRYSTAL NECKLACE,5,24.75,2,4.95
GARDEN PATH NOTEBOOK,15,24.75,8,1.65
SILVER LOOKING MIRROR,5,24.75,2,4.95
GIRLY PINK TOOL SET,5,24.75,1,4.95
CROCHET BEAR RED/BLUE  KEYRING,15,24.75,3,1.65
MURANO STYLE GLASS BRACELET GOLD,7,24.50,3,3.50
PAINTED LIGHTBULB RAINBOW DESIGN,64,24.48,6,0.38
75 BLACK PETIT FOUR CASES,57,23.94,17,0.42
UNION JACK HOT WATER BOTTLE,4,23.80,1,5.95
TOAST ITS - DINOSAUR,19,23.75,10,1.25
PINK GREEN EMBROIDERY COSMETIC BAG,8,23.60,6,2.95
RABBIT EASTER DECORATION,8,23.60,3,2.95
MIDNIGHT BLUE DROP CRYSTAL NECKLACE,8,23.60,2,2.95
SILVER M.O.P. ORBIT NECKLACE,8,23.60,3,2.95
GOLD WASHBAG,8,23.60,3,2.95
AMBER GLASS TASSLE BAG CHARM,8,23.60,2,2.95
CANNISTER VINTAGE LEAF DESIGN,12,23.40,2,1.95
PINK PARTY SUNGLASSES,12,23.40,6,1.95
ZINC PLANT POT HOLDER,8,23.12,1,2.89
HANGING HEART BASKET,11,23.10,3,2.10
PINK FELT EASTER EGG BASKET,14,23.10,4,1.65
"GREETING CARD, STICKY GORDON",121,22.99,11,0.19
ZINC T-LIGHT HOLDER STARS LARGE,24,22.80,2,0.95
GLASS AND PAINTED BEADS BRACELET OL,6,22.50,1,3.75
DIAMANTE NECKLACE GREEN,3,22.50,2,7.50
GLASS AND PAINTED BEADS BRACELET TO,6,22.50,1,3.75
GLASS AND BEADS BRACELET IVORY,6,22.50,1,3.75
PINK CAT FLORAL CUSHION COVER,6,22.50,3,3.75
FIRE POLISHED GLASS BRACELET RED,6,22.50,1,3.75
FIRE POLISHED GLASS BRACELET MONTAN,6,22.50,1,3.75
PURPLE LAS VEGAS BRACELET ROUND,6,22.50,2,3.75
"LETTER ""M"" BLING KEY RING",27,22.23,5,0.82
S/3 PINK SQUARE PLANTERS ROSES,2,21.90,2,10.95
"PEARL & SHELL 42""NECKL. IVORY",2,21.50,1,10.75
BIRD ON BRANCH CANVAS SCREEN,11,21.45,1,1.95
ANTIQUE OLIVE GREEN FLOWER EARRINGS,5,21.25,3,4.25
FLORAL BLUE MONSTER,5,21.25,4,4.25
KEEP CALM BIRTHDAY WRAP,50,21.00,2,0.42
MURANO STYLE GLASS BRACELET RED,6,21.00,2,3.50
WRAP A PRETTY THANK YOU,50,21.00,2,0.42
WRAP GREEN RUSSIAN FOLKART,50,21.00,2,0.42
HEAVENS SCENT FRAGRANCE OILS ASSTD,72,20.88,1,0.29
BLACK GEMSTONE BRACELET,3,20.85,3,6.95
WOODLAND MINI RUCKSACK,5,20.75,2,4.15
DROP DIAMANTE EARRINGS CRYSTAL,7,20.65,2,2.95
DROP DIAMANTE EARRINGS BLACK DIAMON,7,20.65,2,2.95
BLACK CRYSTAL DROP EARRINGS,7,20.65,2,2.95
PINK GLASS TASSLE BAG CHARM,7,20.65,3,2.95
PURPLE FRANGIPANI NECKLACE,8,20.40,2,2.55
NECKLACE+BRACELET SET BLUE BLOSSOM,8,20.40,3,2.55
CRYSTAL STILETTO PHONE CHARM,24,20.40,2,0.85
CLEAR CRYSTAL STAR PHONE CHARM,47,20.39,6,0.43
BLUE TILED TRAY,3,20.25,3,6.75
GOLD TEDDY BEAR,12,20.00,2,1.67
GIANT MEDINA STAMPED METAL BOWL,2,19.90,2,9.95
"CAKESTAND, 3 TIER, LOVEHEART",2,19.90,1,9.95
DOORKNOB CRACKED GLAZE PINK,12,19.80,2,1.65
ENAMEL DINNER PLATE PANTRY,12,19.80,1,1.65
DOTCOMGIFTSHOP TEA TOWEL,12,19.80,1,1.65
TURQ PENDANT TRIPLE SHELL NECKLACE,4,19.80,2,4.95
GREEN PENDANT TRIPLE SHELL NECKLACE,4,19.80,2,4.95
SILVER BLACK ORBIT BRACELET,4,19.80,3,4.95
PINK SMALL JEWELLED PHOTOFRAME,12,19.80,9,1.65
DOORKNOB CRACKED GLAZE GREEN,12,19.80,2,1.65
WHITE/PINK MINI CRYSTALS NECKLACE,4,19.80,1,4.95
YELLOW/ORANGE FLOWER DESIGN PLATE,68,19.72,2,0.29
FRENCH CHATEAU LARGE FRUIT BOWL,10,19.50,4,1.95
"RETRO TIN ASHTRAY,REVOLUTIONARY",52,19.40,4,0.37
BAG OF SILVER STONES,46,19.32,5,0.42
WHITE BEADED GARLAND STRING 20LIGHT,3,19.05,2,6.35
"LETTER ""I"" BLING KEY RING",25,18.77,3,0.75
DAIRY MAID  PUDDING BOWL,5,18.75,2,3.75
CLAM SHELL LARGE,5,18.75,4,3.75
CRYSTAL CHANDELIER T-LIGHT HOLDER,3,18.75,1,6.25
BIRD BOX CHRISTMAS TREE DECORATION,22,18.70,4,0.85
"LETTER ""Y"" BLING KEY RING",61,18.65,3,0.31
"LETTER ""G"" BLING KEY RING",34,18.50,7,0.54
BLACK FEATHER CHRISTMAS DECORATION,96,18.24,7,0.19
CUPID SCENTED CANDLE IN GLASS,11,18.15,4,1.65
BLACK DIAMOND CLUSTER NECKLACE,2,17.90,1,8.95
SILVER/NAT SHELL NECKLACE W PENDANT,3,17.85,3,5.95
VINTAGE GLASS TEA CADDY,3,17.85,3,5.95
MIDNIGHT BLUE COPPER FLOWER NECKLAC,3,17.85,2,5.95
AMBER FINE BEAD NECKLACE W TASSEL,3,17.85,2,5.95
WHITE HEART OF GLASS BRACELET,3,17.85,2,5.95
PURPLE FOXGLOVE ARTIIFCIAL FLOWER,7,17.85,2,2.55
FIRE POLISHED GLASS NECKL BRONZE,3,17.85,3,5.95
ROUND CACTUS CANDLE,6,17.70,4,2.95
TROPICAL HOLIDAY PURSE,6,17.70,3,2.95
ANT SILVER TURQUOISE BOUDICCA RING,6,17.70,1,2.95
SILVER/CRYSTAL DROP EARRINGS W LEAF,6,17.70,1,2.95
GOLD/AMBER DROP EARRINGS W LEAF,6,17.70,1,2.95
PURPLE GLASS TASSLE BAG CHARM,6,17.70,1,2.95
PINK ENAMEL FLOWER HAIR TIE,6,17.70,1,2.95
PINK/WHITE CHRISTMAS TREE 30CM,46,17.48,2,0.38
STORAGE TIN VINTAGE DOILEY,6,17.34,1,2.89
JAM JAR WITH BLUE LID,24,17.28,1,0.72
"LETTER ""J"" BLING KEY RING",23,17.23,5,0.75
PINK/GREEN FLOWER DESIGN BIG MUG,40,17.16,16,0.43
NEW BAROQUE LARGE NECKLACE BLK/WHIT,2,17.00,1,8.50
MINT DINER CLOCK,2,17.00,1,8.50
YELLOW FELT HANGING HEART W FLOWER,20,17.00,3,0.85
VINTAGE BEAD PINK JEWEL BOX,4,17.00,3,4.25
GLASS BEAD HOOP NECKLACE BLACK,2,17.00,1,8.50
GLASS BEAD HOOP NECKLACE MONTANA,2,17.00,2,8.50
GLASS BELL JAR LARGE,2,17.00,1,8.50
ANTIQUE MID BLUE FLOWER EARRINGS,4,17.00,2,4.25
ENGLISH ROSE SCENTED HANGING HEART,4,17.00,2,4.25
NEW BAROQUE B'FLY NECKLACE CRYSTAL,2,17.00,1,8.50
PURPLE/COPPER HANGING LAMPSHADE,20,17.00,6,0.85
NEW BAROQUE B'FLY NECKLACE GREEN,2,17.00,1,8.50
NEW BAROQUE B'FLY NECKLACE RED,2,17.00,1,8.50
BLUE/YELLOW FLOWER DESIGN BIG MUG,31,16.77,12,0.54
CORDIAL JUG,2,16.50,1,8.25
VINTAGE BEAD PINK SHADE,13,16.25,2,1.25
PLAYING CARDS VINTAGE DOILEY,13,16.25,2,1.25
BLUE HOLE PUNCH,13,16.25,7,1.25
OCEAN STRIPE HAMMOCK,2,15.90,1,7.95
PINK/WHITE RIBBED MELAMINE JUG,2,15.90,2,7.95
BLUE SHARK HELICOPTER,2,15.90,2,7.95
GLASS BELL JAR SMALL,4,15.80,1,3.95
BLUE EASTER EGG HUNT START POST,8,15.60,3,1.95
BLUE NETTING STORAGE HANGER,8,15.60,6,1.95
GOLD FLOWER CUSHION COVER,8,15.60,2,1.95
75 GREEN FAIRY CAKE CASES,28,15.40,17,0.55
MONTANA DIAMOND CLUSTER EARRINGS,6,15.30,1,2.55
FLOWER FAIRY 5 SUMMER DRAW LINERS,6,15.30,1,2.55
TINY CRYSTAL BRACELET GREEN,6,15.30,1,2.55
BAKING MOULD TOFFEE CUP  CHOCOLATE,6,15.30,1,2.55
"ACRYLIC JEWEL SNOWFLAKE,PINK",6,15.30,1,2.55
LILAC VOTIVE CANDLE,72,15.12,3,0.21
"LETTER ""H"" BLING KEY RING",22,15.02,6,0.68
SILVER 2 STRAND NECKLACE-LEAF CHARM,2,15.00,2,7.50
DIAMANTE NECKLACE,2,15.00,1,7.50
PINK/WHITE GLASS DEMI CHOKER,2,15.00,1,7.50
RUBY GLASS CLUSTER NECKLACE,2,15.00,1,7.50
ENAMEL MUG PANTRY,12,15.00,1,1.25
PAINTED HEART WREATH WITH BELL,12,15.00,1,1.25
CLASSIC DIAMANTE NECKLACE JET,2,15.00,1,7.50
ENAMEL JUG PANTRY,4,15.00,1,3.75
PINK FLOCK SUEDE CUSHION COVER,12,15.00,2,1.25
PINK FLOCK PHOTO FRAME,12,15.00,1,1.25
WHITE ROSEBUD & PEARL NECKLACE,2,15.00,1,7.50
PINK ROUND COMPACT MIRROR,12,15.00,1,1.25
EDWARDIAN DROP EARRINGS JET BLACK,4,15.00,3,3.75
3 PINK HEN+CHICKS IN BASKET,12,15.00,6,1.25
SET OF 6 EASTER RAINBOW CHICKS,12,15.00,1,1.25
ROSE FLOWER CANDLE+INCENSE 16X16CM,4,15.00,2,3.75
DIAMANTE NECKLACE BLACK,2,15.00,1,7.50
ENAMEL BOWL PANTRY,12,15.00,1,1.25
GREEN PAIR HEART HAIR SLIDES,4,15.00,1,3.75
FOLDING MIRROR RED,18,14.94,2,0.83
FOLDING MIRROR IVORY,18,14.94,2,0.83
COTE D'AZURE NECKLACE,3,14.85,2,4.95
RESIN BRACELET W PASTEL BEADS,3,14.85,2,4.95
ORANGE PENDANT TRIPLE SHELL NECKLAC,3,14.85,1,4.95
BLACK GLASS BRACELET W HEART CHARMS,3,14.85,1,4.95
CURIOUS IMAGES SCRAP BOOK SET,3,14.85,1,4.95
WHITE WITH METAL BAG CHARM,3,14.85,1,4.95
GREEN WITH METAL BAG CHARM,3,14.85,1,4.95
ROSE PENDANT TRIPLE SHELL NECKLACE,3,14.85,1,4.95
AMETHYST HOOP EARRING FLORAL LEAF,5,14.75,3,2.95
SILVER/AMETHYST DROP EARRINGS LEAF,5,14.75,4,2.95
CROCHET ROSE DES CLOTHES HANGER,5,14.75,1,2.95
DROP DIAMANTE EARRINGS PURPLE,5,14.75,4,2.95
PASTEL BLUE PHOTO ALBUM,29,14.50,2,0.50
HOLLY TOP CHRISTMAS STOCKING,17,14.45,6,0.85
YELLOW/PINK FLOWER DESIGN BIG MUG,33,14.43,14,0.44
CAROUSEL PONIES BABY BIB,33,14.37,12,0.44
BLUE CHECK BAG W HANDLE 34X20CM,17,14.11,5,0.83
MURANO STYLE GLASS BRACELET BLACK,4,14.00,2,3.50
"WALL ART , THE MAGIC FOREST",2,13.90,1,6.95
CRYSTAL CZECH CROSS PHONE CHARM,19,13.69,4,0.72
LIGHT PINK FLOCK GLASS CANDLEHOLDER,36,13.68,3,0.38
GREEN/BLUE FLOWER DESIGN BIG MUG,23,13.65,8,0.59
BLUE HANGING GINGHAM EASTER HEN,32,13.44,5,0.42
PINK HANGING GINGHAM EASTER HEN,32,13.44,5,0.42
GREEN DROP EARRINGS W BEAD CLUSTER,4,13.40,1,3.35
CHRISTMAS TABLE CANDLE SILVER SPIKE,16,13.28,1,0.83
72 CAKE CASES VINTAGE CHRISTMAS,24,13.20,1,0.55
GREEN/BLUE CERAMIC CANDLE HOLDER,8,13.20,1,1.65
WISE MAN STAR SHAPE EGG PAN,24,13.14,6,0.55
PINK TALL PORCELAIN T-LIGHT HOLDER,5,12.75,4,2.55
SET/3 TALL GLASS CANDLE HOLDER PINK,1,12.75,1,12.75
5 STRAND GLASS NECKLACE AMBER,2,12.70,2,6.35
VINTAGE KEEPSAKE BOX PINK FLOWER,2,12.70,1,6.35
5 STRAND GLASS NECKLACE AMETHYST,2,12.70,1,6.35
BLUE TEATIME PRINT BOWL,10,12.50,2,1.25
BLUE FLOCK CUSHION COVER,6,12.50,2,2.08
MARIE ANTOIENETT TRINKET BOX GOLD,1,12.50,1,12.50
ASS COL SMALL SAND GECKO P'WEIGHT,29,12.18,9,0.42
PURPLE CHUNKY GLASS+BEAD NECKLACE,1,11.95,1,11.95
LASER CUT MULTI STRAND NECKLACE,1,11.95,1,11.95
PINK BAROQUE FLOCK CANDLE HOLDER,2,11.90,1,5.95
BLUE GINGHAM ROSE CUSHION COVER,2,11.90,1,5.95
JET BLACK LAS VEGAS NECKLACE 45CM,2,11.90,1,5.95
BLUE WHITE PLASTIC RINGS LAMPSHADE,14,11.90,5,0.85
RED WHITE SCARF  HOT WATER BOTTLE,3,11.85,2,3.95
BLUE BREAKFAST CUP AND SAUCER,4,11.80,3,2.95
GLASS BEAD HOOP EARRINGS AMETHYST,4,11.80,1,2.95
ECONOMY HOLIDAY PURSE,4,11.80,4,2.95
GLASS BEAD HOOP EARRINGS BLACK,4,11.80,1,2.95
"ACRYLIC JEWEL ICICLE, BLUE",31,11.78,3,0.38
POP ART PUSH DOWN RUBBER,98,11.76,2,0.12
QUEEN OF THE SKIES HOLIDAY PURSE,3,11.69,3,3.90
BLUE GREEN EMBROIDERY COSMETIC BAG,3,11.69,3,3.90
SMALL SINGLE FLAME CANDLE HOLDER,33,11.55,6,0.35
SET/4 GARDEN ROSE DINNER CANDLE,7,11.55,3,1.65
PINK HEART RED HANDBAG,4,11.31,3,2.83
"FOOD COVER WITH BEADS , SET 2 SIZES",3,11.25,1,3.75
PINK EASTER HENS+FLOWER,3,11.25,1,3.75
GINGHAM OVEN GLOVE RED HEART,3,11.25,2,3.75
JET BLACK LAS VEGAS BRACELET ROUND,3,11.25,1,3.75
POCKET MIRROR WOODLAND,9,11.25,4,1.25
THE KING GIFT BAG,17,11.05,6,0.65
"LETTER ""P"" BLING KEY RING",28,11.00,6,0.39
YELLOW PINK FLOWER DESIGN BIG BOWL,28,10.92,3,0.39
THE KING GIFT BAG 25x24x12cm,26,10.92,7,0.42
"S/4 ICON COASTER,ELVIS LIVES",25,10.61,9,0.42
FLAG OF ST GEORGE CAR FLAG,25,10.50,1,0.42
WRAP  PINK FLOCK,25,10.50,1,0.42
WRAP BLUE RUSSIAN FOLKART,25,10.50,1,0.42
FOLKART CHRISTMAS TREE T-LIGHT HOLD,27,10.26,2,0.38
FOLKART ZINC STAR CHRISTMAS DEC,12,10.20,3,0.85
PAIR OF PINK FLOWER CLUSTER SLIDE,4,10.20,3,2.55
BUTTERFLY HAIR BAND,4,10.20,2,2.55
BLUE ORGANDY ROUND LAMPSHADE W BEA,12,10.20,4,0.85
PINK BOUDOIR T-LIGHT HOLDER,12,10.20,1,0.85
MULTICOLOUR POLKADOT PLATE,12,10.20,1,0.85
LILAC GAUZE BUTTERFLY LAMPSHADE,24,10.08,6,0.42
"LETTER ""N"" BLING KEY RING",18,10.02,5,0.56
ZINC STAR T-LIGHT HOLDER,8,10.00,1,1.25
PINK CHRISTMAS FLOCK DROPLET,8,10.00,1,1.25
S/2 BEACH HUT TREASURE CHESTS,3,9.95,2,3.32
GOLD M.O.P ORBIT BRACELET,2,9.90,2,4.95
LARGE CRYSTAL DIAMANTE HAIRSLIDE,6,9.90,3,1.65
LILAC FEATHERS CURTAIN,12,9.48,1,0.79
HAND PAINTED HANGING EASTER EGG,22,9.24,3,0.42
ENAMEL BLUE RIM TEA CONTAINER,8,9.18,3,1.15
AMBER GLASS/SHELL/PEARL NECKLACE,1,8.95,1,8.95
VINTAGE NOTEBOOK BEAUTY GIRL,3,8.85,2,2.95
RED ROSE AND LACE C/COVER,3,8.85,1,2.95
FOLDING SHOE TIDY,3,8.85,2,2.95
RED PURSE WITH PINK HEART,7,8.75,2,1.25
CUTE BIRD CEATURE SCREEN,22,8.58,2,0.39
WHITE FRANGIPANI HAIR CLIP,10,8.50,1,0.85
BEADED LOVE HEART JEWELLERY SET,10,8.50,1,0.85
WHITE MURANO TWIST BRACELET,2,8.50,2,4.25
M/COLOUR POM-POM CURTAIN,2,8.50,1,4.25
NEW BAROQUE B'FLY NECKLACE PINK,1,8.50,1,8.50
ANTIQUE RASPBERRY FLOWER EARRINGS,2,8.50,1,4.25
SILVER BOOK MARK WITH BEADS,10,8.50,1,0.85
ANTIQUE OPAL WHITE FLOWER EARRINGS,2,8.50,2,4.25
HEART SHAPED MIRROR,5,8.45,2,1.69
LADLE LOVE HEART PINK,19,7.98,3,0.42
SET/3 FLORAL GARDEN TOOLS IN BAG,1,7.95,1,7.95
PSYCHEDELIC METAL SIGN CALENDAR,10,7.90,3,0.79
MAXWELL 2 TONE BLUE 60 PAGE PHOTO A,7,7.85,2,1.12
DROP EARRINGS W FLOWER & LEAF,3,7.65,2,2.55
HANGING BUTTERFLY  EGG,9,7.65,3,0.85
FRESHWATER PEARL BRACELET GOLD,3,7.65,2,2.55
WHITE FRANGIPANI NECKLACE,3,7.65,2,2.55
SILICON STAR BULB  BLUE,18,7.56,8,0.42
BLACK PHOTO ALBUM,15,7.50,3,0.50
ROSE COLOUR PAIR HEART HAIR SLIDES,2,7.50,2,3.75
3 WICK CHRISTMAS BRIAR CANDLE,2,7.50,1,3.75
EIGHT PIECE CREEPY CRAWLIE SET,6,7.50,3,1.25
PINK CHERRY BLOSSOM CUP & SAUCER,6,7.50,1,1.25
BAROQUE BUTTERFLY EARRINGS BLACK,2,7.50,2,3.75
BLUE STRIPES SHOULDER BAG,9,7.47,3,0.83
A4 WALL TIDY RED FLOWERS,13,7.37,4,0.57
JARDIN ETCHED GLASS BUTTER DISH,1,7.25,1,7.25
ARMY CAMO BOOKCOVER TAPE,17,7.14,4,0.42
PEARL AND CHERRY QUARTZ BRACLET,2,7.00,1,3.50
PURPLE ANEMONE ARTIFICIAL FLOWER,4,6.76,1,1.69
BLACK VINT ART DEC CRYSTAL BRACELET,1,6.75,1,6.75
ELEPHANT CLIP W SUCTION CUP,16,6.72,4,0.42
SPOTS ON RED BOOKCOVER TAPE,16,6.72,5,0.42
LARGE BLACK DIAMANTE HAIRSLIDE,4,6.60,1,1.65
DIAMANTE HAIR GRIP PACK/2 RUBY,4,6.60,2,1.65
BLUE/YELLOW CERAMIC CANDLE HOLDER,4,6.60,1,1.65
ASSORTED COLOUR SILK GLASSES CASE,3,6.30,1,2.10
PINK GAUZE BUTTERFLY LAMPSHADE,15,6.30,4,0.42
"LETTER ""R"" BLING KEY RING",15,6.27,4,0.42
BLING KEY RING STAND,6,6.25,3,1.04
"POCKET MIRROR ""GLAMOROUS""",5,6.25,2,1.25
TURQUOISE CHRISTMAS TREE,5,6.25,4,1.25
"LETTER ""V"" BLING KEY RING",14,5.98,3,0.43
FIRE POLISHED GLASS NECKL GOLD,1,5.95,1,5.95
BLACK FLOWER CANDLE PLATE,7,5.95,2,0.85
BLACK FINE BEAD NECKLACE W TASSEL,1,5.95,1,5.95
BLUE/GREEN SHELL NECKLACE W PENDANT,1,5.95,1,5.95
BLUE/NAT SHELL NECKLACE W PENDANT,1,5.95,1,5.95
RASTA IN BATH W SPLIFF ASHTRAY,7,5.95,5,0.85
GOLD M.O.P. ORBIT NECKLACE,2,5.90,2,2.95
ST GEORGE SET OF 10 PARTY LIGHTS,2,5.90,2,2.95
WHITE CHRISTMAS TREE 60CM,2,5.90,2,2.95
HEN HOUSE WITH CHICK STANDING,14,5.88,3,0.42
"PET MUG, GOLDFISH",27,5.59,4,0.21
SET OF 3 PINK FLYING DUCKS,1,5.45,1,5.45
MUMMY MOUSE RED GINGHAM RIBBON,1,5.45,1,5.45
ROUND ARTICULATED PINK CLOCK W/SUCK,28,5.32,3,0.19
BLUE FELT HANGING HEART WITH FLOWER,6,5.10,1,0.85
IVORY SHELL HEART EARRINGS,2,5.10,1,2.55
ENVELOPE 50 ROMANTIC IMAGES,6,5.10,2,0.85
NEW ENGLAND MUG W GIFT BOX,2,5.10,2,2.55
POLYESTER FILLER PAD 60x40cm,2,5.10,1,2.55
CLEAR STATIONERY BOX SET,6,5.10,2,0.85
DIAMANTE HAIR GRIP PACK/2 LT ROSE,3,4.95,2,1.65
VINTAGE BEAD PINK JEWEL STAND,1,4.95,1,4.95
JADE CRYSTAL+GLASS BRACELET,1,4.95,1,4.95
BLOSSOM IMAGES SCRAP BOOK SET,1,4.95,1,4.95
DIAMANTE HAIR GRIP PACK/2 BLACK DIA,3,4.95,2,1.65
PINK CRYSTAL SKULL PHONE CHARM,25,4.75,2,0.19
"LETTER ""B"" BLING KEY RING",13,4.73,2,0.36
BLUE NEW BAROQUE FLOCK CANDLESTICK,1,4.65,1,4.65
FLOWER PURPLE CLOCK WITH SUCKER,16,4.64,3,0.29
"SILICON CUBE 25W, BLUE",11,4.62,2,0.42
METAL BASE FOR CANDLES,11,4.62,2,0.42
"GREETING CARD, TWO SISTERS.",24,4.56,2,0.19
PINK ACRYLIC JEWEL SNOWFLAKE,12,4.56,1,0.38
3 BLACK CATS W HEARTS BLANK CARD,24,4.56,3,0.19
PINK FLUFFY CHRISTMAS DECORATION,24,4.56,1,0.19
CUTE RABBIT CEATURE SCREEN,11,4.29,2,0.39
FRYING PAN RED POLKADOT,1,4.25,1,4.25
CAKE STAND LACE WHITE,1,4.25,1,4.25
UBO-LIGHT TRIOBASE PURPLE,5,4.25,3,0.85
POTTING SHED SOW 'N' GROW SET,1,4.25,1,4.25
FLOWER PURPLE CLOCK W/SUCKER,5,4.25,3,0.85
GOLD COSMETIC BAG PINK STAR,2,4.20,2,2.10
LIGHT DECORATION BATTERY OPERATED,2,4.20,1,2.10
I LOVE LONDON MINI RUCKSACK,1,4.15,1,4.15
WINE BOTTLE DRESSING DARK BLUE,31,4.06,6,0.13
ASSTD RASTA KEY-CHAINS,9,3.78,3,0.42
BLUE CRUSOE CHECK LAMPSHADE,9,3.78,3,0.42
"LETTER ""F"" BLING KEY RING",13,3.77,2,0.29
FIRE POLISHED GLASS BRACELET BLACK,1,3.75,1,3.75
BAROQUE BUTTERFLY EARRINGS CRYSTAL,1,3.75,1,3.75
ROBOT MUG IN DISPLAY BOX,3,3.75,2,1.25
GOLD PRINT PAPER BAG,19,3.61,2,0.19
FOLDING CAMPING SCISSOR W/KNIF & S,30,3.60,3,0.12
PASTEL PINK PHOTO ALBUM,7,3.50,2,0.50
"LETTER ""Z"" BLING KEY RING",12,3.48,1,0.29
"LETTER ""O"" BLING KEY RING",12,3.48,1,0.29
"LETTER ""T"" BLING KEY RING",12,3.48,1,0.29
"LETTER ""W"" BLING KEY RING",12,3.48,1,0.29
"LETTER ""U"" BLING KEY RING",12,3.48,1,0.29
UBO-LIGHT TRIOBASE BLUE,4,3.40,2,0.85
WHITE ANEMONE ARTIFICIAL FLOWER,2,3.38,1,1.69
DIAMANTE HAIR GRIP PACK/2 MONTANA,2,3.30,2,1.65
PURPLE/BLUE CERAMIC CANDLE HOLDER,2,3.30,1,1.65
HEARTS WRAPPING TAPE,5,3.25,3,0.65
WINE BOTTLE DRESSING LT.BLUE,14,3.04,4,0.22
SET 10 CARDS HANGING BAUBLES 17080,1,2.99,1,2.99
MIDNIGHT BLUE CRYSTAL DROP EARRINGS,1,2.95,1,2.95
SILVER AND BLACK ORBIT NECKLACE,1,2.95,1,2.95
WHITE STONE/CRYSTAL EARRINGS,1,2.95,1,2.95
WHITE ENAMEL FLOWER HAIR TIE,1,2.95,1,2.95
GREEN ENAMEL FLOWER HAIR TIE,1,2.95,1,2.95
BLACK DROP EARRINGS W LONG BEADS,1,2.95,1,2.95
CHERRY BLOSSOM PURSE,1,2.95,1,2.95
WHITE ROSEBUD  PEARL EARRINGS,1,2.55,1,2.55
CRACKED GLAZE EARRINGS BROWN,1,2.55,1,2.55
NECKLACE+BRACELET SET PINK DAISY,1,2.55,1,2.55
CRACKED GLAZE EARRINGS RED,1,2.55,1,2.55
INCENSE BAZAAR PEACH,6,2.52,1,0.42
LADLE LOVE HEART RED,6,2.52,1,0.42
PURPLE/TURQ FLOWERS HANDBAG,2,2.50,1,1.25
HAPPY BIRTHDAY CARD STRIPEY TEDDY,13,2.47,2,0.19
BIG POLKADOT MUG,6,2.34,1,0.39
GREEN POP ART MAO CUSHION COVER,12,2.28,2,0.19
DOLPHIN WINDMILL,1,2.12,1,2.12
SCALLOP SHELL SOAP DISH,1,2.10,1,2.10
TEA TIME BREAKFAST BASKET,1,2.10,1,2.10
SET/6 IVORY BIRD T-LIGHT CANDLES,1,2.10,1,2.10
AMBER BERTIE GLASS BEAD BAG CHARM,1,2.10,1,2.10
3 BIRDS CANVAS SCREEN,2,2.04,2,1.02
PINK POLKADOT KIDS BAG,1,1.95,1,1.95
EASTER CRAFT IVY WREATH WITH CHICK,1,1.95,1,1.95
FLOWER SHOP DESIGN MUG,1,1.65,1,1.65
CROCHET LILAC/RED BEAR KEYRING,1,1.65,1,1.65
CROCHET DOG KEYRING,1,1.65,1,1.65
ORANGE FLOWER MUG,4,1.56,1,0.39
CHAMPAGNE TRAY BLANK CARD,8,1.52,2,0.19
ROBIN CHRISTMAS CARD,3,1.26,1,0.42
BLACKCHRISTMAS TREE 30CM,1,1.25,1,1.25
RUBY GLASS CLUSTER EARRINGS,1,1.25,1,1.25
FUNKY MONKEY MUG,1,1.25,1,1.25
DUSTY PINK CHRISTMAS TREE 30CM,1,1.25,1,1.25
SET 36 COLOURING PENCILS DOILEY,1,1.25,1,1.25
PACK 4 FLOWER/BUTTERFLY PATCHES,1,1.25,1,1.25
ORANGE FELT VASE + FLOWERS,1,1.25,1,1.25
BLUE LEAVES AND BEADS PHONE CHARM,1,1.25,1,1.25
60 GOLD AND SILVER FAIRY CAKE CASES,2,1.10,2,0.55
CAT WITH SUNGLASSES BLANK CARD,5,0.95,1,0.19
HAPPY BIRTHDAY CARD TEDDY/CAKE,5,0.95,1,0.19
PURPLE FRANGIPANI HAIRCLIP,1,0.85,1,0.85
PINK CRYSTAL GUITAR PHONE CHARM,1,0.85,1,0.85
VINTAGE BLUE TINSEL REEL,2,0.84,1,0.42
SET 12 COLOURING PENCILS DOILEY,1,0.65,1,0.65
HEN HOUSE W CHICK IN NEST,1,0.42,1,0.42
