customer_id,first_order_date,last_order_date,dataset_end_date,days_since_last_order,total_orders,total_items,total_spend,average_order_value,spend_quintile,customer_segment
14646.0,2010-12-20,2011-12-08,2011-12-09,1,73,196915,280206.02,3838.44,1,High-value active
18102.0,2010-12-07,2011-12-09,2011-12-09,0,60,64124,259657.30,4327.62,1,High-value active
17450.0,2010-12-07,2011-12-01,2011-12-09,8,46,69993,194550.79,4229.37,1,High-value active
16446.0,2011-05-18,2011-12-09,2011-12-09,0,2,80997,168472.50,84236.25,1,High-value active
14911.0,2010-12-01,2011-12-08,2011-12-09,1,201,80265,143825.06,715.55,1,High-value active
12415.0,2011-01-06,2011-11-15,2011-12-09,24,21,77374,124914.53,5948.31,1,High-value active
14156.0,2010-12-03,2011-11-30,2011-12-09,9,55,57885,117379.63,2134.18,1,High-value active
17511.0,2010-12-01,2011-12-07,2011-12-09,2,31,64549,91062.38,2937.50,1,High-value active
16029.0,2010-12-01,2011-11-01,2011-12-09,38,63,40208,81024.84,1286.11,1,High-value active
12346.0,2011-01-18,2011-01-18,2011-12-09,325,1,74215,77183.60,77183.60,1,One-time customer
16684.0,2010-12-16,2011-12-05,2011-12-09,4,28,50255,66653.56,2380.48,1,High-value active
14096.0,2011-08-30,2011-12-05,2011-12-09,4,17,16352,65164.79,3833.22,1,High-value active
13694.0,2010-12-01,2011-12-06,2011-12-09,3,50,63312,65039.62,1300.79,1,High-value active
15311.0,2010-12-01,2011-12-09,2011-12-09,0,91,38194,60767.90,667.78,1,High-value active
13089.0,2010-12-05,2011-12-07,2011-12-09,2,97,31070,58825.83,606.45,1,High-value active
17949.0,2010-12-03,2011-12-08,2011-12-09,1,45,30546,58510.48,1300.23,1,High-value active
15769.0,2010-12-03,2011-12-02,2011-12-09,7,26,29672,56252.72,2163.57,1,High-value active
15061.0,2010-12-02,2011-12-06,2011-12-09,3,48,28920,54534.14,1136.13,1,High-value active
14298.0,2010-12-14,2011-12-01,2011-12-09,8,44,58343,51527.30,1171.08,1,High-value active
14088.0,2011-01-21,2011-11-29,2011-12-09,10,13,12665,50491.81,3883.99,1,High-value active
15749.0,2011-01-11,2011-04-18,2011-12-09,235,3,18028,44534.30,14844.77,1,High-value at risk
12931.0,2010-12-17,2011-11-18,2011-12-09,21,15,28004,42055.96,2803.73,1,High-value active
17841.0,2010-12-01,2011-12-08,2011-12-09,1,124,23071,40991.57,330.58,1,High-value active
15098.0,2011-06-10,2011-06-10,2011-12-09,182,3,121,39916.50,13305.50,1,High-value at risk
13798.0,2010-12-02,2011-12-08,2011-12-09,1,57,23948,37153.85,651.82,1,High-value active
16013.0,2010-12-03,2011-12-06,2011-12-09,3,47,15536,37130.60,790.01,1,High-value active
16422.0,2010-12-05,2011-11-22,2011-12-09,17,51,33704,34684.40,680.09,1,High-value active
12748.0,2010-12-01,2011-12-09,2011-12-09,0,209,25747,33719.73,161.34,1,High-value active
15838.0,2010-12-07,2011-11-28,2011-12-09,11,19,18368,33643.08,1770.69,1,High-value active
17404.0,2010-12-14,2011-12-05,2011-12-09,4,15,32748,31906.82,2127.12,1,High-value active
17389.0,2011-01-12,2011-12-09,2011-12-09,0,34,7612,31833.68,936.28,1,High-value active
13098.0,2011-01-26,2011-12-08,2011-12-09,1,28,15968,28882.44,1031.52,1,High-value active
14680.0,2010-12-03,2011-11-14,2011-12-09,25,16,13476,28754.11,1797.13,1,High-value active
13081.0,2010-12-03,2011-11-28,2011-12-09,11,11,19068,28337.38,2576.13,1,High-value active
13408.0,2010-12-01,2011-12-08,2011-12-09,1,62,16232,28117.04,453.50,1,High-value active
17857.0,2010-12-09,2011-12-05,2011-12-09,4,23,19256,26879.04,1168.65,1,High-value active
16333.0,2011-02-03,2011-12-02,2011-12-09,7,22,32184,26626.80,1210.31,1,High-value active
13777.0,2010-12-01,2011-12-09,2011-12-09,0,33,12897,25977.16,787.19,1,High-value active
12753.0,2010-12-12,2011-11-17,2011-12-09,22,6,11421,21429.39,3571.57,1,High-value active
12744.0,2011-01-25,2011-10-19,2011-12-09,51,7,5241,21279.29,3039.90,1,High-value active
16210.0,2010-12-01,2011-12-08,2011-12-09,1,18,7559,21086.30,1171.46,1,High-value active
17675.0,2010-12-07,2011-12-08,2011-12-09,1,31,8360,20374.28,657.23,1,High-value active
17381.0,2010-12-02,2011-12-01,2011-12-09,8,29,25649,20275.61,699.16,1,High-value active
15039.0,2010-12-06,2011-11-30,2011-12-09,9,47,9209,19914.44,423.71,1,High-value active
12471.0,2010-12-10,2011-12-07,2011-12-09,2,30,8212,19824.05,660.80,1,High-value active
12731.0,2010-12-10,2011-11-16,2011-12-09,23,12,8437,18895.91,1574.66,1,High-value active
15159.0,2010-12-13,2011-12-08,2011-12-09,1,30,11441,18641.01,621.37,1,High-value active
12901.0,2011-03-14,2011-12-01,2011-12-09,8,28,23075,17654.54,630.52,1,High-value active
12678.0,2010-12-21,2011-10-28,2011-12-09,42,12,10923,17628.46,1469.04,1,High-value active
14031.0,2010-12-02,2011-12-02,2011-12-09,7,19,5788,17286.86,909.83,1,High-value active
17428.0,2010-12-06,2011-12-09,2011-12-09,0,28,9474,17256.85,616.32,1,High-value active
13767.0,2010-12-01,2011-12-07,2011-12-09,2,37,7322,17220.36,465.42,1,High-value active
13881.0,2011-02-01,2011-12-06,2011-12-09,3,20,10118,17159.52,857.98,1,High-value active
16839.0,2010-12-05,2011-12-01,2011-12-09,8,34,8975,16594.35,488.07,1,High-value active
12921.0,2010-12-01,2011-11-30,2011-12-09,9,37,9526,16587.09,448.30,1,High-value active
14607.0,2011-03-23,2011-11-24,2011-12-09,15,14,11766,16569.50,1183.54,1,High-value active
15856.0,2010-12-09,2011-12-05,2011-12-09,4,27,11005,16387.57,606.95,1,High-value active
17677.0,2010-12-06,2011-12-08,2011-12-09,1,30,9775,16363.23,545.44,1,High-value active
15189.0,2011-01-11,2011-12-08,2011-12-09,1,41,6149,16225.39,395.74,1,High-value active
14051.0,2010-12-08,2011-12-09,2011-12-09,0,23,3756,15610.39,678.71,1,High-value active
15513.0,2010-12-01,2011-11-06,2011-12-09,33,19,5709,14758.22,776.75,1,High-value active
16133.0,2011-01-25,2011-12-06,2011-12-09,3,33,8887,14589.04,442.09,1,High-value active
14866.0,2010-12-08,2011-11-29,2011-12-09,10,12,6752,14389.90,1199.16,1,High-value active
16705.0,2010-12-16,2011-12-09,2011-12-09,0,20,5476,14034.99,701.75,1,High-value active
12681.0,2010-12-07,2011-11-25,2011-12-09,14,22,7536,13787.54,626.71,1,High-value active
12621.0,2010-12-09,2011-12-08,2011-12-09,1,20,7440,13689.67,684.48,1,High-value active
12540.0,2010-12-13,2011-11-20,2011-12-09,19,17,6685,13400.24,788.25,1,High-value active
12433.0,2010-12-01,2011-12-09,2011-12-09,0,7,11071,13375.87,1910.84,1,High-value active
15498.0,2010-12-08,2011-12-07,2011-12-09,2,27,6105,13316.40,493.20,1,High-value active
12477.0,2011-02-11,2011-11-17,2011-12-09,22,6,3653,13219.74,2203.29,1,High-value active
17735.0,2010-12-07,2011-12-07,2011-12-09,2,19,8439,13110.02,690.00,1,High-value active
16525.0,2010-12-08,2011-12-07,2011-12-09,2,26,7397,13027.45,501.06,1,High-value active
14258.0,2011-01-06,2011-11-30,2011-12-09,9,9,7100,12669.98,1407.78,1,High-value active
13078.0,2010-12-08,2011-12-06,2011-12-09,3,26,5630,12627.94,485.69,1,High-value active
12536.0,2011-10-11,2011-10-27,2011-12-09,43,3,2803,12601.83,4200.61,1,High-value active
15640.0,2010-12-02,2011-12-05,2011-12-09,4,15,6607,12515.66,834.38,1,High-value active
16000.0,2011-12-07,2011-12-07,2011-12-09,2,3,5110,12393.70,4131.23,1,High-value active
17340.0,2010-12-08,2011-11-10,2011-12-09,29,11,5967,12353.29,1123.03,1,High-value active
12682.0,2010-12-03,2011-12-06,2011-12-09,3,31,5575,12288.22,396.39,1,High-value active
13113.0,2010-12-08,2011-12-09,2011-12-09,0,24,3045,12245.96,510.25,1,High-value active
14606.0,2010-12-01,2011-12-08,2011-12-09,1,93,6224,12156.65,130.72,1,High-value active
12557.0,2010-12-03,2011-11-23,2011-12-09,16,5,4384,11990.96,2398.19,1,High-value active
12939.0,2011-01-09,2011-10-06,2011-12-09,64,8,4876,11581.80,1447.73,1,High-value active
15125.0,2011-03-14,2011-11-14,2011-12-09,25,15,6193,11528.48,768.57,1,High-value active
14194.0,2011-02-04,2011-12-05,2011-12-09,4,21,5840,11349.52,540.45,1,High-value active
12971.0,2010-12-02,2011-12-06,2011-12-09,3,86,9289,11189.91,130.12,1,High-value active
14895.0,2011-02-22,2011-12-02,2011-12-09,7,20,4851,11138.71,556.94,1,High-value active
12409.0,2011-06-10,2011-09-22,2011-12-09,78,3,5551,11072.67,3690.89,1,High-value active
15482.0,2010-12-16,2011-11-24,2011-12-09,15,12,5020,11054.96,921.25,1,High-value active
17581.0,2010-12-02,2011-12-09,2011-12-09,0,25,5927,11045.04,441.80,1,High-value active
13319.0,2010-12-09,2011-12-04,2011-12-09,5,26,4724,10845.55,417.14,1,High-value active
17107.0,2011-03-06,2011-11-06,2011-12-09,33,6,4837,10815.43,1802.57,1,High-value active
13340.0,2011-03-08,2011-10-25,2011-12-09,45,7,5770,10736.48,1533.78,1,High-value active
14769.0,2010-12-17,2011-12-07,2011-12-09,2,8,7436,10674.75,1334.34,1,High-value active
17139.0,2011-02-24,2011-11-24,2011-12-09,15,12,5182,10668.47,889.04,1,High-value active
16779.0,2010-12-08,2011-12-07,2011-12-09,2,22,5325,10629.72,483.17,1,High-value active
17865.0,2010-12-10,2011-11-09,2011-12-09,30,20,5757,10526.32,526.32,1,High-value active
17706.0,2010-12-08,2011-12-05,2011-12-09,4,17,3899,10504.49,617.91,1,High-value active
15251.0,2011-04-12,2011-11-30,2011-12-09,9,11,6171,10484.99,953.18,1,High-value active
14062.0,2010-12-10,2011-11-30,2011-12-09,9,12,5593,10464.85,872.07,1,High-value active
15615.0,2010-12-15,2011-11-29,2011-12-09,10,23,5508,10399.74,452.16,1,High-value active
15502.0,2010-12-05,2011-11-24,2011-12-09,15,12,4236,10384.93,865.41,1,High-value active
16180.0,2011-04-01,2011-08-31,2011-12-09,100,8,5867,10254.18,1281.77,1,High-value at risk
16843.0,2011-01-16,2011-10-28,2011-12-09,42,16,10159,10196.57,637.29,1,High-value active
12590.0,2011-05-12,2011-05-12,2011-12-09,211,2,4283,9864.26,4932.13,1,High-value at risk
13001.0,2011-01-17,2011-12-05,2011-12-09,4,13,5505,9818.82,755.29,1,High-value active
13199.0,2010-12-08,2011-12-06,2011-12-09,3,38,6176,9817.12,258.35,1,High-value active
15078.0,2010-12-06,2011-12-02,2011-12-09,7,32,5105,9743.11,304.47,1,High-value active
12709.0,2010-12-08,2011-11-24,2011-12-09,15,15,3936,9736.52,649.10,1,High-value active
13458.0,2010-12-15,2011-12-02,2011-12-09,7,14,5508,9646.57,689.04,1,High-value active
14733.0,2010-12-07,2011-11-23,2011-12-09,16,12,3764,9585.91,798.83,1,High-value active
16523.0,2011-01-28,2011-12-08,2011-12-09,1,21,4265,9418.47,448.50,1,High-value active
12567.0,2010-12-05,2011-11-17,2011-12-09,22,10,4305,9401.28,940.13,1,High-value active
14367.0,2011-03-08,2011-12-01,2011-12-09,8,16,4438,9261.52,578.85,1,High-value active
14667.0,2010-12-06,2011-11-29,2011-12-09,10,25,5385,9241.20,369.65,1,High-value active
18092.0,2010-12-09,2011-12-07,2011-12-09,2,11,4252,9068.26,824.39,1,High-value active
13969.0,2010-12-09,2011-12-02,2011-12-09,7,18,4542,9053.94,503.00,1,High-value active
12451.0,2011-01-19,2011-11-29,2011-12-09,10,5,6575,9035.52,1807.10,1,High-value active
13488.0,2010-12-07,2011-11-22,2011-12-09,17,13,4518,8968.31,689.87,1,High-value active
13090.0,2010-12-02,2011-12-01,2011-12-09,8,14,2263,8910.82,636.49,1,High-value active
16033.0,2010-12-05,2011-12-04,2011-12-09,5,20,3539,8816.40,440.82,1,High-value active
17017.0,2010-12-02,2011-12-07,2011-12-09,2,20,6673,8694.26,434.71,1,High-value active
17243.0,2010-12-05,2011-12-08,2011-12-09,1,26,3370,8676.85,333.73,1,High-value active
17306.0,2010-12-21,2011-11-29,2011-12-09,10,19,11491,8631.31,454.28,1,High-value active
16656.0,2010-12-10,2011-11-17,2011-12-09,22,15,8894,8625.80,575.05,1,High-value active
14527.0,2010-12-05,2011-12-07,2011-12-09,2,55,2089,8508.82,154.71,1,High-value active
12683.0,2010-12-09,2011-12-05,2011-12-09,4,15,4987,8476.57,565.10,1,High-value active
18139.0,2011-11-21,2011-11-22,2011-12-09,17,6,5557,8438.34,1406.39,1,High-value active
15358.0,2010-12-09,2011-12-05,2011-12-09,4,22,7050,8347.20,379.42,1,High-value active
16558.0,2010-12-08,2011-12-09,2011-12-09,0,20,5377,8338.49,416.92,1,High-value active
14056.0,2011-02-28,2011-12-08,2011-12-09,1,23,4273,8214.65,357.16,1,High-value active
14936.0,2011-03-09,2011-11-06,2011-12-09,33,8,4085,8137.02,1017.13,1,High-value active
16672.0,2011-03-18,2011-12-07,2011-12-09,2,20,2832,8134.94,406.75,1,High-value active
13854.0,2010-12-09,2011-12-01,2011-12-09,8,25,2296,8109.52,324.38,1,High-value active
14952.0,2010-12-10,2011-10-11,2011-12-09,59,11,3355,8099.49,736.32,1,High-value active
18109.0,2010-12-05,2011-12-08,2011-12-09,1,26,4237,8052.97,309.73,1,High-value active
14796.0,2010-12-08,2011-12-08,2011-12-09,1,17,6025,8022.49,471.91,1,High-value active
12428.0,2011-03-01,2011-11-14,2011-12-09,25,9,3536,7956.46,884.05,1,High-value active
15290.0,2010-12-15,2011-12-05,2011-12-09,4,18,4501,7943.22,441.29,1,High-value active
14849.0,2010-12-01,2011-11-18,2011-12-09,21,25,5694,7930.54,317.22,1,High-value active
12757.0,2011-05-12,2011-11-24,2011-12-09,15,13,2402,7857.10,604.39,1,High-value active
17811.0,2011-01-10,2011-12-05,2011-12-09,4,39,4177,7837.73,200.97,1,High-value active
13093.0,2010-12-01,2011-03-09,2011-12-09,275,8,3961,7832.47,979.06,1,High-value at risk
12435.0,2011-03-17,2011-09-21,2011-12-09,79,2,2055,7829.89,3914.95,1,High-value active
13629.0,2011-01-05,2011-11-16,2011-12-09,23,11,4372,7792.36,708.40,1,High-value active
15044.0,2010-12-12,2011-11-20,2011-12-09,19,17,2795,7700.23,452.95,1,High-value active
15194.0,2010-12-06,2011-12-06,2011-12-09,3,15,5703,7616.53,507.77,1,High-value active
18172.0,2011-02-23,2011-11-25,2011-12-09,14,20,3184,7561.68,378.08,1,High-value active
13263.0,2011-01-18,2011-12-08,2011-12-09,1,35,4780,7454.07,212.97,1,High-value active
12474.0,2011-01-14,2011-11-22,2011-12-09,17,18,4847,7375.79,409.77,1,High-value active
12980.0,2010-12-16,2011-07-05,2011-12-09,157,9,886,7374.90,819.43,1,High-value at risk
15465.0,2010-12-05,2011-11-20,2011-12-09,19,18,1257,7354.62,408.59,1,High-value active
17396.0,2010-12-03,2011-10-31,2011-12-09,39,8,2005,7330.80,916.35,1,High-value active
12583.0,2010-12-01,2011-12-07,2011-12-09,2,15,5060,7281.38,485.43,1,High-value active
13018.0,2011-02-17,2011-11-23,2011-12-09,16,28,5435,7277.70,259.92,1,High-value active
18229.0,2010-12-01,2011-11-28,2011-12-09,11,20,2488,7276.90,363.85,1,High-value active
16923.0,2010-12-12,2011-11-27,2011-12-09,12,19,3417,7247.61,381.45,1,High-value active
16729.0,2011-04-12,2011-11-01,2011-12-09,38,21,5783,7239.92,344.76,1,High-value active
16745.0,2011-02-01,2011-09-14,2011-12-09,86,17,6735,7194.30,423.19,1,High-value active
16873.0,2010-12-10,2011-12-05,2011-12-09,4,6,3840,7123.62,1187.27,1,High-value active
13324.0,2010-12-14,2011-11-03,2011-12-09,36,10,5205,7121.95,712.20,1,High-value active
13985.0,2011-03-20,2011-12-05,2011-12-09,4,15,3445,7060.13,470.68,1,High-value active
14961.0,2010-12-14,2011-11-29,2011-12-09,10,9,3708,7044.68,782.74,1,High-value active
12766.0,2010-12-08,2011-12-06,2011-12-09,3,7,3646,6989.63,998.52,1,High-value active
12798.0,2011-06-22,2011-11-29,2011-12-09,10,3,5256,6977.04,2325.68,1,High-value active
12989.0,2010-12-10,2011-12-06,2011-12-09,3,15,2943,6924.11,461.61,1,High-value active
16713.0,2010-12-08,2011-11-21,2011-12-09,18,15,4276,6923.13,461.54,1,High-value active
13027.0,2010-12-20,2011-08-18,2011-12-09,113,6,17280,6912.00,1152.00,1,High-value at risk
16187.0,2011-02-28,2011-11-08,2011-12-09,31,15,5048,6911.44,460.76,1,High-value active
17416.0,2011-03-03,2011-11-10,2011-12-09,29,7,4302,6893.42,984.77,1,High-value active
12705.0,2010-12-17,2011-11-24,2011-12-09,15,9,3997,6868.29,763.14,1,High-value active
12476.0,2010-12-13,2011-11-24,2011-12-09,15,11,2408,6816.42,619.67,1,High-value active
12830.0,2011-06-21,2011-11-02,2011-12-09,37,6,9848,6814.64,1135.77,1,High-value active
15023.0,2010-12-05,2011-12-06,2011-12-09,3,11,2871,6802.76,618.43,1,High-value active
18055.0,2010-12-05,2011-12-02,2011-12-09,7,10,2455,6784.19,678.42,1,High-value active
15601.0,2010-12-02,2011-11-28,2011-12-09,11,14,4983,6776.56,484.04,1,High-value active
16652.0,2011-03-11,2011-10-12,2011-12-09,58,7,3283,6773.97,967.71,1,High-value active
16532.0,2011-01-05,2011-11-22,2011-12-09,17,3,2016,6748.80,2249.60,1,High-value active
13576.0,2010-12-01,2011-11-29,2011-12-09,10,18,2646,6717.34,373.19,1,High-value active
16746.0,2010-12-16,2011-12-05,2011-12-09,4,18,4665,6697.66,372.09,1,High-value active
15249.0,2011-03-28,2011-11-08,2011-12-09,31,13,3577,6688.46,514.50,1,High-value active
16353.0,2010-12-05,2011-12-06,2011-12-09,3,23,2006,6675.71,290.25,1,High-value active
17338.0,2010-12-13,2011-11-22,2011-12-09,17,8,3128,6643.93,830.49,1,High-value active
12626.0,2011-01-17,2011-11-16,2011-12-09,23,9,3453,6620.48,735.61,1,High-value active
16182.0,2011-02-18,2011-09-28,2011-12-09,72,4,3791,6617.65,1654.41,1,High-value active
15144.0,2011-01-31,2011-12-01,2011-12-09,8,17,3050,6580.44,387.08,1,High-value active
12472.0,2010-12-05,2011-11-07,2011-12-09,32,7,4148,6572.11,938.87,1,High-value active
16814.0,2010-12-05,2011-11-25,2011-12-09,14,21,2769,6509.10,309.96,1,High-value active
12431.0,2010-12-01,2011-11-04,2011-12-09,35,15,2906,6487.45,432.50,1,High-value active
18223.0,2010-12-16,2011-12-05,2011-12-09,4,14,2948,6484.54,463.18,1,High-value active
15694.0,2010-12-02,2011-12-09,2011-12-09,0,14,1677,6479.40,462.81,1,High-value active
13225.0,2010-12-13,2011-12-06,2011-12-09,3,7,3416,6463.84,923.41,1,High-value active
13102.0,2010-12-09,2011-12-08,2011-12-09,1,24,4204,6424.09,267.67,1,High-value active
13871.0,2011-02-04,2011-11-17,2011-12-09,22,13,2806,6403.25,492.56,1,High-value active
12359.0,2011-01-12,2011-10-13,2011-12-09,57,4,1622,6372.58,1593.15,1,High-value active
13668.0,2010-12-12,2011-12-07,2011-12-09,2,21,3742,6363.59,303.03,1,High-value active
13709.0,2011-01-28,2011-12-06,2011-12-09,3,13,3516,6328.05,486.77,1,High-value active
15005.0,2010-12-08,2011-11-24,2011-12-09,15,28,4247,6316.57,225.59,1,High-value active
17315.0,2010-12-17,2011-12-08,2011-12-09,1,38,3888,6292.26,165.59,1,High-value active
16126.0,2011-02-16,2011-11-10,2011-12-09,29,4,2125,6287.77,1571.94,1,High-value active
14057.0,2010-12-14,2011-11-16,2011-12-09,23,17,4876,6217.96,365.76,1,High-value active
12357.0,2011-11-06,2011-11-06,2011-12-09,33,1,2708,6207.67,6207.67,1,One-time customer
14060.0,2010-12-02,2011-12-05,2011-12-09,4,19,5386,6140.42,323.18,1,High-value active
13418.0,2010-12-02,2011-11-28,2011-12-09,11,18,3918,6127.43,340.41,1,High-value active
17509.0,2011-10-07,2011-10-13,2011-12-09,57,8,3534,6115.14,764.39,1,High-value active
15939.0,2011-01-12,2011-09-11,2011-12-09,89,15,4728,6115.01,407.67,1,High-value active
14735.0,2010-12-16,2011-12-06,2011-12-09,3,32,2264,6065.69,189.55,1,High-value active
12637.0,2011-01-20,2011-10-03,2011-12-09,67,8,3002,6021.90,752.74,1,High-value active
13097.0,2010-12-14,2011-11-07,2011-12-09,32,10,2363,6010.42,601.04,1,High-value active
13316.0,2011-03-30,2011-11-02,2011-12-09,37,4,6948,5977.73,1494.43,1,High-value active
14101.0,2011-01-17,2011-09-27,2011-12-09,73,6,6942,5976.79,996.13,1,High-value active
15382.0,2011-02-17,2011-11-25,2011-12-09,14,6,4012,5955.71,992.62,1,High-value active
14505.0,2010-12-12,2011-11-22,2011-12-09,17,8,2759,5905.64,738.21,1,High-value active
14415.0,2010-12-14,2011-12-08,2011-12-09,1,13,3011,5900.28,453.87,1,High-value active
14944.0,2011-02-16,2011-11-10,2011-12-09,29,12,2815,5900.25,491.69,1,High-value active
13209.0,2010-12-13,2011-11-09,2011-12-09,30,8,4253,5891.61,736.45,1,High-value active
13534.0,2010-12-16,2011-12-07,2011-12-09,2,25,2961,5870.08,234.80,1,High-value active
13050.0,2010-12-08,2011-11-25,2011-12-09,14,17,3748,5836.86,343.34,1,High-value active
12720.0,2010-12-05,2011-12-07,2011-12-09,2,25,4672,5781.73,231.27,1,High-value active
15218.0,2011-01-25,2011-11-29,2011-12-09,10,11,3329,5756.89,523.35,1,High-value active
17686.0,2011-02-10,2011-12-02,2011-12-09,7,7,2478,5739.46,819.92,1,High-value active
13178.0,2010-12-14,2011-11-13,2011-12-09,26,11,3570,5725.47,520.50,1,High-value active
16553.0,2010-12-14,2011-06-29,2011-12-09,163,12,4600,5719.82,476.65,1,High-value at risk
13468.0,2010-12-01,2011-12-08,2011-12-09,1,37,2589,5704.97,154.19,1,High-value active
14110.0,2011-03-18,2011-12-06,2011-12-09,3,12,2445,5683.15,473.60,1,High-value active
14049.0,2011-01-26,2011-11-23,2011-12-09,16,4,3870,5681.72,1420.43,1,High-value active
17049.0,2011-03-09,2011-12-07,2011-12-09,2,9,2676,5659.98,628.89,1,High-value active
17716.0,2011-03-17,2011-11-17,2011-12-09,22,11,3072,5655.99,514.18,1,High-value active
13004.0,2010-12-17,2011-11-28,2011-12-09,11,18,4822,5655.91,314.22,1,High-value active
18118.0,2010-12-05,2011-11-29,2011-12-09,10,26,2882,5653.82,217.45,1,High-value active
14688.0,2010-12-01,2011-12-02,2011-12-09,7,21,3621,5630.87,268.14,1,High-value active
17757.0,2010-12-02,2011-12-08,2011-12-09,1,30,3320,5605.29,186.84,1,High-value active
12481.0,2010-12-09,2011-11-17,2011-12-09,22,10,3304,5596.32,559.63,1,High-value active
12839.0,2010-12-07,2011-12-07,2011-12-09,2,14,3807,5591.42,399.39,1,High-value active
16767.0,2011-01-27,2011-11-09,2011-12-09,30,11,4435,5580.60,507.33,1,High-value active
16161.0,2010-12-06,2011-12-08,2011-12-09,1,19,2599,5575.56,293.45,1,High-value active
12539.0,2011-01-10,2011-11-17,2011-12-09,22,4,2067,5568.35,1392.09,1,High-value active
15805.0,2010-12-10,2011-11-16,2011-12-09,23,17,3387,5528.48,325.20,1,High-value active
18225.0,2010-12-09,2011-12-06,2011-12-09,3,12,3244,5509.12,459.09,1,High-value active
16609.0,2011-04-01,2011-11-24,2011-12-09,15,7,2420,5493.46,784.78,1,High-value active
16985.0,2010-12-16,2011-11-22,2011-12-09,17,10,1832,5464.12,546.41,1,High-value active
16265.0,2010-12-10,2011-11-30,2011-12-09,9,9,2646,5447.00,605.22,1,High-value active
18198.0,2011-01-07,2011-12-05,2011-12-09,4,17,4074,5425.56,319.15,1,High-value active
12490.0,2011-01-14,2011-12-04,2011-12-09,5,10,3064,5417.93,541.79,1,High-value active
17809.0,2010-12-01,2011-11-23,2011-12-09,16,12,2057,5411.91,450.99,1,High-value active
16701.0,2010-12-13,2011-12-01,2011-12-09,8,13,6393,5398.30,415.25,1,High-value active
17719.0,2011-03-29,2011-11-02,2011-12-09,37,15,2466,5396.04,359.74,1,High-value active
17850.0,2010-12-01,2010-12-02,2011-12-09,372,34,1733,5391.21,158.57,1,High-value at risk
16303.0,2011-01-10,2011-11-14,2011-12-09,25,3,2659,5360.63,1786.88,1,High-value active
13269.0,2010-12-05,2011-12-08,2011-12-09,1,15,3514,5346.23,356.42,1,High-value active
15150.0,2011-03-15,2011-11-22,2011-12-09,17,10,3658,5314.47,531.45,1,High-value active
17730.0,2011-01-17,2011-12-06,2011-12-09,3,13,3576,5298.48,407.58,1,High-value active
17061.0,2011-04-21,2011-09-27,2011-12-09,73,11,1526,5232.23,475.66,1,High-value active
18226.0,2011-01-06,2011-10-26,2011-12-09,44,11,3466,5228.05,475.28,1,High-value active
12362.0,2011-02-17,2011-12-06,2011-12-09,3,10,2229,5226.23,522.62,1,High-value active
15046.0,2011-01-05,2011-11-30,2011-12-09,9,15,3451,5213.77,347.58,1,High-value active
16258.0,2011-05-04,2011-10-25,2011-12-09,45,5,2994,5203.51,1040.70,1,High-value active
13756.0,2010-12-07,2011-12-07,2011-12-09,2,14,3188,5189.52,370.68,1,High-value active
16191.0,2010-12-14,2011-12-07,2011-12-09,2,13,3351,5180.52,398.50,1,High-value active
15727.0,2010-12-15,2011-11-23,2011-12-09,16,7,3065,5178.96,739.85,1,High-value active
17858.0,2010-12-05,2011-12-04,2011-12-09,5,12,2706,5155.66,429.64,1,High-value active
13599.0,2010-12-08,2011-12-08,2011-12-09,1,21,3294,5153.67,245.41,1,High-value active
15903.0,2011-02-17,2011-11-30,2011-12-09,9,7,2410,5126.76,732.39,1,High-value active
13941.0,2010-12-02,2011-11-18,2011-12-09,21,5,2364,5112.96,1022.59,1,High-value active
17602.0,2011-01-19,2011-12-07,2011-12-09,2,6,4151,5102.97,850.50,1,High-value active
16700.0,2010-12-08,2011-12-01,2011-12-09,8,13,4024,5076.55,390.50,1,High-value active
14562.0,2011-02-08,2011-12-06,2011-12-09,3,18,1834,5074.77,281.93,1,High-value active
15301.0,2010-12-06,2011-10-20,2011-12-09,50,12,2775,5070.35,422.53,1,High-value active
13139.0,2011-03-25,2011-11-23,2011-12-09,16,7,2425,5064.94,723.56,1,High-value active
12432.0,2011-06-20,2011-10-28,2011-12-09,42,5,1801,5059.32,1011.86,1,High-value active
15719.0,2011-01-06,2011-11-07,2011-12-09,32,13,2725,5045.61,388.12,1,High-value active
17426.0,2011-03-02,2011-12-01,2011-12-09,8,6,3094,5037.26,839.54,1,High-value active
14329.0,2011-01-14,2011-11-22,2011-12-09,17,7,3095,5014.84,716.41,1,High-value active
14755.0,2011-01-09,2011-11-30,2011-12-09,9,11,2219,5010.28,455.48,1,High-value active
12444.0,2011-06-21,2011-11-18,2011-12-09,21,5,1153,5005.46,1001.09,1,High-value active
15032.0,2010-12-08,2011-03-28,2011-12-09,256,3,2968,4959.10,1653.03,1,High-value at risk
15547.0,2010-12-12,2011-12-02,2011-12-09,7,14,4032,4954.84,353.92,1,High-value active
12437.0,2011-01-12,2011-12-08,2011-12-09,1,18,2922,4951.41,275.08,1,High-value active
12700.0,2011-05-08,2011-12-02,2011-12-09,7,4,2967,4939.99,1235.00,1,High-value active
15786.0,2011-08-17,2011-10-24,2011-12-09,46,3,3364,4932.20,1644.07,1,High-value active
14709.0,2010-12-16,2011-11-24,2011-12-09,15,13,2484,4921.04,378.54,1,High-value active
17133.0,2011-03-18,2011-11-24,2011-12-09,15,7,2730,4892.24,698.89,1,High-value active
12664.0,2011-01-21,2011-12-01,2011-12-09,8,9,1203,4881.88,542.43,1,High-value active
12688.0,2011-08-18,2011-08-18,2011-12-09,113,1,3028,4873.81,4873.81,1,One-time customer
14292.0,2011-03-02,2011-12-02,2011-12-09,7,9,1663,4871.93,541.33,1,High-value active
17652.0,2011-03-03,2011-11-14,2011-12-09,25,12,2509,4867.72,405.64,1,High-value active
15738.0,2010-12-02,2011-11-21,2011-12-09,18,16,2982,4812.42,300.78,1,High-value active
13013.0,2010-12-03,2011-12-08,2011-12-09,1,13,2224,4810.94,370.07,1,High-value active
15555.0,2010-12-05,2011-11-27,2011-12-09,12,16,4439,4805.17,300.32,1,High-value active
17365.0,2011-01-11,2011-11-27,2011-12-09,12,8,4777,4801.56,600.20,1,High-value active
15298.0,2010-12-08,2011-12-07,2011-12-09,2,12,3116,4799.90,399.99,1,High-value active
15187.0,2011-05-11,2011-12-08,2011-12-09,1,16,1887,4777.18,298.57,1,High-value active
17690.0,2010-12-01,2011-11-09,2011-12-09,30,15,1773,4757.95,317.20,1,High-value active
12955.0,2011-03-17,2011-12-08,2011-12-09,1,11,3664,4757.16,432.47,1,High-value active
14180.0,2010-12-02,2011-11-29,2011-12-09,10,25,719,4748.52,189.94,1,High-value active
15152.0,2011-06-05,2011-11-30,2011-12-09,9,13,2704,4745.69,365.05,1,High-value active
16722.0,2010-12-06,2011-11-22,2011-12-09,17,13,5001,4730.81,363.91,1,High-value active
12714.0,2011-02-18,2011-11-30,2011-12-09,9,5,3069,4708.86,941.77,1,High-value active
14159.0,2010-12-12,2011-11-20,2011-12-09,19,11,4408,4693.01,426.64,1,High-value active
14135.0,2010-12-02,2011-12-08,2011-12-09,1,15,3850,4690.31,312.69,1,High-value active
14191.0,2011-05-03,2011-12-08,2011-12-09,1,13,3662,4684.76,360.37,1,High-value active
15291.0,2010-12-01,2011-11-14,2011-12-09,25,15,2103,4668.30,311.22,1,High-value active
14189.0,2010-12-06,2011-12-07,2011-12-09,2,15,3937,4654.08,310.27,1,High-value active
14390.0,2010-12-02,2011-11-29,2011-12-09,10,9,2136,4652.82,516.98,1,High-value active
14286.0,2011-04-11,2011-11-16,2011-12-09,23,3,4338,4628.75,1542.92,1,High-value active
16931.0,2010-12-05,2011-12-04,2011-12-09,5,21,3158,4604.22,219.25,1,High-value active
13802.0,2011-02-01,2011-07-24,2011-12-09,138,3,2572,4599.42,1533.14,1,High-value at risk
15093.0,2010-12-02,2011-11-21,2011-12-09,18,6,3760,4597.02,766.17,1,High-value active
14004.0,2011-02-24,2011-10-27,2011-12-09,43,7,2668,4582.64,654.66,1,High-value active
17613.0,2011-02-07,2011-11-17,2011-12-09,22,14,2496,4559.15,325.65,1,High-value active
17068.0,2010-12-06,2011-11-27,2011-12-09,12,21,2164,4552.14,216.77,1,High-value active
12484.0,2011-01-07,2011-11-07,2011-12-09,32,6,2191,4541.72,756.95,1,High-value active
13267.0,2010-12-08,2011-12-07,2011-12-09,2,19,1969,4521.49,237.97,1,High-value active
15299.0,2010-12-02,2011-10-03,2011-12-09,67,7,2948,4507.01,643.86,1,High-value active
17975.0,2010-12-08,2011-11-24,2011-12-09,15,13,1568,4488.81,345.29,1,High-value active
12524.0,2011-01-10,2011-11-30,2011-12-09,9,8,3699,4485.72,560.72,1,High-value active
14426.0,2011-01-31,2011-11-16,2011-12-09,23,10,2699,4481.67,448.17,1,High-value active
16984.0,2011-08-01,2011-09-12,2011-12-09,88,2,2423,4481.35,2240.68,1,High-value active
17364.0,2011-01-12,2011-12-09,2011-12-09,0,11,2701,4481.18,407.38,1,High-value active
12627.0,2011-07-22,2011-11-29,2011-12-09,10,7,2752,4478.53,639.79,1,High-value active
14085.0,2010-12-06,2011-12-07,2011-12-09,2,18,3184,4448.54,247.14,1,High-value active
14534.0,2011-01-25,2011-12-07,2011-12-09,2,18,2047,4447.05,247.06,1,High-value active
13069.0,2010-12-05,2011-12-09,2011-12-09,0,24,5885,4436.12,184.84,1,High-value active
15955.0,2010-12-02,2011-11-15,2011-12-09,24,14,2135,4416.26,315.45,1,High-value active
16626.0,2011-03-18,2011-12-09,2011-12-09,0,17,2690,4413.10,259.59,1,High-value active
15874.0,2011-02-28,2011-10-07,2011-12-09,63,7,2534,4405.88,629.41,1,High-value active
12712.0,2010-12-03,2011-11-11,2011-12-09,28,13,1062,4396.13,338.16,1,High-value active
13505.0,2011-04-21,2011-09-28,2011-12-09,72,4,2486,4393.63,1098.41,1,High-value active
12752.0,2011-09-19,2011-09-19,2011-12-09,81,1,2262,4366.78,4366.78,1,One-time customer
16945.0,2010-12-16,2011-11-18,2011-12-09,21,19,2725,4345.50,228.71,1,High-value active
14016.0,2010-12-17,2011-07-01,2011-12-09,161,4,2125,4341.21,1085.30,1,High-value at risk
14800.0,2010-12-05,2011-10-23,2011-12-09,47,12,3655,4339.74,361.65,1,High-value active
14525.0,2010-12-13,2011-11-20,2011-12-09,19,9,2696,4332.20,481.36,1,High-value active
17567.0,2010-12-02,2011-12-02,2011-12-09,7,8,2632,4331.48,541.44,1,High-value active
18251.0,2011-09-13,2011-09-13,2011-12-09,87,1,7824,4314.72,4314.72,1,One-time customer
12347.0,2010-12-07,2011-12-07,2011-12-09,2,7,2458,4310.00,615.71,1,High-value active
15034.0,2010-12-21,2011-11-24,2011-12-09,15,8,2422,4308.61,538.58,1,High-value active
17937.0,2010-12-12,2011-12-01,2011-12-09,8,7,1754,4301.22,614.46,1,High-value active
14422.0,2011-03-17,2011-12-09,2011-12-09,0,6,2906,4263.64,710.61,1,High-value active
12500.0,2011-01-10,2011-11-16,2011-12-09,23,11,2678,4257.82,387.07,1,High-value active
17419.0,2010-12-07,2011-11-28,2011-12-09,11,12,1876,4226.57,352.21,1,High-value active
14277.0,2011-05-11,2011-11-24,2011-12-09,15,3,1984,4216.20,1405.40,1,High-value active
15804.0,2011-05-25,2011-12-09,2011-12-09,0,13,2565,4206.39,323.57,1,High-value active
17920.0,2010-12-01,2011-12-05,2011-12-09,4,17,2516,4204.10,247.30,1,High-value active
15971.0,2011-02-01,2011-11-22,2011-12-09,17,12,1717,4199.85,349.99,1,High-value active
12747.0,2010-12-05,2011-12-07,2011-12-09,2,11,1275,4196.01,381.46,1,High-value active
14146.0,2010-12-17,2011-12-01,2011-12-09,8,5,2437,4191.00,838.20,1,High-value active
18041.0,2010-12-02,2011-11-28,2011-12-09,11,21,3819,4183.39,199.21,1,High-value active
12949.0,2011-04-01,2011-11-09,2011-12-09,30,8,2381,4167.22,520.90,1,High-value active
15570.0,2010-12-05,2011-12-02,2011-12-09,7,12,2067,4165.52,347.13,1,High-value active
16549.0,2011-01-09,2011-11-29,2011-12-09,10,10,2365,4154.64,415.46,1,High-value active
13384.0,2011-06-14,2011-11-09,2011-12-09,30,7,2422,4151.93,593.13,1,High-value active
13555.0,2011-05-22,2011-09-27,2011-12-09,73,4,2660,4149.28,1037.32,1,High-value active
13988.0,2011-03-30,2011-11-20,2011-12-09,19,6,3044,4147.96,691.33,1,High-value active
15514.0,2010-12-10,2011-11-27,2011-12-09,12,11,2160,4139.46,376.31,1,High-value active
12569.0,2011-04-01,2011-12-07,2011-12-09,2,32,1801,4124.69,128.90,1,High-value active
16592.0,2011-02-25,2011-12-05,2011-12-09,4,16,2927,4113.68,257.11,1,High-value active
17940.0,2011-02-10,2011-10-21,2011-12-09,49,10,9755,4106.44,410.64,1,High-value active
17377.0,2010-12-01,2011-11-16,2011-12-09,23,20,2076,4100.92,205.05,1,High-value active
16401.0,2011-01-16,2011-12-08,2011-12-09,1,12,3882,4098.32,341.53,1,High-value active
16670.0,2010-12-16,2011-11-23,2011-12-09,16,11,2556,4095.90,372.35,1,High-value active
12749.0,2011-05-10,2011-12-06,2011-12-09,3,5,1471,4090.88,818.18,1,High-value active
14092.0,2010-12-16,2011-12-02,2011-12-09,7,14,2066,4076.91,291.21,1,High-value active
12449.0,2011-06-05,2011-11-17,2011-12-09,22,4,1553,4067.29,1016.82,1,High-value active
18087.0,2011-02-22,2011-09-02,2011-12-09,98,2,3907,4055.72,2027.86,1,High-value at risk
14401.0,2010-12-15,2011-12-05,2011-12-09,4,13,4507,4051.48,311.65,1,High-value active
12656.0,2011-04-20,2011-11-22,2011-12-09,17,5,1723,4051.17,810.23,1,High-value active
12867.0,2010-12-14,2011-11-13,2011-12-09,26,7,4298,4036.82,576.69,1,High-value active
13815.0,2011-01-25,2011-11-17,2011-12-09,22,4,2560,4027.36,1006.84,1,High-value active
12841.0,2010-12-03,2011-12-05,2011-12-09,4,25,2757,4022.35,160.89,1,High-value active
12957.0,2011-01-04,2011-11-30,2011-12-09,9,8,2549,4017.54,502.19,1,High-value active
12378.0,2011-08-02,2011-08-02,2011-12-09,129,1,2529,4008.62,4008.62,1,One-time customer
14547.0,2011-10-16,2011-12-06,2011-12-09,3,8,2668,4007.54,500.94,1,High-value active
16186.0,2010-12-02,2011-11-17,2011-12-09,22,12,3020,4006.94,333.91,1,High-value active
17769.0,2011-01-23,2011-11-27,2011-12-09,12,10,1862,3997.98,399.80,1,High-value active
15529.0,2010-12-08,2011-11-17,2011-12-09,22,11,3496,3995.23,363.20,1,High-value active
17001.0,2010-12-16,2011-12-09,2011-12-09,0,11,2164,3989.57,362.69,1,High-value active
15416.0,2011-03-02,2011-10-06,2011-12-09,64,4,2090,3984.32,996.08,1,High-value active
17611.0,2010-12-13,2011-12-02,2011-12-09,7,15,2560,3984.22,265.61,1,High-value active
12779.0,2010-12-03,2011-11-02,2011-12-09,37,8,2024,3981.36,497.67,1,High-value active
12727.0,2011-01-23,2011-11-29,2011-12-09,10,7,2098,3980.70,568.67,1,High-value active
14299.0,2010-12-09,2011-12-01,2011-12-09,8,9,2149,3965.62,440.62,1,High-value active
13523.0,2010-12-08,2011-11-06,2011-12-09,33,5,1752,3964.88,792.98,1,High-value active
13183.0,2011-01-09,2011-12-02,2011-12-09,7,9,2208,3957.78,439.75,1,High-value active
17651.0,2011-06-15,2011-11-28,2011-12-09,11,10,3112,3945.00,394.50,1,High-value active
12473.0,2011-06-01,2011-11-10,2011-12-09,29,5,2439,3938.55,787.71,1,High-value active
17593.0,2010-12-22,2011-12-06,2011-12-09,3,5,3101,3927.34,785.47,1,High-value active
14739.0,2010-12-07,2011-12-05,2011-12-09,4,7,3820,3902.28,557.47,1,High-value active
13999.0,2010-12-13,2011-11-29,2011-12-09,10,12,2243,3901.81,325.15,1,High-value active
14291.0,2011-03-09,2011-12-08,2011-12-09,1,11,2749,3883.25,353.02,1,High-value active
18073.0,2011-05-26,2011-08-17,2011-12-09,114,12,3108,3877.52,323.13,1,High-value at risk
13124.0,2010-12-15,2011-09-11,2011-12-09,89,3,2147,3866.33,1288.78,1,High-value active
15195.0,2011-12-07,2011-12-07,2011-12-09,2,1,1404,3861.00,3861.00,1,One-time customer
16717.0,2010-12-08,2011-11-16,2011-12-09,23,6,1866,3858.38,643.06,1,High-value active
12662.0,2010-12-01,2011-12-09,2011-12-09,0,11,2058,3849.78,349.98,1,High-value active
16327.0,2010-12-05,2011-11-25,2011-12-09,14,6,2571,3844.22,640.70,1,High-value active
13266.0,2011-03-28,2011-11-28,2011-12-09,11,12,4428,3834.26,319.52,1,High-value active
17091.0,2010-12-07,2011-12-07,2011-12-09,2,9,1746,3827.76,425.31,1,High-value active
15867.0,2010-12-05,2011-12-04,2011-12-09,5,15,2054,3812.64,254.18,1,High-value active
12755.0,2010-12-09,2011-03-04,2011-12-09,280,2,1491,3811.95,1905.98,1,High-value at risk
12597.0,2011-03-16,2011-11-20,2011-12-09,19,4,2236,3811.22,952.81,1,High-value active
13435.0,2011-06-03,2011-12-04,2011-12-09,5,7,2129,3809.89,544.27,1,High-value active
12668.0,2010-12-19,2011-11-28,2011-12-09,11,4,1634,3807.15,951.79,1,High-value active
16145.0,2010-12-15,2011-12-01,2011-12-09,8,11,3123,3799.49,345.41,1,High-value active
16655.0,2011-01-12,2011-11-22,2011-12-09,17,6,2367,3794.52,632.42,1,High-value active
16168.0,2010-12-05,2011-11-29,2011-12-09,10,27,1892,3787.60,140.28,1,High-value active
16019.0,2010-12-10,2011-10-24,2011-12-09,46,9,1733,3786.24,420.69,1,High-value active
12562.0,2011-05-25,2011-12-01,2011-12-09,8,7,1779,3781.74,540.25,1,High-value active
17173.0,2011-07-31,2011-12-04,2011-12-09,5,8,1122,3766.60,470.83,1,High-value active
16904.0,2010-12-07,2011-12-05,2011-12-09,4,16,2034,3754.27,234.64,1,High-value active
12429.0,2010-12-09,2011-11-30,2011-12-09,9,4,1557,3750.40,937.60,1,High-value active
17238.0,2010-12-03,2011-12-07,2011-12-09,2,17,1822,3744.65,220.27,1,High-value active
14145.0,2011-05-06,2011-10-24,2011-12-09,46,4,756,3742.20,935.55,1,High-value active
13552.0,2011-01-28,2011-10-04,2011-12-09,66,12,1417,3740.07,311.67,1,High-value active
16570.0,2011-02-01,2011-11-24,2011-12-09,15,10,2112,3738.40,373.84,1,High-value active
15808.0,2010-12-05,2011-02-06,2011-12-09,306,4,1343,3734.97,933.74,1,High-value at risk
14282.0,2010-12-07,2011-12-06,2011-12-09,3,15,2668,3729.34,248.62,1,High-value active
12502.0,2011-02-03,2011-09-05,2011-12-09,95,5,820,3723.87,744.77,1,High-value at risk
12647.0,2010-12-05,2011-11-17,2011-12-09,22,12,1431,3722.82,310.24,1,High-value active
13680.0,2011-01-04,2011-12-08,2011-12-09,1,4,1936,3722.42,930.61,1,High-value active
16240.0,2011-09-23,2011-11-15,2011-12-09,24,2,1641,3718.80,1859.40,1,High-value active
14364.0,2011-05-12,2011-08-23,2011-12-09,108,8,1967,3717.35,464.67,1,High-value at risk
15845.0,2011-01-06,2011-11-22,2011-12-09,17,8,1926,3711.77,463.97,1,High-value active
15622.0,2011-03-02,2011-10-27,2011-12-09,43,9,1674,3709.56,412.17,1,High-value active
13148.0,2010-12-10,2011-11-10,2011-12-09,29,12,1975,3707.12,308.93,1,High-value active
17819.0,2010-12-03,2011-09-29,2011-12-09,71,7,1031,3704.87,529.27,1,High-value active
15379.0,2010-12-16,2011-06-23,2011-12-09,169,7,2305,3703.29,529.04,1,High-value at risk
12553.0,2011-01-14,2011-12-01,2011-12-09,8,10,1965,3692.28,369.23,1,High-value active
16253.0,2011-03-29,2011-10-04,2011-12-09,66,2,3233,3683.86,1841.93,1,High-value active
15581.0,2010-12-08,2011-08-11,2011-12-09,120,13,286,3679.97,283.07,1,High-value at risk
15296.0,2011-01-17,2011-10-20,2011-12-09,50,6,1766,3672.86,612.14,1,High-value active
18079.0,2011-04-15,2011-10-25,2011-12-09,45,4,7432,3651.97,912.99,1,High-value active
13137.0,2011-02-04,2011-11-29,2011-12-09,10,8,2226,3650.41,456.30,1,High-value active
12417.0,2010-12-17,2011-12-06,2011-12-09,3,9,1552,3649.10,405.46,1,High-value active
16712.0,2011-03-08,2011-11-30,2011-12-09,9,11,1749,3645.43,331.40,1,High-value active
13426.0,2010-12-15,2011-12-09,2011-12-09,0,10,2245,3641.32,364.13,1,High-value active
12619.0,2011-03-31,2011-11-23,2011-12-09,16,9,3378,3641.24,404.58,1,High-value active
16440.0,2011-05-09,2011-12-02,2011-12-09,7,5,2018,3640.67,728.13,1,High-value active
13381.0,2011-02-14,2011-11-08,2011-12-09,31,6,2029,3639.31,606.55,1,High-value active
17230.0,2010-12-15,2011-03-20,2011-12-09,264,8,1651,3638.41,454.80,1,High-value at risk
14543.0,2010-12-10,2011-11-11,2011-12-09,28,16,679,3630.33,226.90,1,High-value active
17528.0,2011-09-29,2011-12-08,2011-12-09,1,8,2138,3628.50,453.56,1,High-value active
13327.0,2010-12-09,2011-11-01,2011-12-09,38,8,1600,3627.77,453.47,1,High-value active
13520.0,2010-12-03,2011-10-12,2011-12-09,58,6,1649,3624.35,604.06,1,High-value active
17576.0,2010-12-09,2011-12-01,2011-12-09,8,19,1994,3622.68,190.67,1,High-value active
14040.0,2011-01-12,2011-10-30,2011-12-09,40,12,1554,3614.92,301.24,1,High-value active
13082.0,2011-01-05,2011-08-05,2011-12-09,126,9,4324,3613.63,401.51,1,High-value at risk
15505.0,2011-07-07,2011-10-18,2011-12-09,52,5,2390,3610.96,722.19,1,High-value active
15113.0,2011-10-16,2011-11-30,2011-12-09,9,3,2386,3609.33,1203.11,1,High-value active
16242.0,2011-03-07,2011-12-01,2011-12-09,8,7,1982,3603.21,514.74,1,High-value active
15484.0,2011-09-22,2011-12-08,2011-12-09,1,4,3152,3594.31,898.58,1,High-value active
14132.0,2011-06-09,2011-12-07,2011-12-09,2,11,3368,3586.03,326.00,1,High-value active
17203.0,2011-10-10,2011-11-04,2011-12-09,35,6,2850,3563.85,593.98,1,High-value active
17491.0,2010-12-07,2011-12-08,2011-12-09,1,10,2013,3558.87,355.89,1,High-value active
15544.0,2010-12-02,2011-11-30,2011-12-09,9,9,3109,3546.71,394.08,1,High-value active
12370.0,2010-12-14,2011-10-19,2011-12-09,51,4,2353,3545.69,886.42,1,High-value active
14503.0,2011-06-14,2011-12-06,2011-12-09,3,6,2004,3543.26,590.54,1,High-value active
13448.0,2010-12-01,2011-11-23,2011-12-09,16,6,1660,3539.37,589.90,1,High-value active
13334.0,2011-02-07,2011-09-18,2011-12-09,82,3,1774,3536.82,1178.94,1,High-value active
12454.0,2011-10-14,2011-10-14,2011-12-09,56,1,1006,3528.34,3528.34,1,One-time customer
17160.0,2011-04-12,2011-11-08,2011-12-09,31,6,2856,3518.03,586.34,1,High-value active
13953.0,2010-12-22,2011-12-02,2011-12-09,7,7,2724,3515.68,502.24,1,High-value active
16360.0,2011-09-12,2011-12-05,2011-12-09,4,6,2144,3512.53,585.42,1,High-value active
14395.0,2010-12-02,2011-12-07,2011-12-09,2,9,1693,3507.71,389.75,1,High-value active
16131.0,2011-04-14,2011-10-19,2011-12-09,51,6,1802,3506.54,584.42,1,High-value active
14907.0,2010-12-07,2011-12-06,2011-12-09,3,7,1691,3501.10,500.16,1,High-value active
16458.0,2010-12-14,2011-12-07,2011-12-09,2,18,2154,3482.74,193.49,1,High-value active
13993.0,2011-01-13,2011-10-28,2011-12-09,42,9,900,3466.36,385.15,1,High-value active
13014.0,2011-03-03,2011-11-29,2011-12-09,10,10,905,3466.28,346.63,1,High-value active
17758.0,2011-04-03,2011-11-20,2011-12-09,19,8,2091,3456.70,432.09,1,High-value active
15410.0,2011-03-23,2011-09-16,2011-12-09,84,8,1200,3450.84,431.36,1,High-value active
13536.0,2011-09-25,2011-12-08,2011-12-09,1,7,2136,3448.29,492.61,1,High-value active
15129.0,2011-02-21,2011-10-20,2011-12-09,50,11,1794,3447.40,313.40,1,High-value active
15974.0,2011-02-24,2011-10-31,2011-12-09,39,7,2262,3442.15,491.74,1,High-value active
17725.0,2011-03-17,2011-11-23,2011-12-09,16,11,2162,3439.08,312.64,1,High-value active
15676.0,2011-03-01,2011-11-21,2011-12-09,18,3,2252,3435.76,1145.25,1,High-value active
14221.0,2011-01-04,2011-10-28,2011-12-09,42,9,2191,3432.80,381.42,1,High-value active
12406.0,2011-06-09,2011-11-17,2011-12-09,22,2,1818,3415.30,1707.65,1,High-value active
15981.0,2011-02-01,2011-11-15,2011-12-09,24,8,1866,3408.48,426.06,1,High-value active
13437.0,2011-06-02,2011-11-25,2011-12-09,14,7,1283,3408.06,486.87,1,High-value active
17669.0,2011-04-04,2011-10-28,2011-12-09,42,7,1916,3406.72,486.67,1,High-value active
13198.0,2010-12-13,2011-11-29,2011-12-09,10,6,2648,3401.24,566.87,1,High-value active
15228.0,2011-02-18,2011-10-04,2011-12-09,66,4,2255,3386.71,846.68,1,High-value active
13842.0,2010-12-08,2011-10-12,2011-12-09,58,9,1768,3385.62,376.18,1,High-value active
15708.0,2010-12-05,2011-10-30,2011-12-09,40,7,1267,3364.24,480.61,1,High-value active
16011.0,2010-12-08,2011-12-01,2011-12-09,8,16,2042,3362.71,210.17,1,High-value active
14227.0,2011-02-28,2011-11-13,2011-12-09,26,10,1820,3350.96,335.10,1,High-value active
16818.0,2011-05-18,2011-11-29,2011-12-09,10,11,2164,3349.57,304.51,1,High-value active
16607.0,2010-12-16,2011-11-22,2011-12-09,17,14,2859,3347.71,239.12,1,High-value active
17183.0,2011-08-26,2011-12-02,2011-12-09,7,6,1296,3347.31,557.89,1,High-value active
13015.0,2011-04-04,2011-10-17,2011-12-09,53,5,1617,3346.28,669.26,1,High-value active
12643.0,2011-01-11,2011-08-03,2011-12-09,128,6,1808,3344.64,557.44,1,High-value at risk
12613.0,2011-03-22,2011-10-13,2011-12-09,57,5,1644,3344.38,668.88,1,High-value active
12594.0,2011-01-21,2011-11-02,2011-12-09,37,10,1777,3338.22,333.82,1,High-value active
16556.0,2010-12-14,2011-10-04,2011-12-09,66,7,1890,3313.79,473.40,1,High-value active
13373.0,2011-03-08,2011-10-10,2011-12-09,60,3,1651,3312.25,1104.08,1,High-value active
14841.0,2010-12-16,2011-10-17,2011-12-09,53,6,1778,3295.76,549.29,1,High-value active
14702.0,2010-12-09,2011-12-08,2011-12-09,1,17,1454,3292.14,193.66,1,High-value active
15632.0,2011-03-10,2011-11-24,2011-12-09,15,8,2109,3285.31,410.66,1,High-value active
12480.0,2011-01-07,2011-11-11,2011-12-09,28,4,1707,3281.63,820.41,1,High-value active
15764.0,2011-03-08,2011-09-12,2011-12-09,88,6,2050,3279.97,546.66,1,High-value active
17723.0,2011-05-09,2011-08-04,2011-12-09,127,6,792,3276.40,546.07,1,High-value at risk
13952.0,2011-04-15,2011-05-06,2011-12-09,217,2,1430,3251.07,1625.54,1,High-value at risk
13047.0,2010-12-01,2011-11-08,2011-12-09,31,10,1391,3237.54,323.75,1,High-value active
15443.0,2011-01-23,2011-12-08,2011-12-09,1,7,1663,3236.91,462.42,1,High-value active
17050.0,2011-02-13,2011-09-04,2011-12-09,96,6,1614,3228.84,538.14,1,High-value at risk
14175.0,2011-01-14,2011-10-11,2011-12-09,59,3,1515,3222.30,1074.10,1,High-value active
13880.0,2010-12-07,2011-11-18,2011-12-09,21,13,1842,3219.77,247.67,1,High-value active
13268.0,2011-03-17,2011-11-22,2011-12-09,17,11,3658,3214.69,292.24,1,High-value active
14388.0,2010-12-02,2011-11-29,2011-12-09,10,8,1941,3212.84,401.61,1,High-value active
16107.0,2011-06-09,2011-11-22,2011-12-09,17,7,1176,3204.16,457.74,1,High-value active
17220.0,2010-12-10,2011-11-15,2011-12-09,24,14,1905,3198.25,228.45,1,High-value active
13868.0,2011-11-01,2011-12-02,2011-12-09,7,2,1964,3192.54,1596.27,1,High-value active
17685.0,2010-12-02,2011-11-23,2011-12-09,16,7,1956,3191.53,455.93,1,High-value active
13758.0,2010-12-01,2011-11-28,2011-12-09,11,7,1844,3190.55,455.79,1,High-value active
14844.0,2011-04-12,2011-10-07,2011-12-09,63,4,1833,3189.81,797.45,1,High-value active
12456.0,2011-03-30,2011-10-26,2011-12-09,44,3,1633,3181.04,1060.35,1,High-value active
17672.0,2011-02-03,2011-10-20,2011-12-09,50,2,1690,3178.17,1589.09,1,High-value active
17231.0,2010-12-13,2011-11-27,2011-12-09,12,10,1742,3174.32,317.43,1,High-value active
16837.0,2011-04-08,2011-11-08,2011-12-09,31,11,1563,3170.98,288.27,1,High-value active
16041.0,2011-07-21,2011-11-09,2011-12-09,30,3,1584,3166.40,1055.47,1,High-value active
15861.0,2011-03-17,2011-11-27,2011-12-09,12,8,2544,3165.36,395.67,1,High-value active
17863.0,2010-12-05,2011-10-11,2011-12-09,59,6,2638,3160.00,526.67,1,High-value active
15065.0,2011-02-21,2011-11-02,2011-12-09,37,4,1383,3158.13,789.53,1,High-value active
14235.0,2011-03-24,2011-09-25,2011-12-09,75,5,1959,3144.86,628.97,1,High-value active
13742.0,2011-01-23,2011-11-23,2011-12-09,16,12,1124,3131.02,260.92,1,High-value active
16156.0,2011-02-02,2011-12-01,2011-12-09,8,9,1308,3122.04,346.89,1,High-value active
13685.0,2011-10-10,2011-12-07,2011-12-09,2,7,5056,3119.44,445.63,1,High-value active
16326.0,2011-01-09,2011-12-04,2011-12-09,5,14,709,3110.96,222.21,1,High-value active
16678.0,2011-03-02,2011-12-07,2011-12-09,2,12,2397,3109.99,259.17,1,High-value active
13869.0,2010-12-17,2011-08-08,2011-12-09,123,4,1721,3104.95,776.24,1,High-value at risk
14099.0,2010-12-20,2011-11-23,2011-12-09,16,11,2179,3104.17,282.20,1,High-value active
16905.0,2010-12-03,2011-12-04,2011-12-09,5,7,1408,3102.43,443.20,1,High-value active
15491.0,2011-04-18,2011-09-05,2011-12-09,95,6,1646,3100.09,516.68,1,High-value at risk
14257.0,2011-01-25,2011-10-06,2011-12-09,64,5,1682,3099.72,619.94,1,High-value active
14565.0,2010-12-13,2011-09-05,2011-12-09,95,4,1540,3099.12,774.78,1,High-value at risk
13135.0,2011-05-27,2011-05-27,2011-12-09,196,1,4300,3096.00,3096.00,1,One-time customer
17059.0,2010-12-05,2011-11-10,2011-12-09,29,5,1855,3095.04,619.01,1,High-value active
13362.0,2011-02-25,2011-11-30,2011-12-09,9,4,1382,3090.74,772.69,1,High-value active
15998.0,2010-12-12,2011-11-03,2011-12-09,36,5,2041,3089.97,617.99,1,High-value active
16218.0,2010-12-01,2011-11-10,2011-12-09,29,7,2088,3084.68,440.67,1,High-value active
18272.0,2011-04-07,2011-12-07,2011-12-09,2,6,2050,3078.58,513.10,1,High-value active
12910.0,2011-04-12,2011-11-16,2011-12-09,23,8,1692,3075.04,384.38,1,High-value active
13631.0,2011-03-17,2011-09-01,2011-12-09,99,11,467,3070.42,279.13,1,High-value at risk
16686.0,2010-12-19,2011-10-23,2011-12-09,47,7,2030,3062.83,437.55,1,High-value active
14456.0,2011-07-20,2011-12-04,2011-12-09,5,9,2908,3062.40,340.27,1,High-value active
17799.0,2010-12-13,2011-11-17,2011-12-09,22,10,1758,3055.93,305.59,1,High-value active
16940.0,2011-02-23,2011-10-18,2011-12-09,52,3,2169,3049.88,1016.63,1,High-value active
16393.0,2010-12-05,2011-12-07,2011-12-09,2,13,1576,3046.21,234.32,1,High-value active
16709.0,2011-03-03,2011-09-16,2011-12-09,84,5,851,3029.87,605.97,1,High-value active
12598.0,2011-02-28,2011-11-30,2011-12-09,9,8,1964,3023.08,377.89,1,High-value active
12395.0,2010-12-03,2011-11-20,2011-12-09,19,12,2118,3018.63,251.55,1,High-value active
18094.0,2011-02-21,2011-09-19,2011-12-09,81,7,2518,3017.30,431.04,1,High-value active
12754.0,2011-02-04,2011-04-18,2011-12-09,235,3,6481,3010.74,1003.58,1,High-value at risk
12916.0,2011-01-23,2011-07-24,2011-12-09,138,4,1119,3006.15,751.54,1,High-value at risk
15521.0,2011-03-30,2011-10-30,2011-12-09,40,8,1836,3000.20,375.03,1,High-value active
17659.0,2010-12-02,2011-11-22,2011-12-09,17,12,1525,2999.46,249.96,1,High-value active
17504.0,2011-01-21,2011-05-17,2011-12-09,206,9,1664,2997.03,333.00,1,High-value at risk
12670.0,2011-04-21,2011-11-29,2011-12-09,10,5,1397,2996.05,599.21,1,High-value active
14307.0,2010-12-01,2011-09-12,2011-12-09,88,6,2058,2995.72,499.29,1,High-value active
15687.0,2011-01-13,2011-12-01,2011-12-09,8,9,1310,2993.10,332.57,1,High-value active
14639.0,2010-12-13,2011-10-18,2011-12-09,52,6,1431,2984.49,497.42,1,High-value active
13451.0,2011-01-09,2011-11-13,2011-12-09,26,5,2149,2976.15,595.23,1,High-value active
14032.0,2010-12-08,2011-12-07,2011-12-09,2,11,2032,2975.59,270.51,1,High-value active
15854.0,2010-12-13,2011-12-05,2011-12-09,4,12,939,2974.65,247.89,1,High-value active
16497.0,2011-01-10,2011-10-21,2011-12-09,49,6,1396,2965.69,494.28,1,High-value active
17924.0,2010-12-01,2011-11-28,2011-12-09,11,7,1160,2962.50,423.21,1,High-value active
14868.0,2011-04-20,2011-12-06,2011-12-09,3,8,1405,2953.59,369.20,1,High-value active
17084.0,2011-11-04,2011-11-04,2011-12-09,35,2,1816,2949.75,1474.88,1,High-value active
17444.0,2011-06-20,2011-07-15,2011-12-09,147,3,2119,2940.04,980.01,1,High-value at risk
16316.0,2010-12-16,2011-10-06,2011-12-09,64,8,1484,2938.91,367.36,1,High-value active
14530.0,2011-02-16,2011-11-14,2011-12-09,25,6,1410,2925.91,487.65,1,High-value active
17512.0,2011-02-11,2011-11-11,2011-12-09,28,10,2753,2924.99,292.50,1,High-value active
15606.0,2011-01-19,2011-10-09,2011-12-09,61,9,892,2920.16,324.46,1,High-value active
12906.0,2011-09-22,2011-11-28,2011-12-09,11,5,1749,2919.81,583.96,1,High-value active
14112.0,2011-03-09,2011-11-17,2011-12-09,22,7,1651,2915.15,416.45,1,High-value active
12438.0,2011-07-22,2011-11-25,2011-12-09,14,2,1180,2906.85,1453.43,1,High-value active
17644.0,2011-03-24,2011-12-08,2011-12-09,1,11,1793,2895.64,263.24,1,High-value active
18144.0,2010-12-01,2011-12-02,2011-12-09,7,12,1343,2888.75,240.73,1,High-value active
12408.0,2011-03-24,2011-11-07,2011-12-09,32,5,1409,2888.55,577.71,1,High-value active
13735.0,2011-04-19,2011-11-15,2011-12-09,24,4,1130,2885.24,721.31,1,High-value active
16633.0,2011-04-19,2011-11-22,2011-12-09,17,6,1138,2883.10,480.52,1,High-value active
15673.0,2011-01-16,2011-09-12,2011-12-09,88,4,1514,2881.02,720.26,1,High-value active
14251.0,2011-10-13,2011-12-08,2011-12-09,1,5,1674,2879.70,575.94,1,High-value active
17728.0,2011-09-14,2011-12-06,2011-12-09,3,3,1469,2876.01,958.67,1,High-value active
14005.0,2011-05-08,2011-11-30,2011-12-09,9,5,2478,2874.72,574.94,1,High-value active
15628.0,2010-12-08,2011-12-05,2011-12-09,4,9,1894,2870.24,318.92,1,High-value active
14711.0,2011-03-22,2011-11-29,2011-12-09,10,11,978,2868.80,260.80,1,High-value active
13901.0,2011-01-25,2011-09-28,2011-12-09,72,5,1739,2867.20,573.44,1,High-value active
14535.0,2011-04-05,2011-10-10,2011-12-09,60,3,1831,2864.19,954.73,1,High-value active
12685.0,2011-09-07,2011-11-11,2011-12-09,28,6,1523,2863.08,477.18,1,High-value active
18145.0,2011-01-31,2011-11-27,2011-12-09,12,4,2625,2861.55,715.39,1,High-value active
16928.0,2010-12-01,2011-09-20,2011-12-09,80,17,2114,2847.60,167.51,1,High-value active
15984.0,2010-12-06,2011-12-07,2011-12-09,2,10,1843,2837.67,283.77,1,High-value active
14852.0,2011-04-01,2011-10-12,2011-12-09,58,6,1747,2836.69,472.78,1,High-value active
14572.0,2011-01-19,2011-12-06,2011-12-09,3,7,1428,2832.84,404.69,1,High-value active
17596.0,2010-12-06,2011-11-16,2011-12-09,23,7,4400,2827.93,403.99,1,High-value active
14842.0,2011-02-04,2011-10-27,2011-12-09,43,4,1166,2824.69,706.17,1,High-value active
13174.0,2010-12-05,2011-11-23,2011-12-09,16,3,1395,2817.03,939.01,1,High-value active
16871.0,2011-03-14,2011-11-17,2011-12-09,22,6,1253,2812.34,468.72,1,High-value active
12356.0,2011-01-18,2011-11-17,2011-12-09,22,3,1591,2811.43,937.14,1,High-value active
14903.0,2011-03-06,2011-11-18,2011-12-09,21,5,1536,2810.63,562.13,1,High-value active
18230.0,2011-02-10,2011-11-30,2011-12-09,9,7,1316,2810.20,401.46,1,High-value active
13230.0,2010-12-09,2011-12-05,2011-12-09,4,14,1665,2806.97,200.50,1,High-value active
16081.0,2010-12-08,2011-10-14,2011-12-09,56,5,1477,2806.90,561.38,1,High-value active
16764.0,2011-07-19,2011-12-06,2011-12-09,3,13,1259,2799.25,215.33,1,High-value active
15993.0,2011-10-26,2011-12-01,2011-12-09,8,7,2051,2797.57,399.65,1,High-value active
13769.0,2010-12-07,2011-12-07,2011-12-09,2,10,1163,2796.51,279.65,1,High-value active
12578.0,2011-01-13,2011-11-18,2011-12-09,21,2,1196,2794.51,1397.26,1,High-value active
12758.0,2011-03-08,2011-08-15,2011-12-09,116,2,2135,2791.59,1395.80,1,High-value at risk
17739.0,2010-12-14,2011-11-28,2011-12-09,11,7,861,2791.35,398.76,1,High-value active
14626.0,2011-04-20,2011-11-16,2011-12-09,23,4,1403,2791.27,697.82,1,High-value active
17213.0,2010-12-08,2011-10-30,2011-12-09,40,7,1176,2781.23,397.32,1,High-value active
12388.0,2011-01-17,2011-11-24,2011-12-09,15,6,1462,2780.66,463.44,1,High-value active
14121.0,2011-10-11,2011-12-06,2011-12-09,3,4,2082,2780.15,695.04,1,High-value active
17838.0,2010-12-02,2011-11-13,2011-12-09,26,5,1879,2779.30,555.86,1,High-value active
13870.0,2011-02-25,2011-12-07,2011-12-09,2,8,1325,2770.94,346.37,1,High-value active
15356.0,2010-12-06,2011-11-08,2011-12-09,31,10,1673,2766.50,276.65,1,High-value active
15114.0,2011-02-11,2011-11-09,2011-12-09,30,10,3096,2760.56,276.06,1,High-value active
14854.0,2011-03-10,2011-09-22,2011-12-09,78,7,1832,2759.83,394.26,1,High-value active
13971.0,2011-02-27,2011-11-21,2011-12-09,18,8,1844,2758.26,344.78,1,High-value active
15321.0,2011-02-21,2011-09-30,2011-12-09,70,3,1181,2748.31,916.10,1,High-value active
12669.0,2011-03-28,2011-07-12,2011-12-09,150,3,1115,2744.03,914.68,1,High-value at risk
14808.0,2011-06-20,2011-10-31,2011-12-09,39,8,2147,2741.17,342.65,1,High-value active
14125.0,2011-09-22,2011-11-29,2011-12-09,10,3,1640,2740.43,913.48,1,High-value active
15696.0,2011-01-17,2011-11-06,2011-12-09,33,8,1028,2736.46,342.06,1,High-value active
16938.0,2011-02-04,2011-12-01,2011-12-09,8,4,2540,2736.38,684.10,1,High-value active
16003.0,2010-12-15,2011-11-10,2011-12-09,29,5,1185,2735.37,547.07,1,High-value active
12840.0,2011-04-27,2011-07-19,2011-12-09,143,4,1511,2726.77,681.69,1,High-value at risk
12380.0,2011-06-07,2011-11-18,2011-12-09,21,4,1127,2724.81,681.20,1,High-value active
12708.0,2010-12-06,2011-11-10,2011-12-09,29,10,1307,2712.91,271.29,1,High-value active
15796.0,2011-02-10,2011-12-08,2011-12-09,1,8,861,2711.56,338.95,1,High-value active
17069.0,2010-12-01,2011-11-11,2011-12-09,28,9,1506,2709.70,301.08,1,High-value active
13285.0,2011-02-22,2011-11-16,2011-12-09,23,4,2051,2709.12,677.28,1,High-value active
13654.0,2011-03-11,2011-10-27,2011-12-09,43,6,2182,2707.33,451.22,1,High-value active
14107.0,2010-12-10,2011-10-19,2011-12-09,51,7,1793,2703.23,386.18,1,High-value active
14732.0,2011-01-04,2011-12-01,2011-12-09,8,8,1405,2702.49,337.81,1,High-value active
18097.0,2010-12-20,2011-12-02,2011-12-09,7,6,1686,2697.80,449.63,1,High-value active
17386.0,2011-06-27,2011-12-02,2011-12-09,7,6,1902,2686.42,447.74,1,High-value active
12625.0,2011-01-24,2011-05-12,2011-12-09,211,2,1612,2683.82,1341.91,1,High-value at risk
17346.0,2010-12-01,2011-12-06,2011-12-09,3,15,1657,2676.56,178.44,1,High-value active
13883.0,2011-03-31,2011-11-29,2011-12-09,10,5,1436,2674.48,534.90,1,High-value active
14713.0,2010-12-09,2011-11-30,2011-12-09,9,11,1615,2666.36,242.40,1,High-value active
12360.0,2011-05-23,2011-10-18,2011-12-09,52,3,1165,2662.06,887.35,1,High-value active
14439.0,2011-01-24,2011-01-24,2011-12-09,319,1,526,2661.24,2661.24,1,One-time customer
15671.0,2011-03-14,2011-11-21,2011-12-09,18,7,1699,2657.13,379.59,1,High-value active
12721.0,2010-12-20,2011-11-08,2011-12-09,31,6,1959,2656.13,442.69,1,High-value active
13851.0,2011-02-24,2011-09-05,2011-12-09,95,3,1705,2651.46,883.82,1,High-value at risk
16618.0,2011-01-21,2011-11-08,2011-12-09,31,5,1363,2647.59,529.52,1,High-value active
18260.0,2010-12-16,2011-06-20,2011-12-09,172,6,1478,2643.20,440.53,1,High-value at risk
13658.0,2011-05-19,2011-11-30,2011-12-09,9,5,1019,2639.17,527.83,1,High-value active
17655.0,2010-12-08,2011-11-29,2011-12-09,10,7,1116,2638.94,376.99,1,High-value active
15752.0,2010-12-02,2011-10-31,2011-12-09,39,7,1978,2637.38,376.77,1,High-value active
13804.0,2011-02-23,2011-11-09,2011-12-09,30,7,1498,2635.79,376.54,1,High-value active
13771.0,2011-04-06,2011-10-06,2011-12-09,64,4,1477,2634.45,658.61,1,High-value active
12520.0,2011-03-11,2011-09-21,2011-12-09,79,5,1439,2634.26,526.85,1,High-value active
17402.0,2010-12-05,2011-12-05,2011-12-09,4,13,701,2633.85,202.60,1,High-value active
18077.0,2010-12-08,2011-12-01,2011-12-09,8,11,1878,2633.01,239.36,1,High-value active
13422.0,2011-10-06,2011-10-06,2011-12-09,64,1,1326,2626.30,2626.30,1,One-time customer
13644.0,2011-08-26,2011-11-23,2011-12-09,16,4,2067,2624.26,656.07,1,High-value active
17965.0,2010-12-05,2011-11-02,2011-12-09,37,14,1556,2622.57,187.33,1,High-value active
18210.0,2011-03-17,2011-12-08,2011-12-09,1,6,1398,2621.38,436.90,1,High-value active
16255.0,2010-12-09,2011-11-23,2011-12-09,16,8,1767,2619.91,327.49,1,High-value active
14262.0,2011-04-13,2011-12-01,2011-12-09,8,8,1645,2618.23,327.28,1,High-value active
13021.0,2010-12-16,2011-12-05,2011-12-09,4,9,1352,2616.38,290.71,1,High-value active
15782.0,2011-09-11,2011-11-30,2011-12-09,9,3,864,2614.74,871.58,1,High-value active
14397.0,2011-05-10,2011-12-07,2011-12-09,2,19,1890,2612.96,137.52,1,High-value active
12836.0,2011-02-01,2011-10-11,2011-12-09,59,4,1064,2612.86,653.22,1,High-value active
18075.0,2010-12-14,2011-11-16,2011-12-09,23,10,1464,2611.75,261.18,1,High-value active
12726.0,2010-12-17,2011-11-11,2011-12-09,28,7,3143,2609.10,372.73,1,High-value active
16241.0,2010-12-05,2011-11-30,2011-12-09,9,13,1453,2607.87,200.61,1,High-value active
13136.0,2011-05-11,2011-10-14,2011-12-09,56,5,1328,2607.61,521.52,1,High-value active
14408.0,2011-03-20,2011-11-29,2011-12-09,10,7,1616,2606.53,372.36,1,High-value active
13983.0,2010-12-08,2011-11-10,2011-12-09,29,12,1183,2603.43,216.95,1,High-value active
17317.0,2011-09-11,2011-10-24,2011-12-09,46,3,1146,2600.34,866.78,1,High-value active
12600.0,2010-12-03,2011-11-11,2011-12-09,28,10,774,2599.04,259.90,1,High-value active
16919.0,2010-12-06,2011-07-06,2011-12-09,156,11,1413,2596.45,236.04,1,High-value at risk
13895.0,2011-06-28,2011-11-11,2011-12-09,28,4,1365,2593.07,648.27,1,High-value active
14243.0,2010-12-09,2011-12-01,2011-12-09,8,10,1221,2588.77,258.88,1,High-value active
15033.0,2011-01-14,2011-12-05,2011-12-09,4,10,1695,2586.67,258.67,1,High-value active
13911.0,2011-02-04,2011-10-13,2011-12-09,57,9,2731,2580.91,286.77,1,High-value active
14546.0,2011-04-05,2011-12-04,2011-12-09,5,5,1317,2578.09,515.62,1,High-value active
16912.0,2011-01-20,2011-11-11,2011-12-09,28,11,1029,2575.38,234.13,1,High-value active
15485.0,2010-12-01,2011-11-09,2011-12-09,30,3,1306,2575.00,858.33,1,High-value active
18245.0,2010-12-19,2011-12-02,2011-12-09,7,7,1788,2567.06,366.72,1,High-value active
16308.0,2011-03-23,2011-11-02,2011-12-09,37,4,8000,2560.00,640.00,1,High-value active
15572.0,2011-03-06,2011-12-05,2011-12-09,4,7,1229,2552.86,364.69,1,High-value active
14334.0,2010-12-16,2011-11-23,2011-12-09,16,8,1731,2552.21,319.03,1,High-value active
14701.0,2011-01-27,2011-11-29,2011-12-09,10,9,932,2549.37,283.26,1,High-value active
14676.0,2011-03-01,2011-11-08,2011-12-09,31,6,2500,2548.24,424.71,1,High-value active
13344.0,2011-03-07,2011-10-03,2011-12-09,67,3,971,2543.72,847.91,1,High-value active
14776.0,2011-01-31,2011-10-19,2011-12-09,51,11,3134,2538.30,230.75,1,High-value active
17700.0,2011-03-03,2011-11-23,2011-12-09,16,4,1266,2534.64,633.66,1,High-value active
13471.0,2011-10-23,2011-12-08,2011-12-09,1,4,1590,2531.58,632.90,1,High-value active
14659.0,2011-01-28,2011-12-01,2011-12-09,8,9,1195,2529.93,281.10,1,High-value active
17314.0,2011-01-31,2011-11-15,2011-12-09,24,8,1896,2527.92,315.99,1,High-value active
13975.0,2011-03-08,2011-11-08,2011-12-09,31,6,1732,2526.28,421.05,1,High-value active
17449.0,2010-12-15,2011-12-07,2011-12-09,2,7,1122,2520.86,360.12,1,High-value active
13394.0,2011-02-03,2011-12-08,2011-12-09,1,8,2392,2520.02,315.00,1,High-value active
15245.0,2011-03-23,2011-07-28,2011-12-09,134,3,1784,2515.84,838.61,1,High-value at risk
15271.0,2010-12-09,2011-12-02,2011-12-09,7,15,1262,2507.07,167.14,1,High-value active
12352.0,2011-02-16,2011-11-03,2011-12-09,36,8,536,2506.04,313.26,1,High-value active
13695.0,2011-03-25,2011-11-08,2011-12-09,31,15,1603,2504.13,166.94,1,High-value active
12517.0,2011-06-02,2011-11-11,2011-12-09,28,5,1371,2502.84,500.57,1,High-value active
15932.0,2011-02-23,2011-12-05,2011-12-09,4,8,2325,2495.87,311.98,1,High-value active
16477.0,2010-12-03,2011-10-07,2011-12-09,63,7,1415,2494.46,356.35,1,High-value active
12483.0,2011-01-04,2011-11-22,2011-12-09,17,8,1110,2484.98,310.62,1,High-value active
12913.0,2010-12-06,2011-12-05,2011-12-09,4,5,1419,2483.63,496.73,1,High-value active
16710.0,2010-12-06,2011-11-20,2011-12-09,19,10,1836,2483.04,248.30,1,High-value active
14315.0,2011-03-18,2011-10-26,2011-12-09,44,6,1021,2481.13,413.52,1,High-value active
13507.0,2011-07-17,2011-12-06,2011-12-09,3,4,1597,2479.16,619.79,1,High-value active
13588.0,2011-03-29,2011-11-24,2011-12-09,15,9,2606,2478.95,275.44,1,High-value active
17682.0,2010-12-06,2011-11-29,2011-12-09,10,6,1367,2474.33,412.39,1,High-value active
17188.0,2010-12-12,2011-11-28,2011-12-09,11,7,1328,2474.23,353.46,1,High-value active
14766.0,2010-12-08,2011-12-01,2011-12-09,8,6,1349,2473.37,412.23,1,High-value active
14502.0,2011-01-30,2011-11-20,2011-12-09,19,11,1498,2470.67,224.61,1,High-value active
17164.0,2011-03-11,2011-11-07,2011-12-09,32,7,1501,2467.35,352.48,1,High-value active
12455.0,2011-02-16,2011-09-27,2011-12-09,73,6,2089,2466.86,411.14,1,High-value active
15750.0,2010-12-08,2011-12-07,2011-12-09,2,8,1786,2465.48,308.19,1,High-value active
17131.0,2011-09-25,2011-12-04,2011-12-09,5,5,983,2463.17,492.63,1,High-value active
13784.0,2011-01-11,2011-11-30,2011-12-09,9,11,2493,2462.79,223.89,1,High-value active
15674.0,2011-03-30,2011-09-27,2011-12-09,73,5,1275,2446.60,489.32,1,High-value active
14163.0,2011-04-14,2011-09-13,2011-12-09,87,4,893,2445.91,611.48,1,High-value active
15527.0,2010-12-20,2011-11-21,2011-12-09,18,8,992,2429.78,303.72,1,High-value active
17071.0,2011-02-03,2011-11-11,2011-12-09,28,9,1197,2429.03,269.89,1,High-value active
13949.0,2011-09-06,2011-12-07,2011-12-09,2,6,2474,2427.32,404.55,1,High-value active
16143.0,2010-12-05,2011-12-06,2011-12-09,3,6,919,2424.94,404.16,1,High-value active
17722.0,2010-12-08,2011-09-04,2011-12-09,96,4,1595,2424.04,606.01,1,High-value at risk
15089.0,2011-08-03,2011-11-29,2011-12-09,10,6,1359,2420.84,403.47,1,High-value active
15373.0,2010-12-03,2011-12-01,2011-12-09,8,12,500,2415.91,201.33,1,High-value active
12397.0,2011-07-27,2011-11-04,2011-12-09,35,2,1263,2409.90,1204.95,1,High-value active
17589.0,2011-04-13,2011-10-10,2011-12-09,60,4,1631,2404.17,601.04,1,High-value active
15980.0,2011-03-30,2011-09-12,2011-12-09,88,3,1560,2398.86,799.62,1,High-value active
18065.0,2010-12-10,2011-12-04,2011-12-09,5,14,1027,2392.83,170.92,1,High-value active
13141.0,2011-01-28,2011-09-16,2011-12-09,84,5,1548,2388.75,477.75,1,High-value active
15370.0,2011-01-11,2011-10-30,2011-12-09,40,7,830,2386.05,340.86,1,High-value active
17530.0,2010-12-09,2011-12-08,2011-12-09,1,10,1526,2385.00,238.50,1,High-value active
14493.0,2011-07-07,2011-12-02,2011-12-09,7,5,1285,2383.24,476.65,1,High-value active
14554.0,2011-10-18,2011-11-29,2011-12-09,10,4,1478,2381.04,595.26,1,High-value active
14239.0,2011-01-27,2011-10-27,2011-12-09,43,11,993,2380.85,216.44,1,High-value active
15270.0,2011-02-02,2011-11-24,2011-12-09,15,7,1521,2379.49,339.93,1,High-value active
13722.0,2011-03-02,2011-07-31,2011-12-09,131,3,1401,2375.41,791.80,1,High-value at risk
17434.0,2011-09-15,2011-12-07,2011-12-09,2,7,1693,2373.82,339.12,1,High-value active
14930.0,2011-03-10,2011-08-23,2011-12-09,108,3,1166,2372.86,790.95,1,High-value at risk
13908.0,2011-03-08,2011-09-21,2011-12-09,79,4,1478,2369.55,592.39,1,High-value active
15755.0,2011-02-18,2011-11-29,2011-12-09,10,6,1427,2364.25,394.04,1,High-value active
12457.0,2011-04-14,2011-10-04,2011-12-09,66,7,843,2363.23,337.60,1,High-value active
17634.0,2011-01-06,2011-11-03,2011-12-09,36,9,840,2361.97,262.44,1,High-value active
14030.0,2010-12-08,2011-11-21,2011-12-09,18,8,1479,2360.09,295.01,1,High-value active
14440.0,2010-12-09,2011-12-01,2011-12-09,8,5,588,2357.68,471.54,1,High-value active
15140.0,2011-03-20,2011-10-18,2011-12-09,52,7,1572,2354.25,336.32,1,High-value active
14309.0,2010-12-16,2011-12-01,2011-12-09,8,9,1633,2352.53,261.39,1,High-value active
12704.0,2011-06-23,2011-12-02,2011-12-09,7,8,1006,2340.84,292.61,1,High-value active
18259.0,2010-12-08,2011-11-15,2011-12-09,24,3,714,2338.60,779.53,1,High-value active
12584.0,2011-03-04,2011-12-06,2011-12-09,3,9,416,2338.15,259.79,1,High-value active
18257.0,2011-02-16,2011-10-31,2011-12-09,39,8,1041,2337.63,292.20,1,High-value active
17954.0,2010-12-03,2011-12-04,2011-12-09,5,12,2234,2332.72,194.39,1,High-value active
15281.0,2011-01-10,2011-10-12,2011-12-09,58,9,1211,2332.15,259.13,1,High-value active
12782.0,2010-12-17,2011-12-05,2011-12-09,4,5,1086,2330.92,466.18,1,High-value active
15785.0,2011-02-17,2011-11-07,2011-12-09,32,5,1612,2328.97,465.79,1,High-value active
17313.0,2011-11-08,2011-11-08,2011-12-09,31,1,1402,2328.84,2328.84,1,One-time customer
17744.0,2010-12-16,2011-12-06,2011-12-09,3,6,3412,2322.40,387.07,1,High-value active
17211.0,2010-12-05,2011-11-13,2011-12-09,26,8,1323,2317.22,289.65,1,High-value active
14290.0,2010-12-13,2011-11-28,2011-12-09,11,5,915,2314.65,462.93,1,High-value active
15365.0,2011-01-28,2011-11-14,2011-12-09,25,7,1084,2314.32,330.62,1,High-value active
13994.0,2011-07-14,2011-12-06,2011-12-09,3,6,940,2313.14,385.52,1,High-value active
13704.0,2011-09-12,2011-12-04,2011-12-09,5,9,1531,2308.06,256.45,1,High-value active
15288.0,2010-12-09,2011-10-27,2011-12-09,43,5,775,2306.52,461.30,1,High-value active
16735.0,2011-01-09,2011-09-22,2011-12-09,78,5,1573,2300.56,460.11,1,High-value active
16550.0,2010-12-06,2011-08-23,2011-12-09,108,5,1540,2298.97,459.79,1,High-value at risk
15105.0,2011-07-28,2011-11-21,2011-12-09,18,7,1211,2298.93,328.42,1,High-value active
13115.0,2011-06-08,2011-11-28,2011-12-09,11,4,1567,2294.78,573.70,1,High-value active
15704.0,2011-05-08,2011-07-22,2011-12-09,140,4,1028,2293.62,573.41,1,High-value at risk
12615.0,2011-06-24,2011-12-07,2011-12-09,2,4,1376,2291.19,572.80,1,High-value active
13527.0,2011-01-17,2011-11-06,2011-12-09,33,7,1692,2287.51,326.79,1,High-value active
17696.0,2010-12-10,2011-11-01,2011-12-09,38,8,1756,2285.71,285.71,1,High-value active
12684.0,2011-05-10,2011-12-02,2011-12-09,7,7,1985,2283.63,326.23,1,High-value active
16782.0,2010-12-09,2011-11-29,2011-12-09,10,13,712,2279.90,175.38,1,High-value active
13317.0,2010-12-16,2011-10-04,2011-12-09,66,6,1035,2273.68,378.95,1,High-value active
17768.0,2011-06-26,2011-12-01,2011-12-09,8,3,1186,2273.18,757.73,1,High-value active
14466.0,2010-12-02,2011-11-10,2011-12-09,29,7,1006,2272.40,324.63,1,High-value active
13700.0,2011-01-16,2011-11-13,2011-12-09,26,10,2304,2265.12,226.51,1,High-value active
16057.0,2011-02-28,2011-11-23,2011-12-09,16,7,863,2263.12,323.30,1,High-value active
16209.0,2011-04-07,2011-09-12,2011-12-09,88,5,1179,2262.62,452.52,1,High-value active
14432.0,2011-09-11,2011-11-30,2011-12-09,9,6,2070,2255.51,375.92,1,High-value active
16293.0,2010-12-07,2011-11-18,2011-12-09,21,10,982,2248.99,224.90,1,High-value active
17442.0,2011-02-22,2011-11-03,2011-12-09,36,6,1496,2248.56,374.76,1,High-value active
15235.0,2010-12-01,2011-05-06,2011-12-09,217,12,1324,2247.51,187.29,1,High-value at risk
16771.0,2011-01-05,2011-11-06,2011-12-09,33,5,1489,2246.81,449.36,1,High-value active
15665.0,2011-04-10,2011-06-24,2011-12-09,168,2,1666,2242.01,1121.01,1,High-value at risk
14211.0,2011-02-17,2011-10-17,2011-12-09,53,9,1242,2241.10,249.01,1,High-value active
16743.0,2010-12-16,2011-11-10,2011-12-09,29,7,2047,2238.09,319.73,1,High-value active
14560.0,2010-12-17,2011-12-02,2011-12-09,7,22,1260,2237.77,101.72,1,High-value active
14700.0,2011-04-15,2011-11-07,2011-12-09,32,3,1342,2235.30,745.10,1,High-value active
16076.0,2011-05-15,2011-12-06,2011-12-09,3,10,1435,2234.73,223.47,1,High-value active
15834.0,2011-03-07,2011-09-30,2011-12-09,70,4,965,2233.75,558.44,1,High-value active
18242.0,2011-05-10,2011-09-28,2011-12-09,72,4,1017,2232.49,558.12,1,High-value active
14226.0,2011-03-15,2011-11-11,2011-12-09,28,5,1308,2232.19,446.44,1,High-value active
14825.0,2010-12-06,2011-12-06,2011-12-09,3,12,991,2226.91,185.58,1,High-value active
17591.0,2010-12-07,2011-09-27,2011-12-09,73,7,1009,2225.97,318.00,1,High-value active
12783.0,2011-09-25,2011-12-07,2011-12-09,2,6,624,2225.91,370.99,1,High-value active
13365.0,2011-05-06,2011-11-06,2011-12-09,33,2,1247,2225.37,1112.69,1,High-value active
15722.0,2011-02-22,2011-11-04,2011-12-09,35,5,1026,2222.56,444.51,1,High-value active
15811.0,2010-12-09,2011-11-17,2011-12-09,22,6,1071,2218.62,369.77,1,High-value active
12876.0,2011-05-27,2011-10-13,2011-12-09,57,2,1941,2218.02,1109.01,1,High-value active
12653.0,2011-02-16,2011-07-14,2011-12-09,148,2,919,2209.85,1104.93,1,High-value at risk
13862.0,2011-01-11,2011-11-21,2011-12-09,18,8,1688,2209.36,276.17,1,High-value active
15797.0,2011-01-24,2011-08-18,2011-12-09,113,4,873,2207.40,551.85,1,High-value at risk
15179.0,2011-01-24,2011-11-21,2011-12-09,18,5,1938,2206.95,441.39,1,High-value active
13831.0,2010-12-05,2011-11-23,2011-12-09,16,6,745,2202.99,367.17,1,High-value active
17406.0,2010-12-08,2011-01-10,2011-12-09,333,3,787,2200.42,733.47,1,High-value at risk
15123.0,2011-05-17,2011-12-02,2011-12-09,7,2,1195,2199.31,1099.66,1,High-value active
16628.0,2011-04-19,2011-11-10,2011-12-09,29,5,1205,2188.05,437.61,1,High-value active
15394.0,2010-12-16,2011-11-30,2011-12-09,9,4,910,2183.54,545.89,1,High-value active
14341.0,2011-01-25,2011-10-25,2011-12-09,45,8,1403,2182.28,272.79,1,High-value active
12856.0,2011-10-07,2011-12-02,2011-12-09,7,6,1079,2179.93,363.32,1,High-value active
12909.0,2011-03-31,2011-10-31,2011-12-09,39,5,1280,2178.67,435.73,1,High-value active
12501.0,2011-01-07,2011-01-07,2011-12-09,336,1,1783,2169.39,2169.39,1,One-time customer
12633.0,2011-02-25,2011-10-12,2011-12-09,58,4,1162,2163.98,541.00,1,High-value active
13755.0,2011-10-07,2011-12-06,2011-12-09,3,9,1264,2161.35,240.15,1,High-value active
12935.0,2011-01-24,2011-12-07,2011-12-09,2,7,1853,2160.70,308.67,1,High-value active
16456.0,2010-12-01,2011-09-01,2011-12-09,99,5,1148,2158.37,431.67,1,High-value at risk
14407.0,2011-03-08,2011-08-24,2011-12-09,107,6,1415,2157.73,359.62,1,High-value at risk
16379.0,2011-09-22,2011-12-05,2011-12-09,4,4,1410,2157.40,539.35,1,High-value active
13224.0,2011-07-11,2011-10-10,2011-12-09,60,2,1518,2155.95,1077.98,1,High-value active
16966.0,2011-04-13,2011-12-01,2011-12-09,8,7,1981,2154.97,307.85,1,High-value active
17272.0,2011-03-22,2011-10-28,2011-12-09,42,4,1778,2148.63,537.16,1,High-value active
14828.0,2011-01-07,2011-05-27,2011-12-09,196,3,2172,2139.76,713.25,1,High-value at risk
12560.0,2011-07-19,2011-12-04,2011-12-09,5,3,1110,2134.01,711.34,1,High-value active
17400.0,2010-12-21,2011-08-05,2011-12-09,126,5,1097,2129.96,425.99,1,High-value at risk
13517.0,2011-06-13,2011-10-11,2011-12-09,59,3,1369,2128.42,709.47,1,High-value active
14360.0,2011-09-06,2011-11-08,2011-12-09,31,4,1151,2128.23,532.06,1,High-value active
16407.0,2011-01-31,2011-11-27,2011-12-09,12,10,1124,2126.93,212.69,1,High-value active
14640.0,2011-04-26,2011-11-15,2011-12-09,24,6,886,2125.08,354.18,1,High-value active
15058.0,2011-01-31,2011-11-14,2011-12-09,25,11,1069,2124.99,193.18,1,High-value active
13632.0,2011-04-10,2011-11-15,2011-12-09,24,5,1037,2121.27,424.25,1,High-value active
18061.0,2010-12-08,2011-11-18,2011-12-09,21,10,955,2119.41,211.94,1,High-value active
18008.0,2011-01-25,2011-09-30,2011-12-09,70,9,1581,2116.19,235.13,1,High-value active
14691.0,2011-05-11,2011-11-09,2011-12-09,30,5,707,2114.33,422.87,1,High-value active
13265.0,2011-03-11,2011-10-17,2011-12-09,53,5,1752,2107.66,421.53,1,High-value active
18173.0,2011-03-10,2011-09-14,2011-12-09,86,4,1220,2106.84,526.71,1,High-value active
18093.0,2011-02-10,2011-09-07,2011-12-09,93,4,1392,2106.52,526.63,1,High-value at risk
14461.0,2011-03-23,2011-07-14,2011-12-09,148,3,766,2103.06,701.02,1,High-value at risk
14515.0,2011-05-05,2011-11-22,2011-12-09,17,6,1134,2102.09,350.35,1,High-value active
17861.0,2011-01-24,2011-12-06,2011-12-09,3,8,1988,2100.80,262.60,1,High-value active
15815.0,2011-03-25,2011-10-07,2011-12-09,63,5,1856,2100.60,420.12,1,High-value active
13126.0,2010-12-08,2011-12-05,2011-12-09,4,8,2143,2099.64,262.46,1,High-value active
12610.0,2011-08-05,2011-11-17,2011-12-09,22,5,1049,2099.54,419.91,1,High-value active
16875.0,2011-01-04,2011-10-03,2011-12-09,67,5,1069,2095.53,419.11,1,High-value active
17191.0,2010-12-06,2011-11-11,2011-12-09,28,7,1167,2095.13,299.30,1,High-value active
18283.0,2011-01-06,2011-12-06,2011-12-09,3,16,1397,2094.88,130.93,1,High-value active
14306.0,2011-09-15,2011-10-19,2011-12-09,51,2,1075,2093.32,1046.66,1,High-value active
13571.0,2011-03-31,2011-11-27,2011-12-09,12,12,1759,2092.32,174.36,1,High-value active
17490.0,2011-06-16,2011-12-09,2011-12-09,0,7,1134,2092.32,298.90,1,High-value active
13297.0,2011-10-03,2011-12-02,2011-12-09,7,4,963,2089.85,522.46,1,High-value active
18044.0,2010-12-14,2011-12-05,2011-12-09,4,10,1033,2088.60,208.86,1,High-value active
14810.0,2010-12-05,2011-10-30,2011-12-09,40,11,1016,2087.88,189.81,1,High-value active
16954.0,2010-12-15,2011-12-09,2011-12-09,0,9,1054,2085.08,231.68,1,High-value active
18231.0,2011-02-24,2011-05-31,2011-12-09,192,5,821,2083.27,416.65,1,High-value at risk
14696.0,2010-12-01,2011-12-05,2011-12-09,4,7,1630,2078.95,296.99,1,High-value active
14209.0,2011-01-11,2011-11-29,2011-12-09,10,6,691,2073.43,345.57,1,High-value active
18241.0,2011-05-06,2011-11-30,2011-12-09,9,17,1051,2073.09,121.95,1,High-value active
18219.0,2010-12-06,2011-12-07,2011-12-09,2,10,885,2069.77,206.98,1,High-value active
14482.0,2011-04-14,2011-11-21,2011-12-09,18,6,1646,2068.15,344.69,1,High-value active
12948.0,2011-03-20,2011-11-23,2011-12-09,16,7,1080,2064.95,294.99,1,High-value active
12928.0,2010-12-15,2011-11-04,2011-12-09,35,5,1472,2062.70,412.54,1,High-value active
16281.0,2011-09-28,2011-09-28,2011-12-09,72,1,934,2062.06,2062.06,1,One-time customer
14409.0,2010-12-06,2011-09-29,2011-12-09,71,6,1230,2059.45,343.24,1,High-value active
12518.0,2011-08-21,2011-12-09,2011-12-09,0,5,1318,2056.89,411.38,2,High-value active
17667.0,2011-02-14,2011-10-04,2011-12-09,66,5,1033,2055.51,411.10,2,High-value active
14188.0,2011-02-02,2011-11-09,2011-12-09,30,6,1162,2054.36,342.39,2,High-value active
16150.0,2010-12-02,2011-10-28,2011-12-09,42,5,1047,2053.02,410.60,2,High-value active
17086.0,2011-10-07,2011-12-02,2011-12-09,7,6,1859,2050.08,341.68,2,High-value active
17612.0,2011-02-15,2011-10-17,2011-12-09,53,6,1808,2048.45,341.41,2,High-value active
14232.0,2011-03-20,2011-10-28,2011-12-09,42,5,1941,2048.07,409.61,2,High-value active
17625.0,2011-03-27,2011-11-21,2011-12-09,18,4,1198,2047.00,511.75,2,High-value active
13495.0,2010-12-06,2011-12-02,2011-12-09,7,5,829,2044.87,408.97,2,High-value active
17597.0,2011-05-10,2011-05-10,2011-12-09,213,1,1176,2044.37,2044.37,2,One-time customer
17090.0,2010-12-20,2011-12-05,2011-12-09,4,7,921,2043.95,291.99,2,High-value active
13450.0,2011-05-05,2011-11-13,2011-12-09,26,6,1982,2043.72,340.62,2,High-value active
14001.0,2010-12-01,2011-10-25,2011-12-09,45,3,962,2043.08,681.03,2,High-value active
12585.0,2010-12-23,2011-04-19,2011-12-09,234,2,1279,2040.10,1020.05,2,High-value at risk
13593.0,2011-01-07,2011-08-23,2011-12-09,108,5,731,2037.08,407.42,2,High-value at risk
18069.0,2011-01-16,2011-11-13,2011-12-09,26,5,1311,2036.67,407.33,2,High-value active
17846.0,2011-09-15,2011-09-15,2011-12-09,85,1,1,2033.10,2033.10,2,One-time customer
13630.0,2011-02-27,2011-12-04,2011-12-09,5,7,1391,2031.78,290.25,2,High-value active
16409.0,2011-01-26,2011-11-03,2011-12-09,36,5,1306,2028.88,405.78,2,High-value active
17337.0,2011-02-02,2011-07-11,2011-12-09,151,4,1269,2027.87,506.97,2,High-value at risk
16358.0,2011-06-08,2011-12-08,2011-12-09,1,4,1302,2027.50,506.88,2,High-value active
14544.0,2010-12-13,2011-11-15,2011-12-09,24,2,1543,2024.45,1012.23,2,High-value active
15341.0,2011-09-20,2011-09-20,2011-12-09,80,1,812,2020.52,2020.52,2,One-time customer
14506.0,2010-12-05,2011-11-22,2011-12-09,17,5,730,2012.17,402.43,2,High-value active
15531.0,2011-11-09,2011-12-01,2011-12-09,8,2,1105,2007.44,1003.72,2,High-value active
15372.0,2011-07-25,2011-07-25,2011-12-09,137,1,2924,2007.40,2007.40,2,One-time customer
16098.0,2010-12-01,2011-09-13,2011-12-09,87,7,613,2005.63,286.52,2,High-value active
14730.0,2011-03-08,2011-12-08,2011-12-09,1,8,1132,2005.06,250.63,2,High-value active
14217.0,2010-12-08,2011-12-08,2011-12-09,1,17,689,2004.98,117.94,2,High-value active
14462.0,2011-01-04,2011-10-04,2011-12-09,66,11,964,2004.02,182.18,2,High-value active
17082.0,2011-01-25,2011-11-06,2011-12-09,33,2,1049,2003.85,1001.93,2,High-value active
16754.0,2010-12-02,2010-12-02,2011-12-09,372,1,4280,2002.40,2002.40,2,One-time customer
15493.0,2011-03-14,2011-11-07,2011-12-09,32,5,560,2001.80,400.36,2,High-value active
18188.0,2011-02-22,2011-11-24,2011-12-09,15,3,1168,2001.04,667.01,2,High-value active
13305.0,2010-12-02,2011-12-05,2011-12-09,4,10,1232,2000.86,200.09,2,High-value active
16698.0,2011-03-31,2011-04-27,2011-12-09,226,2,840,1998.00,999.00,2,High-value at risk
17827.0,2010-12-10,2011-12-04,2011-12-09,5,5,1247,1995.46,399.09,2,High-value active
18204.0,2011-05-31,2011-09-29,2011-12-09,71,3,1200,1993.70,664.57,2,High-value active
17679.0,2011-09-15,2011-10-18,2011-12-09,52,2,729,1992.11,996.06,2,High-value active
17088.0,2011-03-31,2011-11-11,2011-12-09,28,4,868,1991.01,497.75,2,High-value active
13246.0,2011-01-13,2011-11-21,2011-12-09,18,6,1602,1987.30,331.22,2,High-value active
13590.0,2011-02-09,2011-11-28,2011-12-09,11,6,1848,1981.92,330.32,2,High-value active
13725.0,2011-02-04,2011-10-21,2011-12-09,49,8,806,1980.56,247.57,2,High-value active
17422.0,2011-02-16,2011-11-23,2011-12-09,16,6,2253,1979.37,329.90,2,High-value active
16341.0,2011-05-22,2011-11-15,2011-12-09,24,4,1398,1971.87,492.97,2,High-value active
17997.0,2011-06-28,2011-09-26,2011-12-09,74,8,2298,1970.67,246.33,2,High-value active
12674.0,2011-05-16,2011-11-01,2011-12-09,38,4,1133,1970.60,492.65,2,High-value active
17790.0,2010-12-10,2011-11-13,2011-12-09,26,14,836,1965.55,140.40,2,High-value active
17218.0,2010-12-06,2011-12-05,2011-12-09,4,10,958,1960.72,196.07,2,High-value active
15351.0,2010-12-05,2011-11-27,2011-12-09,12,7,753,1960.11,280.02,2,High-value active
14498.0,2010-12-13,2011-10-28,2011-12-09,42,5,1098,1957.32,391.46,2,High-value active
12853.0,2011-01-28,2011-07-28,2011-12-09,134,6,800,1957.10,326.18,2,High-value at risk
17554.0,2011-07-14,2011-12-08,2011-12-09,1,5,1763,1952.45,390.49,2,High-value active
14533.0,2010-12-22,2011-11-15,2011-12-09,24,7,4019,1949.72,278.53,2,High-value active
14653.0,2011-01-05,2011-12-08,2011-12-09,1,7,950,1947.55,278.22,2,High-value active
15814.0,2011-10-20,2011-11-23,2011-12-09,16,4,1271,1945.33,486.33,2,High-value active
15518.0,2011-01-11,2011-10-06,2011-12-09,64,8,1273,1942.45,242.81,2,High-value active
14418.0,2011-08-23,2011-12-06,2011-12-09,3,3,1711,1937.25,645.75,2,High-value active
14472.0,2010-12-19,2011-08-28,2011-12-09,103,8,1160,1936.84,242.11,2,High-value at risk
15864.0,2011-01-27,2011-11-17,2011-12-09,22,6,1192,1936.32,322.72,2,High-value active
15157.0,2010-12-16,2011-12-06,2011-12-09,3,3,2392,1936.07,645.36,2,High-value active
12528.0,2011-01-31,2011-11-30,2011-12-09,9,6,756,1933.48,322.25,2,High-value active
14655.0,2011-05-01,2011-12-01,2011-12-09,8,4,1089,1932.23,483.06,2,High-value active
14978.0,2011-01-13,2011-09-28,2011-12-09,72,5,525,1931.42,386.28,2,High-value active
16983.0,2010-12-05,2011-11-27,2011-12-09,12,7,1379,1931.25,275.89,2,High-value active
13094.0,2010-12-06,2011-11-18,2011-12-09,21,12,1716,1927.32,160.61,2,High-value active
16942.0,2011-04-26,2011-11-27,2011-12-09,12,9,811,1920.59,213.40,2,High-value active
15021.0,2010-12-08,2011-12-01,2011-12-09,8,9,847,1914.82,212.76,2,High-value active
17368.0,2011-01-06,2011-11-16,2011-12-09,23,8,1391,1912.67,239.08,2,High-value active
14285.0,2011-06-16,2011-11-18,2011-12-09,21,4,541,1910.01,477.50,2,High-value active
16426.0,2011-03-08,2011-12-07,2011-12-09,2,10,1243,1908.25,190.83,2,High-value active
17228.0,2010-12-02,2011-11-24,2011-12-09,15,8,1532,1906.09,238.26,2,High-value active
14210.0,2010-12-03,2011-08-26,2011-12-09,105,6,760,1905.84,317.64,2,High-value at risk
15819.0,2011-03-08,2011-10-21,2011-12-09,49,4,1357,1905.45,476.36,2,High-value active
14250.0,2011-09-11,2011-12-02,2011-12-09,7,3,1200,1904.05,634.68,2,High-value active
12762.0,2011-11-14,2011-12-02,2011-12-09,7,2,1227,1898.52,949.26,2,High-value active
17463.0,2011-01-30,2011-11-23,2011-12-09,16,5,1095,1896.41,379.28,2,High-value active
17870.0,2010-12-08,2011-12-07,2011-12-09,2,12,1401,1894.35,157.86,2,High-value active
14934.0,2011-03-02,2011-09-19,2011-12-09,81,2,1042,1890.94,945.47,2,High-value active
12371.0,2011-10-11,2011-10-26,2011-12-09,44,2,591,1887.96,943.98,2,High-value active
15641.0,2010-12-15,2011-08-26,2011-12-09,105,4,1562,1887.20,471.80,2,High-value at risk
16170.0,2011-04-05,2011-10-20,2011-12-09,50,6,1770,1885.05,314.18,2,High-value active
13890.0,2010-12-16,2011-12-08,2011-12-09,1,10,831,1883.81,188.38,2,High-value active
16128.0,2011-03-02,2011-11-22,2011-12-09,17,5,988,1880.22,376.04,2,High-value active
17738.0,2011-03-02,2011-11-20,2011-12-09,19,4,1029,1879.05,469.76,2,High-value active
15367.0,2011-03-09,2011-10-13,2011-12-09,57,4,1057,1877.59,469.40,2,High-value active
17293.0,2010-12-13,2011-12-01,2011-12-09,8,9,1140,1875.11,208.35,2,High-value active
16986.0,2011-11-09,2011-11-10,2011-12-09,29,2,1040,1873.20,936.60,2,High-value active
13982.0,2010-12-09,2011-10-31,2011-12-09,39,4,1136,1871.81,467.95,2,High-value active
16474.0,2011-07-17,2011-12-02,2011-12-09,7,7,943,1871.50,267.36,2,High-value active
17469.0,2011-05-19,2011-11-23,2011-12-09,16,5,787,1870.97,374.19,2,High-value active
16841.0,2011-02-25,2011-11-03,2011-12-09,36,6,2250,1869.82,311.64,2,High-value active
14524.0,2010-12-14,2011-11-08,2011-12-09,31,9,676,1867.68,207.52,2,High-value active
17787.0,2010-12-03,2011-07-10,2011-12-09,152,4,910,1865.19,466.30,2,High-value at risk
16201.0,2011-08-22,2011-12-06,2011-12-09,3,4,1286,1863.47,465.87,2,High-value active
14887.0,2011-09-21,2011-09-21,2011-12-09,79,1,1100,1862.00,1862.00,2,One-time customer
12423.0,2010-12-21,2011-12-09,2011-12-09,0,8,1339,1859.31,232.41,2,High-value active
17873.0,2010-12-01,2011-09-20,2011-12-09,80,5,1047,1859.16,371.83,2,High-value active
14305.0,2011-07-27,2011-09-29,2011-12-09,71,3,1089,1858.96,619.65,2,High-value active
12963.0,2010-12-09,2011-12-01,2011-12-09,8,8,881,1856.63,232.08,2,High-value active
16979.0,2011-02-15,2011-12-06,2011-12-09,3,6,865,1852.00,308.67,2,High-value active
13421.0,2011-02-22,2011-10-30,2011-12-09,40,2,1181,1851.08,925.54,2,High-value active
12383.0,2010-12-22,2011-06-08,2011-12-09,184,5,1532,1850.56,370.11,2,High-value at risk
12381.0,2011-08-12,2011-12-05,2011-12-09,4,5,808,1845.31,369.06,2,High-value active
17519.0,2010-12-06,2011-11-22,2011-12-09,17,6,1236,1844.02,307.34,2,High-value active
18180.0,2011-07-20,2011-12-05,2011-12-09,4,6,1721,1843.75,307.29,2,High-value active
12950.0,2011-11-15,2011-12-07,2011-12-09,2,3,1380,1843.00,614.33,2,High-value active
17015.0,2011-06-07,2011-11-11,2011-12-09,28,3,1981,1842.56,614.19,2,High-value active
16102.0,2011-08-03,2011-10-28,2011-12-09,42,3,942,1842.14,614.05,2,High-value active
16455.0,2010-12-03,2011-10-07,2011-12-09,63,7,988,1841.18,263.03,2,High-value active
14113.0,2010-12-20,2011-12-06,2011-12-09,3,4,745,1840.42,460.11,2,High-value active
14216.0,2011-11-02,2011-12-06,2011-12-09,3,4,594,1839.30,459.83,2,High-value active
13924.0,2011-09-28,2011-12-08,2011-12-09,1,6,1575,1838.85,306.48,2,High-value active
14459.0,2011-07-07,2011-07-07,2011-12-09,155,1,760,1837.92,1837.92,2,One-time customer
18287.0,2011-05-22,2011-10-28,2011-12-09,42,3,1586,1837.28,612.43,2,High-value active
13650.0,2011-03-17,2011-11-23,2011-12-09,16,6,922,1836.34,306.06,2,High-value active
15827.0,2010-12-02,2011-09-27,2011-12-09,73,14,882,1836.09,131.15,2,High-value active
13048.0,2011-01-16,2011-11-25,2011-12-09,14,4,1238,1835.91,458.98,2,High-value active
14665.0,2011-02-02,2011-10-10,2011-12-09,60,5,740,1835.70,367.14,2,High-value active
16152.0,2011-03-16,2011-03-16,2011-12-09,268,1,642,1829.04,1829.04,2,One-time customer
15203.0,2011-02-01,2011-11-14,2011-12-09,25,6,1753,1827.80,304.63,2,High-value active
18122.0,2011-07-12,2011-12-01,2011-12-09,8,6,1234,1826.21,304.37,2,High-value active
17702.0,2011-05-17,2011-11-09,2011-12-09,30,4,1353,1824.37,456.09,2,High-value active
16153.0,2010-12-20,2011-10-21,2011-12-09,49,5,1073,1824.23,364.85,2,High-value active
17705.0,2011-02-11,2011-12-06,2011-12-09,3,9,963,1823.52,202.61,2,High-value active
16169.0,2011-09-25,2011-12-01,2011-12-09,8,4,1325,1822.97,455.74,2,High-value active
17828.0,2011-06-08,2011-11-17,2011-12-09,22,4,667,1820.09,455.02,2,High-value active
17629.0,2010-12-15,2011-12-04,2011-12-09,5,8,1629,1814.12,226.77,2,High-value active
15260.0,2010-12-02,2011-08-31,2011-12-09,100,7,885,1810.77,258.68,2,High-value at risk
13481.0,2011-03-28,2011-10-25,2011-12-09,45,5,1142,1804.56,360.91,2,High-value active
17663.0,2011-02-25,2011-11-14,2011-12-09,25,7,797,1802.91,257.56,2,High-value active
15812.0,2011-01-26,2011-08-24,2011-12-09,107,5,922,1801.14,360.23,2,High-value at risk
16249.0,2011-04-14,2011-10-18,2011-12-09,52,5,950,1800.07,360.01,2,High-value active
13562.0,2011-04-08,2011-09-19,2011-12-09,81,3,757,1799.33,599.78,2,High-value active
13196.0,2011-03-22,2011-11-28,2011-12-09,11,4,1224,1797.78,449.45,2,High-value active
17750.0,2011-06-28,2011-12-04,2011-12-09,5,9,3957,1797.57,199.73,2,High-value active
17648.0,2011-04-04,2011-10-10,2011-12-09,60,4,487,1797.50,449.38,2,High-value active
12348.0,2010-12-16,2011-09-25,2011-12-09,75,4,2341,1797.24,449.31,2,High-value active
18235.0,2011-05-06,2011-09-29,2011-12-09,71,3,1578,1796.48,598.83,2,High-value active
13134.0,2011-04-13,2011-09-15,2011-12-09,85,4,1059,1793.58,448.40,2,High-value active
18179.0,2011-01-07,2011-11-30,2011-12-09,9,6,1360,1793.17,298.86,2,High-value active
13510.0,2011-06-09,2011-12-08,2011-12-09,1,4,1386,1791.56,447.89,2,High-value active
16719.0,2010-12-06,2011-11-25,2011-12-09,14,7,1204,1790.42,255.77,2,High-value active
12523.0,2011-01-12,2011-11-20,2011-12-09,19,11,865,1789.77,162.71,2,High-value active
14215.0,2010-12-06,2011-11-28,2011-12-09,11,6,1358,1789.72,298.29,2,High-value active
14621.0,2010-12-16,2011-12-08,2011-12-09,1,5,993,1788.36,357.67,2,High-value active
13875.0,2011-02-11,2011-10-17,2011-12-09,53,5,1316,1786.79,357.36,2,High-value active
14608.0,2010-12-12,2011-12-05,2011-12-09,4,4,437,1785.15,446.29,2,High-value active
14935.0,2011-02-15,2011-02-15,2011-12-09,297,1,935,1784.71,1784.71,2,One-time customer
15050.0,2011-09-29,2011-11-14,2011-12-09,25,3,1224,1782.09,594.03,2,High-value active
16380.0,2011-10-09,2011-10-09,2011-12-09,61,1,1524,1780.59,1780.59,2,One-time customer
15220.0,2011-03-04,2011-10-19,2011-12-09,51,6,1393,1778.96,296.49,2,High-value active
17092.0,2011-03-07,2011-10-20,2011-12-09,50,4,1131,1777.78,444.45,2,High-value active
12645.0,2011-01-27,2011-11-06,2011-12-09,33,4,1084,1775.18,443.80,2,High-value active
17754.0,2011-03-24,2011-12-09,2011-12-09,0,5,1869,1772.26,354.45,2,High-value active
15594.0,2011-04-19,2011-11-24,2011-12-09,15,5,983,1771.78,354.36,2,High-value active
15473.0,2011-10-10,2011-11-25,2011-12-09,14,7,672,1771.20,253.03,2,High-value active
17813.0,2011-09-29,2011-11-25,2011-12-09,14,5,790,1770.88,354.18,2,High-value active
14387.0,2011-08-22,2011-11-07,2011-12-09,32,3,819,1770.56,590.19,2,High-value active
16681.0,2011-03-31,2011-09-28,2011-12-09,72,6,1407,1770.34,295.06,2,High-value active
13456.0,2011-05-16,2011-11-22,2011-12-09,17,6,765,1766.72,294.45,2,High-value active
15950.0,2010-12-15,2011-11-08,2011-12-09,31,4,729,1765.51,441.38,2,High-value active
16751.0,2011-11-09,2011-11-09,2011-12-09,30,1,1031,1764.72,1764.72,2,One-time customer
12424.0,2011-06-30,2011-06-30,2011-12-09,162,2,740,1760.96,880.48,2,High-value at risk
12823.0,2011-02-16,2011-09-26,2011-12-09,74,5,230,1759.50,351.90,2,High-value active
12349.0,2011-11-21,2011-11-21,2011-12-09,18,1,631,1757.55,1757.55,2,One-time customer
15241.0,2011-03-01,2011-10-04,2011-12-09,66,8,1818,1756.44,219.56,2,High-value active
16359.0,2011-01-12,2011-12-02,2011-12-09,7,9,1183,1750.92,194.55,2,High-value active
13564.0,2010-12-06,2011-07-18,2011-12-09,144,3,661,1749.02,583.01,2,High-value at risk
13808.0,2011-09-04,2011-12-04,2011-12-09,5,5,782,1747.66,349.53,2,High-value active
15067.0,2011-03-02,2011-09-22,2011-12-09,78,3,954,1744.76,581.59,2,High-value active
13157.0,2011-02-14,2011-10-21,2011-12-09,49,4,1439,1741.22,435.31,2,High-value active
14595.0,2011-01-30,2011-11-20,2011-12-09,19,6,978,1740.60,290.10,2,High-value active
17930.0,2011-04-14,2011-11-04,2011-12-09,35,5,1594,1740.48,348.10,2,High-value active
17353.0,2011-07-08,2011-08-02,2011-12-09,129,2,1200,1740.00,870.00,2,High-value at risk
17457.0,2011-01-04,2011-08-05,2011-12-09,126,5,826,1737.70,347.54,2,High-value at risk
14673.0,2010-12-07,2011-12-06,2011-12-09,3,5,1004,1736.40,347.28,2,High-value active
17043.0,2011-03-18,2011-11-07,2011-12-09,32,4,998,1735.18,433.80,2,High-value active
16791.0,2011-01-11,2011-11-10,2011-12-09,29,7,763,1721.78,245.97,2,High-value active
17451.0,2011-08-26,2011-12-08,2011-12-09,1,7,1203,1721.40,245.91,2,High-value active
14834.0,2011-04-13,2011-11-22,2011-12-09,17,6,734,1720.30,286.72,2,High-value active
15267.0,2011-06-10,2011-11-17,2011-12-09,22,5,944,1717.36,343.47,2,High-value active
17162.0,2011-02-07,2011-11-11,2011-12-09,28,10,1001,1715.46,171.55,2,High-value active
13763.0,2011-10-07,2011-10-07,2011-12-09,63,1,728,1714.96,1714.96,2,One-time customer
17147.0,2011-02-01,2011-11-17,2011-12-09,22,4,882,1714.59,428.65,2,High-value active
14441.0,2011-03-29,2011-12-09,2011-12-09,0,4,446,1712.89,428.22,2,High-value active
12405.0,2011-07-14,2011-07-14,2011-12-09,148,1,857,1710.39,1710.39,2,One-time customer
15947.0,2011-09-18,2011-09-18,2011-12-09,82,1,898,1708.24,1708.24,2,One-time customer
12407.0,2011-03-20,2011-10-21,2011-12-09,49,5,1416,1708.12,341.62,2,High-value active
16902.0,2011-08-15,2011-08-15,2011-12-09,116,1,629,1706.88,1706.88,2,One-time customer
15240.0,2011-02-01,2011-10-26,2011-12-09,44,5,1369,1706.57,341.31,2,High-value active
16398.0,2011-03-31,2011-07-08,2011-12-09,154,2,758,1705.80,852.90,2,High-value at risk
17282.0,2011-02-13,2011-08-01,2011-12-09,130,3,1877,1703.41,567.80,2,High-value at risk
12843.0,2011-03-20,2011-10-05,2011-12-09,65,8,781,1702.26,212.78,2,High-value active
16007.0,2011-05-08,2011-10-23,2011-12-09,47,4,1393,1701.94,425.49,2,High-value active
13184.0,2011-02-22,2011-11-25,2011-12-09,14,10,1692,1701.29,170.13,2,High-value active
17193.0,2011-06-16,2011-11-04,2011-12-09,35,7,1254,1699.30,242.76,2,High-value active
13824.0,2011-02-02,2011-11-07,2011-12-09,32,5,768,1698.94,339.79,2,High-value active
16775.0,2010-12-07,2011-11-29,2011-12-09,10,11,440,1695.66,154.15,2,High-value active
12764.0,2011-01-27,2011-01-27,2011-12-09,316,1,386,1693.88,1693.88,2,One-time customer
14245.0,2011-03-21,2011-05-04,2011-12-09,219,2,976,1693.45,846.73,2,High-value at risk
15549.0,2011-01-27,2011-09-23,2011-12-09,77,3,698,1693.26,564.42,2,High-value active
16813.0,2011-05-19,2011-12-01,2011-12-09,8,10,1525,1692.98,169.30,2,High-value active
16671.0,2011-06-28,2011-11-11,2011-12-09,28,3,875,1692.27,564.09,2,High-value active
15380.0,2010-12-09,2011-12-01,2011-12-09,8,5,376,1690.26,338.05,2,High-value active
17152.0,2011-03-21,2011-05-29,2011-12-09,194,3,517,1689.50,563.17,2,High-value at risk
12635.0,2011-07-08,2011-09-11,2011-12-09,89,2,1172,1689.18,844.59,2,High-value active
13162.0,2011-01-09,2011-08-09,2011-12-09,122,4,1713,1688.29,422.07,2,High-value at risk
13577.0,2011-04-12,2011-11-14,2011-12-09,25,4,791,1687.60,421.90,2,High-value active
16638.0,2010-12-06,2011-11-17,2011-12-09,22,10,1255,1680.72,168.07,2,High-value active
13647.0,2011-04-19,2011-11-30,2011-12-09,9,4,895,1678.12,419.53,2,High-value active
13149.0,2011-02-23,2011-11-25,2011-12-09,14,4,1280,1676.06,419.02,2,High-value active
17656.0,2011-08-03,2011-09-27,2011-12-09,73,5,1399,1674.69,334.94,2,High-value active
16115.0,2011-02-20,2011-11-30,2011-12-09,9,8,1001,1667.97,208.50,2,High-value active
12912.0,2011-10-30,2011-12-07,2011-12-09,2,5,670,1662.30,332.46,2,High-value active
12530.0,2011-01-07,2011-10-11,2011-12-09,59,4,913,1662.28,415.57,2,High-value active
13012.0,2011-02-18,2011-11-30,2011-12-09,9,8,824,1661.84,207.73,2,High-value active
15214.0,2011-04-11,2011-12-08,2011-12-09,1,8,1254,1661.44,207.68,2,High-value active
15024.0,2010-12-07,2011-11-30,2011-12-09,9,10,920,1661.33,166.13,2,High-value active
15332.0,2010-12-05,2010-12-08,2011-12-09,366,4,652,1661.06,415.27,2,High-value at risk
12967.0,2010-12-03,2010-12-16,2011-12-09,358,2,438,1660.90,830.45,2,High-value at risk
14045.0,2010-12-01,2011-08-22,2011-12-09,109,4,535,1659.75,414.94,2,High-value at risk
15953.0,2010-12-05,2011-11-24,2011-12-09,15,8,892,1659.38,207.42,2,High-value active
15826.0,2011-05-13,2011-10-14,2011-12-09,56,3,963,1654.31,551.44,2,High-value active
14573.0,2010-12-02,2011-06-13,2011-12-09,179,9,544,1653.42,183.71,2,High-value at risk
17284.0,2011-01-07,2011-10-10,2011-12-09,60,6,1364,1652.58,275.43,2,High-value active
16711.0,2010-12-17,2011-12-06,2011-12-09,3,5,833,1651.03,330.21,2,High-value active
14837.0,2011-05-22,2011-09-11,2011-12-09,89,4,1436,1649.50,412.38,2,High-value active
13750.0,2011-01-07,2011-10-17,2011-12-09,53,5,516,1647.26,329.45,2,High-value active
12657.0,2011-09-22,2011-11-28,2011-12-09,11,4,1044,1643.18,410.80,2,High-value active
15002.0,2010-12-07,2011-08-16,2011-12-09,115,4,862,1641.76,410.44,2,High-value at risk
13627.0,2010-12-17,2011-10-11,2011-12-09,59,5,1269,1638.47,327.69,2,High-value active
12398.0,2011-10-25,2011-10-25,2011-12-09,45,1,1394,1635.66,1635.66,2,One-time customer
15122.0,2011-02-15,2011-08-17,2011-12-09,114,3,800,1633.78,544.59,2,High-value at risk
14164.0,2011-09-20,2011-09-30,2011-12-09,70,2,1033,1631.77,815.89,2,High-value active
17673.0,2011-01-23,2011-12-08,2011-12-09,1,6,1487,1629.12,271.52,2,High-value active
12377.0,2010-12-20,2011-01-28,2011-12-09,315,2,944,1628.12,814.06,2,High-value at risk
16515.0,2011-02-01,2011-10-18,2011-12-09,52,5,833,1627.13,325.43,2,High-value active
14759.0,2011-04-21,2011-12-05,2011-12-09,4,3,569,1625.97,541.99,2,High-value active
16987.0,2011-05-18,2011-12-06,2011-12-09,3,7,402,1625.05,232.15,2,High-value active
13425.0,2011-02-18,2011-08-23,2011-12-09,108,3,1123,1624.21,541.40,2,High-value at risk
15172.0,2011-04-17,2011-12-01,2011-12-09,8,5,1611,1624.05,324.81,2,High-value active
14937.0,2011-08-01,2011-10-14,2011-12-09,56,3,484,1621.88,540.63,2,High-value active
17101.0,2011-06-14,2011-11-29,2011-12-09,10,4,815,1621.73,405.43,2,High-value active
14178.0,2011-06-10,2011-12-01,2011-12-09,8,7,1505,1620.93,231.56,2,High-value active
16801.0,2011-03-11,2011-06-29,2011-12-09,163,4,499,1619.73,404.93,2,High-value at risk
18161.0,2011-01-24,2011-11-24,2011-12-09,15,5,812,1618.69,323.74,2,High-value active
14336.0,2011-03-08,2011-11-23,2011-12-09,16,4,1759,1614.91,403.73,2,High-value active
16992.0,2011-02-28,2011-11-29,2011-12-09,10,5,860,1614.31,322.86,2,High-value active
15791.0,2011-05-19,2011-10-27,2011-12-09,43,2,731,1612.69,806.35,2,High-value active
14312.0,2011-01-06,2011-10-24,2011-12-09,46,6,1012,1611.59,268.60,2,High-value active
13614.0,2011-01-13,2011-11-15,2011-12-09,24,4,570,1610.46,402.62,2,High-value active
14918.0,2011-07-08,2011-08-16,2011-12-09,115,2,675,1610.15,805.08,2,High-value at risk
12868.0,2010-12-01,2011-06-07,2011-12-09,185,6,928,1607.06,267.84,2,High-value at risk
16817.0,2010-12-06,2011-12-07,2011-12-09,2,9,822,1604.75,178.31,2,High-value active
12947.0,2010-12-01,2011-07-19,2011-12-09,143,6,1165,1603.99,267.33,2,High-value at risk
16466.0,2011-02-20,2011-11-06,2011-12-09,33,7,789,1603.46,229.07,2,High-value active
14719.0,2011-04-04,2011-12-08,2011-12-09,1,5,1032,1602.13,320.43,2,High-value active
14587.0,2011-01-12,2011-11-21,2011-12-09,18,9,761,1601.14,177.90,2,High-value active
15660.0,2010-12-09,2011-11-14,2011-12-09,25,9,1050,1600.86,177.87,2,High-value active
16496.0,2011-01-27,2011-12-01,2011-12-09,8,3,1111,1599.52,533.17,2,High-value active
13850.0,2011-08-02,2011-08-02,2011-12-09,129,1,944,1595.48,1595.48,2,One-time customer
17837.0,2011-06-29,2011-10-28,2011-12-09,42,8,518,1593.38,199.17,2,High-value active
16332.0,2011-02-07,2011-11-11,2011-12-09,28,7,801,1593.20,227.60,2,High-value active
16676.0,2011-01-06,2011-11-06,2011-12-09,33,4,636,1592.12,398.03,2,High-value active
14970.0,2011-01-27,2011-10-02,2011-12-09,68,4,250,1592.06,398.02,2,High-value active
15611.0,2011-01-09,2011-11-30,2011-12-09,9,13,504,1591.45,122.42,2,High-value active
18178.0,2010-12-10,2011-08-03,2011-12-09,128,4,983,1590.81,397.70,2,High-value at risk
14442.0,2011-01-27,2011-05-19,2011-12-09,204,2,482,1589.82,794.91,2,High-value at risk
12393.0,2011-01-11,2011-09-28,2011-12-09,72,4,816,1582.60,395.65,2,High-value active
15532.0,2010-12-16,2011-11-14,2011-12-09,25,4,521,1580.93,395.23,2,High-value active
12607.0,2011-10-10,2011-10-10,2011-12-09,60,1,1228,1579.51,1579.51,2,One-time customer
13814.0,2011-07-25,2011-09-08,2011-12-09,92,2,864,1579.12,789.56,2,High-value at risk
16889.0,2011-01-07,2011-05-29,2011-12-09,194,3,925,1578.67,526.22,2,High-value at risk
13186.0,2011-08-03,2011-10-31,2011-12-09,39,3,820,1575.89,525.30,2,High-value active
13634.0,2011-01-16,2011-11-06,2011-12-09,33,5,704,1575.16,315.03,2,High-value active
13659.0,2011-01-23,2011-05-18,2011-12-09,205,2,894,1573.20,786.60,2,High-value at risk
17671.0,2010-12-09,2011-11-24,2011-12-09,15,4,772,1572.71,393.18,2,High-value active
16283.0,2011-05-15,2011-12-04,2011-12-09,5,5,1236,1570.81,314.16,2,High-value active
12865.0,2011-08-08,2011-11-13,2011-12-09,26,2,925,1568.23,784.12,2,High-value active
15906.0,2011-03-29,2011-11-20,2011-12-09,19,7,544,1567.69,223.96,2,High-value active
15111.0,2010-12-02,2011-11-10,2011-12-09,29,3,710,1567.48,522.49,2,High-value active
17085.0,2010-12-12,2011-08-08,2011-12-09,123,5,786,1566.65,313.33,2,High-value at risk
17204.0,2011-03-21,2011-06-17,2011-12-09,175,4,646,1564.56,391.14,2,High-value at risk
18239.0,2010-12-02,2011-05-05,2011-12-09,218,5,795,1561.61,312.32,2,High-value at risk
14038.0,2011-05-16,2011-09-22,2011-12-09,78,3,965,1560.38,520.13,2,High-value active
16394.0,2011-02-23,2011-10-14,2011-12-09,56,5,2604,1555.34,311.07,2,High-value active
13313.0,2011-01-04,2011-11-17,2011-12-09,22,5,851,1555.32,311.06,2,High-value active
16369.0,2011-05-27,2011-11-21,2011-12-09,18,3,1035,1553.66,517.89,2,High-value active
15620.0,2010-12-16,2011-10-14,2011-12-09,56,3,915,1553.18,517.73,2,High-value active
15117.0,2011-05-08,2011-11-25,2011-12-09,14,5,1948,1551.78,310.36,2,High-value active
13320.0,2011-05-10,2011-09-22,2011-12-09,78,4,1096,1548.70,387.18,2,High-value active
14229.0,2011-01-10,2011-10-19,2011-12-09,51,3,610,1547.20,515.73,2,High-value active
14704.0,2011-06-12,2011-11-28,2011-12-09,11,9,1082,1546.91,171.88,2,High-value active
16790.0,2011-11-02,2011-12-06,2011-12-09,3,6,898,1545.62,257.60,2,High-value active
13397.0,2011-01-04,2011-09-28,2011-12-09,72,5,430,1544.13,308.83,2,High-value active
15701.0,2011-08-21,2011-12-07,2011-12-09,2,4,923,1542.14,385.54,2,High-value active
12818.0,2011-03-23,2011-03-23,2011-12-09,261,1,929,1542.08,1542.08,2,One-time customer
16365.0,2010-12-07,2011-11-22,2011-12-09,17,9,504,1540.42,171.16,2,High-value active
17159.0,2011-06-21,2011-11-18,2011-12-09,21,3,1111,1538.88,512.96,2,High-value active
13849.0,2011-06-22,2011-10-19,2011-12-09,51,2,1016,1537.95,768.98,2,High-value active
12877.0,2010-12-16,2011-12-06,2011-12-09,3,12,1178,1535.77,127.98,2,High-value active
15392.0,2010-12-14,2011-12-05,2011-12-09,4,4,1277,1535.53,383.88,2,High-value active
15625.0,2011-04-18,2011-08-28,2011-12-09,103,4,1188,1534.26,383.57,2,High-value at risk
13107.0,2011-01-10,2011-10-26,2011-12-09,44,4,1293,1531.62,382.91,2,High-value active
12759.0,2011-03-09,2011-10-18,2011-12-09,52,3,902,1531.44,510.48,2,High-value active
14321.0,2011-01-10,2011-11-29,2011-12-09,10,5,2406,1530.75,306.15,2,High-value active
14567.0,2011-08-01,2011-10-14,2011-12-09,56,2,412,1530.36,765.18,2,High-value active
15916.0,2010-12-08,2011-11-23,2011-12-09,16,8,757,1528.09,191.01,2,High-value active
16244.0,2010-12-02,2011-05-12,2011-12-09,211,2,855,1522.75,761.38,2,High-value at risk
16434.0,2011-02-13,2011-11-10,2011-12-09,29,7,767,1522.25,217.46,2,High-value active
16066.0,2011-08-07,2011-11-23,2011-12-09,16,5,936,1521.87,304.37,2,High-value active
13764.0,2011-01-06,2011-09-30,2011-12-09,70,3,932,1521.76,507.25,2,High-value active
13213.0,2011-05-24,2011-10-14,2011-12-09,56,5,1360,1520.58,304.12,2,High-value active
16880.0,2011-06-03,2011-11-09,2011-12-09,30,7,753,1519.08,217.01,2,High-value active
14267.0,2011-03-24,2011-06-30,2011-12-09,162,3,530,1516.24,505.41,2,High-value at risk
13791.0,2011-06-24,2011-08-04,2011-12-09,127,2,1200,1516.00,758.00,2,High-value at risk
16748.0,2011-01-09,2011-11-22,2011-12-09,17,5,880,1515.90,303.18,2,High-value active
16053.0,2011-08-09,2011-11-07,2011-12-09,32,2,1793,1511.95,755.98,2,High-value active
16910.0,2011-09-09,2011-12-05,2011-12-09,4,8,886,1510.06,188.76,2,High-value active
16279.0,2011-06-16,2011-11-18,2011-12-09,21,3,1054,1509.58,503.19,2,High-value active
16016.0,2010-12-08,2011-12-06,2011-12-09,3,8,620,1508.76,188.60,2,High-value active
15265.0,2011-04-18,2011-07-11,2011-12-09,151,2,612,1506.12,753.06,2,High-value at risk
12937.0,2011-03-17,2011-11-24,2011-12-09,15,4,1007,1504.27,376.07,2,High-value active
15530.0,2011-04-07,2011-11-18,2011-12-09,21,4,950,1502.35,375.59,2,High-value active
16762.0,2011-07-18,2011-11-20,2011-12-09,19,3,618,1501.38,500.46,2,High-value active
13810.0,2011-10-14,2011-11-11,2011-12-09,28,3,312,1499.01,499.67,2,High-value active
17571.0,2011-02-14,2011-10-20,2011-12-09,50,4,905,1498.51,374.63,2,High-value active
14414.0,2010-12-16,2011-09-09,2011-12-09,91,7,2512,1496.98,213.85,2,High-value at risk
16755.0,2011-01-28,2011-08-17,2011-12-09,114,3,1064,1496.83,498.94,2,High-value at risk
17002.0,2011-02-22,2011-09-15,2011-12-09,85,3,679,1493.73,497.91,2,High-value active
15057.0,2011-01-28,2011-03-09,2011-12-09,275,2,668,1489.50,744.75,2,High-value at risk
13110.0,2011-02-01,2011-11-08,2011-12-09,31,7,388,1488.67,212.67,2,High-value active
13692.0,2011-04-17,2011-11-15,2011-12-09,24,3,1226,1488.32,496.11,2,High-value active
14963.0,2011-06-09,2011-11-30,2011-12-09,9,5,1176,1487.80,297.56,2,High-value active
17553.0,2011-08-02,2011-08-02,2011-12-09,129,1,1048,1487.60,1487.60,2,One-time customer
16395.0,2011-01-13,2011-10-10,2011-12-09,60,5,1476,1486.90,297.38,2,High-value active
14878.0,2010-12-16,2011-11-27,2011-12-09,12,9,802,1485.54,165.06,2,High-value active
14758.0,2011-03-25,2011-07-18,2011-12-09,144,4,419,1484.06,371.02,2,High-value at risk
18016.0,2010-12-10,2011-11-07,2011-12-09,32,5,1029,1483.56,296.71,2,High-value active
15427.0,2011-10-23,2011-11-06,2011-12-09,33,3,1013,1483.14,494.38,2,High-value active
17590.0,2011-10-30,2011-12-07,2011-12-09,2,3,828,1479.22,493.07,2,High-value active
14403.0,2011-04-06,2011-08-01,2011-12-09,130,4,519,1475.81,368.95,2,High-value at risk
15983.0,2010-12-01,2011-11-17,2011-12-09,22,4,892,1475.02,368.76,2,High-value active
12826.0,2010-12-09,2011-12-07,2011-12-09,2,7,1058,1474.72,210.67,2,High-value active
14404.0,2010-12-05,2011-11-06,2011-12-09,33,6,839,1474.32,245.72,2,High-value active
14246.0,2011-04-08,2011-08-21,2011-12-09,110,3,804,1474.06,491.35,2,High-value at risk
15128.0,2011-05-04,2011-10-10,2011-12-09,60,4,1343,1471.00,367.75,2,High-value active
16348.0,2011-04-13,2011-11-07,2011-12-09,32,7,819,1469.45,209.92,2,High-value active
14875.0,2011-03-22,2011-08-24,2011-12-09,107,2,558,1465.32,732.66,2,High-value at risk
12882.0,2011-11-06,2011-11-30,2011-12-09,9,2,246,1463.04,731.52,2,High-value active
14233.0,2011-01-26,2011-10-21,2011-12-09,49,4,680,1462.72,365.68,2,High-value active
14541.0,2011-01-24,2011-10-12,2011-12-09,58,8,647,1461.65,182.71,2,High-value active
17063.0,2011-02-23,2011-11-18,2011-12-09,21,7,770,1461.14,208.73,2,High-value active
16059.0,2010-12-07,2011-10-05,2011-12-09,65,6,643,1459.86,243.31,2,High-value active
16996.0,2010-12-21,2011-11-09,2011-12-09,30,6,544,1456.96,242.83,2,High-value active
13309.0,2011-02-04,2011-12-02,2011-12-09,7,5,1544,1456.79,291.36,2,High-value active
13477.0,2011-02-21,2011-11-02,2011-12-09,37,6,1021,1454.58,242.43,2,High-value active
15987.0,2010-12-06,2011-11-27,2011-12-09,12,7,1556,1451.28,207.33,2,High-value active
14740.0,2011-03-01,2011-05-26,2011-12-09,197,3,735,1448.21,482.74,2,High-value at risk
15426.0,2010-12-05,2011-11-20,2011-12-09,19,5,674,1447.39,289.48,2,High-value active
14591.0,2011-05-10,2011-11-24,2011-12-09,15,4,1297,1447.14,361.79,2,High-value active
17073.0,2011-08-22,2011-11-22,2011-12-09,17,4,759,1446.09,361.52,2,High-value active
13717.0,2011-02-14,2011-11-07,2011-12-09,32,6,1959,1445.01,240.84,2,High-value active
13461.0,2011-06-29,2011-11-01,2011-12-09,38,3,1170,1445.00,481.67,2,High-value active
17175.0,2011-02-16,2011-10-26,2011-12-09,44,4,866,1443.69,360.92,2,High-value active
15478.0,2011-10-14,2011-10-30,2011-12-09,40,2,585,1441.42,720.71,2,High-value active
15858.0,2010-12-07,2011-11-24,2011-12-09,15,5,1167,1438.85,287.77,2,High-value active
14071.0,2011-03-20,2011-12-06,2011-12-09,3,8,995,1438.82,179.85,2,High-value active
13159.0,2011-08-16,2011-12-01,2011-12-09,8,4,1059,1437.85,359.46,2,High-value active
14566.0,2011-08-21,2011-08-21,2011-12-09,110,1,800,1432.00,1432.00,2,One-time customer
16503.0,2010-12-14,2011-08-25,2011-12-09,106,4,569,1431.93,357.98,2,High-value at risk
13475.0,2011-02-14,2011-06-01,2011-12-09,191,4,1012,1431.78,357.95,2,High-value at risk
16103.0,2011-04-20,2011-12-02,2011-12-09,7,6,558,1429.64,238.27,2,High-value active
16271.0,2010-12-16,2011-12-07,2011-12-09,2,5,1038,1429.24,285.85,2,High-value active
14035.0,2011-02-15,2011-11-11,2011-12-09,28,5,739,1428.02,285.60,2,High-value active
15681.0,2011-03-04,2011-11-14,2011-12-09,25,5,816,1426.16,285.23,2,High-value active
15106.0,2011-03-15,2011-11-22,2011-12-09,17,5,1181,1422.52,284.50,2,High-value active
16463.0,2011-05-19,2011-11-18,2011-12-09,21,4,1163,1422.40,355.60,2,High-value active
16571.0,2011-03-03,2011-11-13,2011-12-09,26,3,1239,1421.69,473.90,2,High-value active
14019.0,2011-07-24,2011-10-24,2011-12-09,46,3,1037,1421.61,473.87,2,High-value active
14901.0,2010-12-02,2011-11-28,2011-12-09,11,9,661,1421.29,157.92,2,High-value active
14443.0,2010-12-06,2011-10-17,2011-12-09,53,4,938,1420.20,355.05,2,High-value active
17288.0,2010-12-16,2011-11-30,2011-12-09,9,7,1203,1419.73,202.82,2,High-value active
16173.0,2011-09-02,2011-11-24,2011-12-09,15,6,575,1418.32,236.39,2,High-value active
15444.0,2011-10-30,2011-11-30,2011-12-09,9,2,764,1418.26,709.13,2,High-value active
18116.0,2010-12-10,2011-10-03,2011-12-09,67,8,848,1418.03,177.25,2,High-value active
17856.0,2011-03-03,2011-12-08,2011-12-09,1,4,842,1418.03,354.51,2,High-value active
14649.0,2011-05-11,2011-12-05,2011-12-09,4,4,1018,1417.29,354.32,2,High-value active
14748.0,2010-12-06,2011-11-10,2011-12-09,29,5,1223,1415.75,283.15,2,High-value active
16012.0,2011-07-07,2011-11-04,2011-12-09,35,3,799,1415.29,471.76,2,High-value active
16245.0,2011-03-28,2011-11-16,2011-12-09,23,3,1014,1413.66,471.22,2,High-value active
17004.0,2011-09-08,2011-10-24,2011-12-09,46,2,819,1412.94,706.47,2,High-value active
15237.0,2011-04-26,2011-12-08,2011-12-09,1,4,1071,1412.32,353.08,2,High-value active
15596.0,2010-12-09,2011-08-31,2011-12-09,100,5,561,1406.59,281.32,2,High-value at risk
17083.0,2011-02-09,2011-08-22,2011-12-09,109,3,772,1405.78,468.59,2,High-value at risk
15563.0,2010-12-16,2011-11-17,2011-12-09,22,4,1501,1400.44,350.11,2,High-value active
14741.0,2010-12-02,2011-11-28,2011-12-09,11,6,841,1400.34,233.39,2,High-value active
18202.0,2011-02-01,2011-05-24,2011-12-09,199,3,581,1396.99,465.66,2,High-value at risk
13995.0,2011-04-08,2011-11-24,2011-12-09,15,5,879,1393.69,278.74,2,High-value active
17354.0,2011-10-20,2011-10-20,2011-12-09,50,1,1006,1393.06,1393.06,2,One-time customer
15810.0,2011-02-16,2011-09-22,2011-12-09,78,4,861,1391.98,348.00,2,High-value active
15051.0,2011-07-12,2011-11-16,2011-12-09,23,3,1011,1391.61,463.87,2,High-value active
13414.0,2011-02-16,2011-07-29,2011-12-09,133,3,1574,1390.50,463.50,2,High-value at risk
13516.0,2011-04-15,2011-11-18,2011-12-09,21,3,985,1389.41,463.14,2,High-value active
15898.0,2010-12-06,2011-12-08,2011-12-09,1,5,570,1388.88,277.78,2,High-value active
16539.0,2010-12-01,2011-12-07,2011-12-09,2,4,477,1388.81,347.20,2,High-value active
15453.0,2011-06-05,2011-12-08,2011-12-09,1,7,845,1388.37,198.34,2,High-value active
15134.0,2011-04-13,2011-11-25,2011-12-09,14,8,887,1387.99,173.50,2,High-value active
12952.0,2011-09-22,2011-12-04,2011-12-09,5,4,653,1387.79,346.95,2,High-value active
17676.0,2010-12-08,2011-12-05,2011-12-09,4,6,932,1387.68,231.28,2,High-value active
12775.0,2011-02-01,2011-11-22,2011-12-09,17,5,877,1386.04,277.21,2,High-value active
13308.0,2011-05-20,2011-11-17,2011-12-09,22,3,843,1385.51,461.84,2,High-value active
18167.0,2011-08-26,2011-11-16,2011-12-09,23,3,382,1384.86,461.62,2,High-value active
17311.0,2011-01-27,2011-09-22,2011-12-09,78,2,1005,1384.85,692.43,2,High-value active
13572.0,2011-05-18,2011-05-18,2011-12-09,205,1,534,1384.25,1384.25,2,One-time customer
14507.0,2011-03-08,2011-11-16,2011-12-09,23,6,600,1383.18,230.53,2,High-value active
14116.0,2011-08-10,2011-11-20,2011-12-09,19,5,707,1382.74,276.55,2,High-value active
16389.0,2011-03-01,2011-10-17,2011-12-09,53,4,1242,1382.07,345.52,2,High-value active
16726.0,2010-12-13,2011-11-13,2011-12-09,26,5,977,1382.02,276.40,2,High-value active
17621.0,2010-12-20,2011-11-18,2011-12-09,21,3,514,1379.90,459.97,2,High-value active
12886.0,2011-05-04,2011-10-03,2011-12-09,67,2,770,1378.40,689.20,2,High-value active
15569.0,2011-01-11,2011-08-28,2011-12-09,103,5,666,1375.71,275.14,2,High-value at risk
16669.0,2011-09-22,2011-11-16,2011-12-09,23,3,888,1374.87,458.29,2,High-value active
14434.0,2011-09-28,2011-11-18,2011-12-09,21,6,368,1372.80,228.80,2,High-value active
15095.0,2011-05-20,2011-08-28,2011-12-09,103,4,1079,1370.60,342.65,2,High-value at risk
13813.0,2011-07-28,2011-10-31,2011-12-09,39,4,552,1366.86,341.72,2,High-value active
14897.0,2011-02-16,2011-12-02,2011-12-09,7,4,468,1366.38,341.60,2,High-value active
13396.0,2011-01-24,2011-11-10,2011-12-09,29,2,600,1360.99,680.50,2,High-value active
14102.0,2011-10-26,2011-12-04,2011-12-09,5,5,961,1360.28,272.06,2,High-value active
15411.0,2011-06-10,2011-11-13,2011-12-09,26,4,530,1358.88,339.72,2,High-value active
13232.0,2011-04-10,2011-11-27,2011-12-09,12,7,778,1357.60,193.94,2,High-value active
17054.0,2011-04-08,2011-11-11,2011-12-09,28,5,804,1356.33,271.27,2,High-value active
14064.0,2011-03-10,2011-11-10,2011-12-09,29,5,1788,1353.74,270.75,2,High-value active
14859.0,2011-05-19,2011-11-27,2011-12-09,12,4,671,1353.74,338.44,2,High-value active
15116.0,2011-05-19,2011-11-22,2011-12-09,17,4,648,1352.75,338.19,2,High-value active
16079.0,2011-10-30,2011-11-23,2011-12-09,16,3,864,1352.00,450.67,2,High-value active
16493.0,2011-01-14,2011-09-21,2011-12-09,79,4,1164,1351.63,337.91,2,High-value active
12770.0,2011-05-13,2011-05-13,2011-12-09,210,1,743,1351.45,1351.45,2,One-time customer
12646.0,2011-10-21,2011-12-05,2011-12-09,4,2,897,1346.97,673.49,2,High-value active
14154.0,2011-04-14,2011-04-14,2011-12-09,239,2,465,1345.62,672.81,2,High-value at risk
15398.0,2011-09-22,2011-11-23,2011-12-09,16,2,769,1345.53,672.77,2,High-value active
12463.0,2011-04-12,2011-10-17,2011-12-09,53,4,776,1344.78,336.20,2,High-value active
17372.0,2010-12-12,2011-10-30,2011-12-09,40,8,749,1342.68,167.84,2,High-value active
16317.0,2011-02-15,2011-08-12,2011-12-09,119,3,890,1341.65,447.22,2,High-value at risk
13743.0,2011-03-25,2011-12-07,2011-12-09,2,7,1776,1341.60,191.66,2,High-value active
18177.0,2011-03-29,2011-11-08,2011-12-09,31,6,710,1341.42,223.57,2,High-value active
16045.0,2011-02-22,2011-08-12,2011-12-09,119,4,897,1340.70,335.18,2,High-value at risk
13501.0,2011-02-24,2011-02-24,2011-12-09,288,1,560,1340.32,1340.32,2,One-time customer
15734.0,2011-05-23,2011-08-17,2011-12-09,114,2,346,1339.45,669.73,2,High-value at risk
12620.0,2011-05-19,2011-11-25,2011-12-09,14,3,1181,1339.41,446.47,2,High-value active
15059.0,2011-01-09,2011-10-30,2011-12-09,40,9,604,1337.72,148.64,2,High-value active
16110.0,2011-02-01,2011-10-25,2011-12-09,45,3,733,1337.48,445.83,2,High-value active
12919.0,2011-06-23,2011-12-01,2011-12-09,8,6,673,1335.19,222.53,2,High-value active
15680.0,2010-12-08,2011-11-30,2011-12-09,9,3,952,1333.68,444.56,2,High-value active
17932.0,2011-05-12,2011-11-10,2011-12-09,29,3,789,1331.57,443.86,2,High-value active
12676.0,2011-02-01,2011-11-15,2011-12-09,24,6,670,1331.39,221.90,2,High-value active
16295.0,2011-10-06,2011-11-30,2011-12-09,9,4,841,1328.55,332.14,2,High-value active
15146.0,2011-02-21,2011-06-28,2011-12-09,164,2,1473,1327.16,663.58,2,High-value at risk
17633.0,2011-08-11,2011-11-08,2011-12-09,31,4,644,1324.84,331.21,2,High-value active
12854.0,2011-01-25,2011-09-22,2011-12-09,78,3,627,1324.50,441.50,2,High-value active
17095.0,2011-01-09,2011-11-17,2011-12-09,22,3,618,1324.16,441.39,2,High-value active
16370.0,2011-04-28,2011-09-18,2011-12-09,82,4,647,1320.56,330.14,2,High-value active
14794.0,2011-01-09,2011-12-07,2011-12-09,2,7,673,1319.91,188.56,2,High-value active
13168.0,2011-01-25,2011-11-03,2011-12-09,36,4,682,1319.19,329.80,2,High-value active
16083.0,2010-12-14,2011-08-31,2011-12-09,100,2,908,1317.62,658.81,2,High-value at risk
12526.0,2011-09-06,2011-12-09,2011-12-09,0,3,632,1316.66,438.89,2,High-value active
14921.0,2011-05-22,2011-11-09,2011-12-09,30,2,953,1316.07,658.04,2,High-value active
12576.0,2011-02-08,2011-11-04,2011-12-09,35,5,967,1315.83,263.17,2,High-value active
14511.0,2011-07-29,2011-11-28,2011-12-09,11,5,784,1314.81,262.96,2,High-value active
16464.0,2011-07-20,2011-11-20,2011-12-09,19,3,963,1314.68,438.23,2,High-value active
14738.0,2011-01-27,2011-10-28,2011-12-09,42,7,601,1314.45,187.78,2,High-value active
14973.0,2011-04-28,2011-08-24,2011-12-09,107,3,369,1314.45,438.15,2,High-value at risk
16040.0,2011-03-16,2011-10-05,2011-12-09,65,3,684,1313.55,437.85,2,High-value active
12364.0,2011-08-19,2011-12-02,2011-12-09,7,4,1506,1313.10,328.28,2,High-value active
12516.0,2011-06-12,2011-09-23,2011-12-09,77,2,875,1312.06,656.03,2,High-value active
14856.0,2011-10-14,2011-11-03,2011-12-09,36,3,714,1311.38,437.13,2,High-value active
14477.0,2011-02-15,2011-11-20,2011-12-09,19,4,720,1309.60,327.40,2,High-value active
16120.0,2011-10-11,2011-10-11,2011-12-09,59,4,878,1309.14,327.29,2,High-value active
14047.0,2010-12-02,2011-12-01,2011-12-09,8,5,381,1308.61,261.72,2,High-value active
13328.0,2011-01-27,2011-01-27,2011-12-09,316,1,680,1308.48,1308.48,2,One-time customer
14297.0,2011-03-10,2011-11-22,2011-12-09,17,4,865,1305.33,326.33,2,High-value active
12507.0,2011-02-14,2011-07-28,2011-12-09,134,3,894,1304.81,434.94,2,High-value at risk
16744.0,2011-06-19,2011-11-28,2011-12-09,11,7,805,1304.76,186.39,2,High-value active
17919.0,2011-09-12,2011-09-12,2011-12-09,88,1,756,1304.04,1304.04,2,One-time customer
15813.0,2011-04-14,2011-05-16,2011-12-09,207,2,603,1303.91,651.96,2,High-value at risk
14898.0,2010-12-03,2011-11-16,2011-12-09,23,6,1020,1303.52,217.25,2,High-value active
15108.0,2011-04-26,2011-07-21,2011-12-09,141,4,499,1300.25,325.06,2,High-value at risk
15494.0,2011-08-10,2011-11-18,2011-12-09,21,2,1148,1299.23,649.62,2,High-value active
12488.0,2011-09-25,2011-11-30,2011-12-09,9,3,529,1298.66,432.89,2,High-value active
12372.0,2011-02-16,2011-09-29,2011-12-09,71,3,794,1298.04,432.68,2,High-value active
15602.0,2010-12-06,2011-12-01,2011-12-09,8,9,1137,1297.87,144.21,2,High-value active
17961.0,2010-12-02,2011-11-18,2011-12-09,21,39,560,1296.44,33.24,2,High-value active
16929.0,2011-07-07,2011-12-06,2011-12-09,3,7,929,1295.39,185.06,2,High-value active
16224.0,2011-04-04,2011-10-13,2011-12-09,57,4,1116,1295.30,323.83,2,High-value active
15621.0,2011-11-18,2011-12-05,2011-12-09,4,4,501,1293.03,323.26,2,High-value active
16101.0,2011-09-30,2011-09-30,2011-12-09,70,1,757,1290.70,1290.70,2,One-time customer
15171.0,2011-01-12,2011-01-12,2011-12-09,331,1,290,1289.50,1289.50,2,One-time customer
15136.0,2011-09-04,2011-12-07,2011-12-09,2,4,776,1286.70,321.68,2,High-value active
16949.0,2011-01-27,2011-12-06,2011-12-09,3,6,791,1286.27,214.38,2,High-value active
17350.0,2011-10-19,2011-12-01,2011-12-09,8,4,795,1286.07,321.52,2,High-value active
17802.0,2010-12-02,2011-09-18,2011-12-09,82,3,752,1285.04,428.35,2,High-value active
16899.0,2010-12-14,2011-12-02,2011-12-09,7,6,522,1281.56,213.59,2,High-value active
13878.0,2011-10-16,2011-10-16,2011-12-09,54,1,475,1281.53,1281.53,2,One-time customer
13538.0,2011-01-28,2011-10-27,2011-12-09,43,7,175,1280.85,182.98,2,High-value active
16951.0,2011-02-08,2011-07-28,2011-12-09,134,3,1318,1277.75,425.92,2,High-value at risk
16692.0,2011-02-23,2011-03-28,2011-12-09,256,2,152,1276.00,638.00,2,High-value at risk
17019.0,2010-12-06,2011-11-28,2011-12-09,11,4,827,1272.61,318.15,2,High-value active
12394.0,2011-05-06,2011-10-07,2011-12-09,63,2,819,1272.48,636.24,2,High-value active
12630.0,2011-10-27,2011-11-30,2011-12-09,9,2,548,1270.88,635.44,2,High-value active
14669.0,2011-01-11,2011-04-12,2011-12-09,241,3,775,1269.99,423.33,2,High-value at risk
13492.0,2011-05-09,2011-07-26,2011-12-09,136,3,408,1269.84,423.28,2,High-value at risk
13431.0,2011-09-12,2011-10-03,2011-12-09,67,2,672,1269.10,634.55,2,High-value active
14916.0,2011-01-19,2011-09-30,2011-12-09,70,4,1136,1268.98,317.25,2,High-value active
15199.0,2011-02-04,2011-10-11,2011-12-09,59,4,396,1268.70,317.18,2,High-value active
16660.0,2011-01-24,2011-11-23,2011-12-09,16,4,571,1267.65,316.91,2,High-value active
17037.0,2011-09-13,2011-09-13,2011-12-09,87,1,656,1267.32,1267.32,2,One-time customer
17158.0,2010-12-14,2011-11-07,2011-12-09,32,3,778,1266.97,422.32,2,High-value active
14105.0,2011-04-14,2011-04-14,2011-12-09,239,1,800,1266.23,1266.23,2,One-time customer
13989.0,2011-04-14,2011-10-05,2011-12-09,65,2,1313,1266.08,633.04,2,High-value active
16842.0,2011-02-10,2011-08-31,2011-12-09,100,3,693,1264.19,421.40,2,High-value at risk
15497.0,2011-01-24,2011-11-22,2011-12-09,17,2,624,1262.20,631.10,2,High-value active
15009.0,2011-11-14,2011-11-27,2011-12-09,12,3,642,1261.78,420.59,2,High-value active
16688.0,2011-10-10,2011-12-08,2011-12-09,1,4,804,1260.86,315.22,2,High-value active
17388.0,2011-02-25,2011-09-23,2011-12-09,77,4,1068,1259.56,314.89,2,High-value active
17412.0,2010-12-02,2011-12-07,2011-12-09,2,7,738,1258.06,179.72,2,High-value active
13151.0,2011-02-17,2011-02-17,2011-12-09,295,1,363,1257.87,1257.87,2,One-time customer
14931.0,2011-04-13,2011-12-05,2011-12-09,4,5,417,1257.68,251.54,2,High-value active
16639.0,2011-04-18,2011-11-08,2011-12-09,31,3,510,1257.51,419.17,2,High-value active
17481.0,2011-09-07,2011-12-06,2011-12-09,3,4,1061,1255.59,313.90,2,High-value active
13848.0,2010-12-08,2011-09-08,2011-12-09,92,3,3700,1255.00,418.33,2,High-value at risk
17262.0,2010-12-08,2011-10-18,2011-12-09,52,5,367,1253.36,250.67,2,High-value active
14698.0,2011-10-19,2011-12-08,2011-12-09,1,5,615,1250.76,250.15,2,High-value active
14383.0,2011-06-29,2011-11-01,2011-12-09,38,3,817,1247.69,415.90,2,High-value active
12689.0,2011-08-04,2011-11-14,2011-12-09,25,2,628,1247.61,623.81,2,High-value active
13029.0,2010-12-21,2011-11-09,2011-12-09,30,3,134,1247.50,415.83,2,High-value active
15004.0,2011-07-15,2011-07-15,2011-12-09,147,1,630,1246.32,1246.32,2,One-time customer
12494.0,2010-12-09,2011-11-24,2011-12-09,15,7,707,1246.10,178.01,2,High-value active
13860.0,2011-09-14,2011-12-08,2011-12-09,1,5,591,1245.90,249.18,2,High-value active
14428.0,2011-01-18,2011-12-02,2011-12-09,7,5,436,1244.83,248.97,2,High-value active
16531.0,2010-12-14,2011-11-17,2011-12-09,22,7,915,1244.59,177.80,2,High-value active
17584.0,2011-08-04,2011-12-02,2011-12-09,7,2,458,1242.30,621.15,2,High-value active
17588.0,2011-04-21,2011-08-31,2011-12-09,100,3,676,1240.20,413.40,2,High-value at risk
17731.0,2011-06-09,2011-09-21,2011-12-09,79,4,493,1240.11,310.03,2,High-value active
12985.0,2011-11-11,2011-12-09,2011-12-09,0,2,1533,1239.38,619.69,2,High-value active
13476.0,2011-03-03,2011-06-14,2011-12-09,178,2,417,1238.47,619.24,2,High-value at risk
14893.0,2011-11-28,2011-11-30,2011-12-09,9,2,799,1237.85,618.93,2,High-value active
13931.0,2011-03-04,2011-09-05,2011-12-09,95,2,725,1237.53,618.77,2,High-value at risk
15201.0,2011-04-06,2011-09-13,2011-12-09,87,5,1210,1236.54,247.31,2,High-value active
14684.0,2010-12-12,2011-11-14,2011-12-09,25,5,853,1236.28,247.26,2,High-value active
15376.0,2011-05-01,2011-10-30,2011-12-09,40,3,619,1233.36,411.12,2,High-value active
15910.0,2011-01-27,2011-12-09,2011-12-09,0,8,1015,1232.18,154.02,2,High-value active
18080.0,2011-04-11,2011-11-21,2011-12-09,18,2,642,1231.50,615.75,2,High-value active
18171.0,2011-01-10,2011-10-12,2011-12-09,58,5,481,1231.31,246.26,2,High-value active
14913.0,2010-12-15,2011-11-04,2011-12-09,35,4,1743,1227.43,306.86,2,High-value active
12997.0,2011-01-26,2011-11-17,2011-12-09,22,4,664,1226.89,306.72,2,High-value active
12412.0,2011-06-23,2011-09-26,2011-12-09,74,3,829,1226.88,408.96,2,High-value active
17774.0,2011-02-07,2011-09-04,2011-12-09,96,4,512,1225.41,306.35,2,High-value at risk
15841.0,2011-01-05,2011-09-28,2011-12-09,72,4,942,1224.06,306.02,2,High-value active
13208.0,2011-02-03,2011-10-12,2011-12-09,58,6,804,1223.90,203.98,2,High-value active
16794.0,2011-06-12,2011-12-08,2011-12-09,1,10,937,1222.71,122.27,2,High-value active
14745.0,2011-02-27,2011-08-19,2011-12-09,112,5,1038,1220.26,244.05,2,High-value at risk
15227.0,2011-01-26,2011-11-03,2011-12-09,36,5,750,1219.40,243.88,2,High-value active
13491.0,2010-12-02,2011-10-19,2011-12-09,51,10,903,1215.82,121.58,2,High-value active
17410.0,2011-05-08,2011-11-23,2011-12-09,16,5,616,1214.72,242.94,2,High-value active
13055.0,2011-05-10,2011-09-22,2011-12-09,78,3,894,1214.41,404.80,2,High-value active
18263.0,2011-04-01,2011-11-14,2011-12-09,25,3,1468,1213.16,404.39,2,High-value active
13918.0,2011-03-31,2011-10-21,2011-12-09,49,2,1140,1212.84,606.42,2,High-value active
16653.0,2011-09-29,2011-11-23,2011-12-09,16,2,733,1212.66,606.33,2,High-value active
12464.0,2011-02-03,2011-11-29,2011-12-09,10,8,112,1212.05,151.51,2,High-value active
17653.0,2011-08-11,2011-11-03,2011-12-09,36,4,1409,1207.56,301.89,2,High-value active
15737.0,2011-04-11,2011-11-25,2011-12-09,14,8,599,1205.12,150.64,2,High-value active
16800.0,2011-11-28,2011-11-28,2011-12-09,11,1,540,1201.49,1201.49,2,One-time customer
13158.0,2011-01-25,2011-09-06,2011-12-09,94,4,784,1201.06,300.27,2,High-value at risk
17320.0,2010-12-06,2011-08-31,2011-12-09,100,3,634,1200.62,400.21,2,High-value at risk
17800.0,2011-01-09,2011-11-02,2011-12-09,37,9,736,1199.01,133.22,2,High-value active
15605.0,2010-12-01,2011-11-03,2011-12-09,36,5,441,1198.23,239.65,2,High-value active
13118.0,2011-02-24,2011-11-20,2011-12-09,19,5,410,1197.81,239.56,2,High-value active
13211.0,2010-12-13,2011-11-29,2011-12-09,10,3,874,1197.42,399.14,2,High-value active
16042.0,2011-01-11,2011-11-17,2011-12-09,22,5,755,1197.27,239.45,2,High-value active
17867.0,2011-02-24,2011-11-09,2011-12-09,30,6,542,1197.10,199.52,2,High-value active
14487.0,2010-12-06,2011-11-13,2011-12-09,26,6,735,1196.33,199.39,2,High-value active
17720.0,2010-12-07,2011-11-13,2011-12-09,26,4,576,1195.94,298.99,2,High-value active
17526.0,2010-12-09,2011-12-05,2011-12-09,4,4,310,1195.90,298.98,2,High-value active
15145.0,2011-04-05,2011-12-05,2011-12-09,4,4,756,1194.73,298.68,2,High-value active
12611.0,2011-10-18,2011-10-18,2011-12-09,52,1,846,1193.32,1193.32,2,One-time customer
13882.0,2011-10-06,2011-12-07,2011-12-09,2,5,953,1191.13,238.23,2,High-value active
12462.0,2011-02-09,2011-11-21,2011-12-09,18,2,536,1189.59,594.80,2,High-value active
16612.0,2011-02-01,2011-11-07,2011-12-09,32,4,506,1187.66,296.92,2,High-value active
15630.0,2011-05-19,2011-10-25,2011-12-09,45,2,800,1186.35,593.18,2,High-value active
13752.0,2011-04-07,2011-08-07,2011-12-09,124,6,876,1186.28,197.71,2,High-value at risk
17058.0,2011-04-14,2011-09-19,2011-12-09,81,3,592,1179.89,393.30,2,High-value active
16950.0,2010-12-07,2011-10-14,2011-12-09,56,3,644,1178.56,392.85,2,High-value active
12885.0,2011-08-08,2011-10-07,2011-12-09,63,3,655,1175.22,391.74,2,High-value active
12640.0,2011-09-19,2011-11-16,2011-12-09,23,3,311,1174.58,391.53,2,High-value active
15306.0,2011-07-14,2011-10-06,2011-12-09,64,3,810,1174.35,391.45,2,High-value active
14857.0,2011-07-14,2011-10-11,2011-12-09,59,2,464,1173.12,586.56,2,High-value active
13611.0,2010-12-15,2011-09-11,2011-12-09,89,3,766,1171.80,390.60,2,High-value active
18168.0,2010-12-02,2011-06-16,2011-12-09,176,6,594,1169.94,194.99,2,High-value at risk
12358.0,2011-07-12,2011-12-08,2011-12-09,1,2,248,1168.06,584.03,2,High-value active
13500.0,2011-08-09,2011-11-16,2011-12-09,23,3,609,1166.77,388.92,2,High-value active
14737.0,2010-12-21,2011-12-06,2011-12-09,3,3,345,1164.55,388.18,2,High-value active
14261.0,2011-09-22,2011-10-20,2011-12-09,50,2,406,1163.45,581.73,2,High-value active
14447.0,2011-03-04,2011-11-21,2011-12-09,18,5,571,1163.23,232.65,2,High-value active
16714.0,2011-01-26,2011-05-05,2011-12-09,218,3,610,1161.53,387.18,2,High-value at risk
12546.0,2011-09-23,2011-10-24,2011-12-09,46,2,633,1161.50,580.75,2,High-value active
15088.0,2011-10-03,2011-11-18,2011-12-09,21,2,460,1160.07,580.04,2,High-value active
17348.0,2011-02-15,2011-11-25,2011-12-09,14,5,1401,1159.52,231.90,2,High-value active
13499.0,2011-03-15,2011-11-22,2011-12-09,17,5,1365,1159.11,231.82,2,High-value active
16184.0,2011-05-12,2011-10-06,2011-12-09,64,6,561,1158.79,193.13,2,High-value active
14723.0,2010-12-03,2011-11-29,2011-12-09,10,6,695,1158.30,193.05,2,High-value active
13744.0,2011-02-20,2011-09-05,2011-12-09,95,2,1249,1156.36,578.18,2,High-value at risk
16637.0,2011-04-28,2011-11-07,2011-12-09,32,4,927,1154.47,288.62,2,High-value active
16062.0,2010-12-10,2011-11-30,2011-12-09,9,4,800,1153.62,288.41,2,High-value active
12710.0,2011-05-22,2011-09-04,2011-12-09,96,3,851,1149.02,383.01,2,High-value at risk
17505.0,2011-05-18,2011-07-01,2011-12-09,161,2,556,1145.84,572.92,2,High-value at risk
16766.0,2011-03-11,2011-03-11,2011-12-09,273,2,536,1145.60,572.80,2,High-value at risk
12769.0,2011-04-15,2011-04-15,2011-12-09,238,1,356,1143.60,1143.60,2,One-time customer
17770.0,2011-03-02,2011-05-25,2011-12-09,198,5,365,1143.27,228.65,2,High-value at risk
18125.0,2011-01-27,2011-11-10,2011-12-09,29,4,804,1142.99,285.75,2,High-value active
15985.0,2011-04-17,2011-08-08,2011-12-09,123,2,1086,1142.42,571.21,2,High-value at risk
16270.0,2010-12-21,2010-12-21,2011-12-09,353,1,688,1141.24,1141.24,2,One-time customer
13330.0,2011-01-28,2011-09-08,2011-12-09,92,3,751,1140.93,380.31,2,High-value at risk
13819.0,2011-01-24,2011-02-11,2011-12-09,301,3,1109,1140.35,380.12,2,High-value at risk
16172.0,2011-04-12,2011-09-05,2011-12-09,95,5,787,1140.21,228.04,2,High-value at risk
17135.0,2010-12-03,2011-11-23,2011-12-09,16,7,1224,1139.73,162.82,2,High-value active
17500.0,2011-11-10,2011-11-22,2011-12-09,17,3,17,1138.00,379.33,2,High-value active
17302.0,2011-02-07,2011-11-25,2011-12-09,14,5,575,1135.63,227.13,2,High-value active
17242.0,2011-06-12,2011-08-23,2011-12-09,108,2,611,1135.04,567.52,2,High-value at risk
15489.0,2011-05-12,2011-11-17,2011-12-09,22,3,608,1134.28,378.09,2,High-value active
16989.0,2011-07-12,2011-12-02,2011-12-09,7,6,1233,1133.25,188.88,2,High-value active
17585.0,2011-01-05,2011-08-22,2011-12-09,109,4,1671,1133.07,283.27,2,High-value at risk
13282.0,2011-05-03,2011-11-21,2011-12-09,18,3,307,1132.14,377.38,2,High-value active
13772.0,2011-04-14,2011-11-06,2011-12-09,33,3,546,1132.13,377.38,2,High-value active
13310.0,2011-01-19,2011-11-11,2011-12-09,28,3,587,1132.03,377.34,2,High-value active
13610.0,2011-02-27,2011-11-27,2011-12-09,12,7,516,1131.88,161.70,2,High-value active
15500.0,2011-09-19,2011-12-01,2011-12-09,8,4,572,1131.56,282.89,2,High-value active
13447.0,2011-11-04,2011-11-16,2011-12-09,23,3,584,1129.14,376.38,2,High-value active
14824.0,2011-09-09,2011-11-29,2011-12-09,10,4,525,1127.71,281.93,2,High-value active
12609.0,2011-01-25,2011-09-22,2011-12-09,78,3,648,1126.85,375.62,2,High-value active
14708.0,2010-12-06,2011-12-07,2011-12-09,2,3,621,1126.37,375.46,2,High-value active
17470.0,2010-12-07,2011-10-26,2011-12-09,44,5,1675,1125.07,225.01,2,High-value active
14129.0,2011-03-24,2011-12-08,2011-12-09,1,5,592,1123.86,224.77,2,High-value active
15436.0,2011-04-19,2011-11-27,2011-12-09,12,3,613,1122.53,374.18,2,High-value active
13486.0,2011-07-07,2011-09-22,2011-12-09,78,3,669,1122.41,374.14,2,High-value active
17562.0,2011-06-19,2011-11-25,2011-12-09,14,7,817,1122.38,160.34,2,High-value active
16807.0,2011-03-14,2011-07-20,2011-12-09,142,3,778,1121.59,373.86,2,High-value at risk
16086.0,2010-12-07,2011-10-11,2011-12-09,59,5,511,1121.39,224.28,2,High-value active
15730.0,2011-05-17,2011-10-05,2011-12-09,65,3,689,1120.88,373.63,2,High-value active
17894.0,2010-12-08,2011-09-29,2011-12-09,71,8,405,1119.81,139.98,2,High-value active
14276.0,2011-02-23,2011-09-02,2011-12-09,98,3,744,1119.74,373.25,2,High-value at risk
13064.0,2011-01-16,2011-11-27,2011-12-09,12,4,516,1119.49,279.87,2,High-value active
12842.0,2011-02-04,2011-09-30,2011-12-09,70,2,547,1118.99,559.50,2,High-value active
15716.0,2010-12-05,2011-07-17,2011-12-09,145,4,744,1118.81,279.70,2,High-value at risk
17788.0,2011-08-02,2011-09-27,2011-12-09,73,2,211,1117.90,558.95,2,High-value active
13591.0,2011-03-18,2011-10-06,2011-12-09,64,3,485,1117.13,372.38,2,High-value active
14971.0,2011-10-27,2011-11-04,2011-12-09,35,3,644,1116.57,372.19,2,High-value active
16350.0,2011-01-10,2011-11-18,2011-12-09,21,4,545,1116.47,279.12,2,High-value active
12679.0,2011-03-01,2011-10-12,2011-12-09,58,4,554,1113.02,278.26,2,High-value active
17609.0,2011-01-16,2011-10-30,2011-12-09,40,5,723,1112.22,222.44,2,High-value active
16049.0,2011-09-25,2011-10-30,2011-12-09,40,3,793,1111.79,370.60,2,High-value active
14161.0,2010-12-05,2011-05-08,2011-12-09,215,3,455,1110.52,370.17,2,High-value at risk
14817.0,2011-03-07,2011-05-23,2011-12-09,200,2,655,1110.34,555.17,2,High-value at risk
15069.0,2011-06-13,2011-06-13,2011-12-09,179,1,520,1109.53,1109.53,2,One-time customer
12399.0,2011-03-23,2011-08-12,2011-12-09,119,4,1178,1108.65,277.16,2,High-value at risk
15933.0,2011-09-14,2011-11-18,2011-12-09,21,3,885,1107.46,369.15,2,High-value active
16833.0,2011-01-09,2011-12-08,2011-12-09,1,4,440,1106.53,276.63,2,High-value active
12857.0,2011-02-10,2011-05-13,2011-12-09,210,2,343,1106.40,553.20,2,High-value at risk
14410.0,2011-02-07,2011-09-08,2011-12-09,92,9,571,1105.07,122.79,2,High-value at risk
14948.0,2011-05-04,2011-11-16,2011-12-09,23,6,673,1101.97,183.66,2,High-value active
17047.0,2011-05-18,2011-09-15,2011-12-09,85,3,533,1100.90,366.97,2,High-value active
14744.0,2010-12-08,2011-11-23,2011-12-09,16,7,627,1099.98,157.14,2,High-value active
15978.0,2011-09-23,2011-09-23,2011-12-09,77,1,888,1098.78,1098.78,2,One-time customer
13104.0,2010-12-20,2011-12-06,2011-12-09,3,6,504,1098.48,183.08,2,High-value active
17966.0,2011-03-23,2011-11-02,2011-12-09,37,5,2571,1098.43,219.69,2,High-value active
16225.0,2011-03-07,2011-10-26,2011-12-09,44,5,493,1096.32,219.26,2,High-value active
16533.0,2011-10-02,2011-11-20,2011-12-09,19,3,612,1095.56,365.19,2,High-value active
13652.0,2010-12-06,2011-10-25,2011-12-09,45,3,578,1095.08,365.03,2,High-value active
15745.0,2011-04-17,2011-11-20,2011-12-09,19,4,421,1094.59,273.65,2,High-value active
15608.0,2011-08-11,2011-11-11,2011-12-09,28,4,714,1093.68,273.42,2,High-value active
13521.0,2011-11-29,2011-12-08,2011-12-09,1,3,736,1093.65,364.55,2,High-value active
18189.0,2011-03-17,2011-09-23,2011-12-09,77,2,566,1090.24,545.12,2,High-value active
13853.0,2011-10-13,2011-10-13,2011-12-09,57,1,312,1090.14,1090.14,2,One-time customer
12534.0,2011-08-01,2011-08-01,2011-12-09,130,1,651,1089.18,1089.18,2,One-time customer
15763.0,2011-09-23,2011-11-08,2011-12-09,31,2,271,1086.92,543.46,2,High-value active
13467.0,2011-11-03,2011-11-29,2011-12-09,10,2,584,1083.71,541.86,2,High-value active
17041.0,2010-12-14,2011-11-13,2011-12-09,26,3,951,1081.57,360.52,2,High-value active
14561.0,2011-06-08,2011-09-25,2011-12-09,75,3,1014,1080.76,360.25,2,High-value active
16200.0,2011-06-28,2011-12-05,2011-12-09,4,2,523,1080.62,540.31,2,High-value active
13726.0,2011-08-31,2011-11-01,2011-12-09,38,2,1054,1079.66,539.83,2,High-value active
15197.0,2010-12-16,2011-11-29,2011-12-09,10,3,469,1079.61,359.87,2,High-value active
12354.0,2011-04-21,2011-04-21,2011-12-09,232,1,530,1079.40,1079.40,2,One-time customer
13715.0,2010-12-02,2011-03-03,2011-12-09,281,5,563,1079.34,215.87,2,High-value at risk
14352.0,2011-03-11,2011-07-05,2011-12-09,157,4,538,1078.96,269.74,2,High-value at risk
16980.0,2011-02-21,2011-03-29,2011-12-09,255,2,788,1078.96,539.48,2,High-value at risk
16094.0,2011-05-04,2011-11-28,2011-12-09,11,4,647,1078.23,269.56,2,High-value active
16563.0,2011-10-17,2011-10-17,2011-12-09,53,1,486,1077.74,1077.74,2,One-time customer
13131.0,2011-06-05,2011-11-16,2011-12-09,23,3,447,1073.30,357.77,2,High-value active
15712.0,2011-02-25,2011-11-30,2011-12-09,9,5,486,1072.36,214.47,2,High-value active
15238.0,2011-06-08,2011-11-10,2011-12-09,29,3,692,1071.99,357.33,2,High-value active
13635.0,2011-10-03,2011-10-03,2011-12-09,67,1,677,1071.03,1071.03,2,One-time customer
17522.0,2011-05-05,2011-12-08,2011-12-09,1,5,1034,1070.71,214.14,2,High-value active
13761.0,2011-06-13,2011-10-20,2011-12-09,50,2,642,1070.65,535.33,2,High-value active
14212.0,2011-09-11,2011-09-11,2011-12-09,89,1,1152,1070.48,1070.48,2,One-time customer
17214.0,2010-12-15,2011-10-10,2011-12-09,60,6,276,1069.12,178.19,2,High-value active
16918.0,2011-01-26,2011-10-21,2011-12-09,49,6,721,1068.82,178.14,2,High-value active
15027.0,2011-04-15,2011-11-09,2011-12-09,30,4,565,1066.15,266.54,2,High-value active
17277.0,2011-01-21,2011-04-26,2011-12-09,227,2,430,1065.35,532.68,2,High-value at risk
14488.0,2011-10-03,2011-10-03,2011-12-09,67,1,799,1064.28,1064.28,2,One-time customer
17287.0,2010-12-02,2011-11-13,2011-12-09,26,7,559,1064.11,152.02,2,High-value active
12951.0,2011-01-13,2011-12-01,2011-12-09,8,6,503,1064.07,177.35,2,High-value active
15801.0,2011-08-22,2011-10-24,2011-12-09,46,3,570,1063.95,354.65,2,High-value active
12936.0,2011-09-22,2011-11-22,2011-12-09,17,4,559,1063.90,265.98,2,High-value active
12815.0,2011-05-25,2011-07-15,2011-12-09,147,2,379,1063.46,531.73,2,High-value at risk
14411.0,2011-02-02,2011-02-02,2011-12-09,310,1,196,1063.00,1063.00,2,One-time customer
16214.0,2011-03-15,2011-06-22,2011-12-09,170,3,420,1062.75,354.25,2,High-value at risk
15996.0,2010-12-08,2011-09-12,2011-12-09,88,6,384,1060.68,176.78,2,High-value active
15706.0,2011-08-15,2011-10-07,2011-12-09,63,4,321,1060.56,265.14,2,High-value active
17727.0,2011-11-24,2011-11-24,2011-12-09,15,1,645,1060.25,1060.25,2,One-time customer
18130.0,2011-10-13,2011-11-24,2011-12-09,15,3,824,1059.39,353.13,2,High-value active
14465.0,2011-02-10,2011-04-07,2011-12-09,246,3,405,1058.62,352.87,2,High-value at risk
13455.0,2010-12-08,2011-11-15,2011-12-09,24,2,354,1058.34,529.17,2,High-value active
14419.0,2010-12-10,2011-11-29,2011-12-09,10,6,487,1058.06,176.34,2,High-value active
15407.0,2011-02-07,2011-11-06,2011-12-09,33,4,558,1056.44,264.11,2,High-value active
14514.0,2011-01-12,2011-10-09,2011-12-09,61,3,589,1055.35,351.78,2,High-value active
15977.0,2011-10-31,2011-11-22,2011-12-09,17,2,1016,1054.73,527.37,2,High-value active
16728.0,2011-03-20,2011-10-24,2011-12-09,46,4,677,1054.67,263.67,2,High-value active
12716.0,2011-07-29,2011-12-06,2011-12-09,3,2,708,1053.49,526.75,2,High-value active
14583.0,2011-05-18,2011-12-04,2011-12-09,5,5,792,1052.55,210.51,2,High-value active
16416.0,2011-10-14,2011-11-13,2011-12-09,26,3,672,1051.40,350.47,2,High-value active
12849.0,2011-03-16,2011-11-08,2011-12-09,31,2,623,1050.89,525.45,2,High-value active
14224.0,2011-01-23,2011-08-21,2011-12-09,110,4,514,1050.12,262.53,2,High-value at risk
15329.0,2011-06-21,2011-10-31,2011-12-09,39,3,486,1049.70,349.90,2,High-value active
14078.0,2010-12-01,2011-08-30,2011-12-09,101,6,310,1049.37,174.90,2,High-value at risk
15464.0,2011-01-05,2011-01-05,2011-12-09,338,1,350,1048.85,1048.85,2,One-time customer
15839.0,2011-07-14,2011-11-06,2011-12-09,33,3,675,1048.49,349.50,2,High-value active
15777.0,2010-12-13,2011-04-12,2011-12-09,241,4,378,1047.11,261.78,2,High-value at risk
16520.0,2010-12-09,2011-06-06,2011-12-09,186,3,558,1046.57,348.86,2,High-value at risk
14293.0,2010-12-06,2011-12-06,2011-12-09,3,4,709,1046.56,261.64,2,High-value active
17042.0,2011-04-06,2011-12-07,2011-12-09,2,5,994,1044.38,208.88,2,High-value active
15192.0,2010-12-09,2011-08-12,2011-12-09,119,3,918,1044.32,348.11,2,High-value at risk
14389.0,2011-06-02,2011-10-05,2011-12-09,65,2,729,1043.46,521.73,2,High-value active
15073.0,2011-06-06,2011-11-30,2011-12-09,9,3,491,1043.41,347.80,2,High-value active
12497.0,2011-09-19,2011-09-19,2011-12-09,81,1,1236,1043.10,1043.10,2,One-time customer
14584.0,2011-05-25,2011-06-23,2011-12-09,169,4,383,1042.26,260.57,2,High-value at risk
13719.0,2011-04-19,2011-11-24,2011-12-09,15,5,609,1041.68,208.34,2,High-value active
18221.0,2011-05-12,2011-11-17,2011-12-09,22,5,791,1041.61,208.32,2,High-value active
15434.0,2011-05-23,2011-12-01,2011-12-09,8,5,647,1041.48,208.30,2,High-value active
14446.0,2011-04-07,2011-12-09,2011-12-09,0,4,933,1039.58,259.90,2,High-value active
16320.0,2011-05-10,2011-06-20,2011-12-09,172,2,732,1038.46,519.23,2,High-value at risk
16175.0,2011-04-13,2011-09-06,2011-12-09,94,4,533,1037.59,259.40,2,High-value at risk
12691.0,2010-12-17,2011-11-11,2011-12-09,28,6,394,1035.80,172.63,2,High-value active
16260.0,2011-10-20,2011-10-20,2011-12-09,50,1,311,1035.45,1035.45,2,One-time customer
13639.0,2011-09-26,2011-09-26,2011-12-09,74,1,800,1033.34,1033.34,2,One-time customer
17724.0,2011-07-24,2011-09-29,2011-12-09,71,3,300,1033.00,344.33,2,High-value active
12599.0,2011-02-08,2011-11-10,2011-12-09,29,7,956,1032.58,147.51,2,High-value active
17405.0,2011-07-12,2011-12-08,2011-12-09,1,3,726,1031.41,343.80,2,High-value active
12724.0,2011-01-11,2011-12-04,2011-12-09,5,4,445,1031.41,257.85,2,High-value active
13235.0,2011-05-11,2011-05-11,2011-12-09,212,1,441,1031.07,1031.07,2,One-time customer
12717.0,2011-04-08,2011-07-11,2011-12-09,151,2,506,1030.98,515.49,2,High-value at risk
13253.0,2011-01-04,2011-07-06,2011-12-09,156,2,1572,1030.40,515.20,2,High-value at risk
17033.0,2010-12-15,2011-09-14,2011-12-09,86,3,750,1030.14,343.38,2,High-value active
15333.0,2011-05-15,2011-05-15,2011-12-09,208,1,344,1028.56,1028.56,2,One-time customer
16682.0,2011-06-05,2011-12-05,2011-12-09,4,5,1040,1028.00,205.60,2,High-value active
15104.0,2011-03-02,2011-05-27,2011-12-09,196,2,637,1027.44,513.72,2,High-value at risk
13956.0,2011-03-13,2011-12-04,2011-12-09,5,5,491,1026.42,205.28,2,High-value active
16160.0,2011-09-15,2011-10-05,2011-12-09,65,2,1162,1025.44,512.72,2,High-value active
14904.0,2011-11-14,2011-12-07,2011-12-09,2,2,1985,1025.44,512.72,2,High-value active
15658.0,2010-12-02,2011-06-02,2011-12-09,190,5,242,1024.10,204.82,2,High-value at risk
17096.0,2011-03-23,2011-11-24,2011-12-09,15,4,339,1022.13,255.53,2,High-value active
14346.0,2011-02-15,2011-08-11,2011-12-09,120,2,605,1021.58,510.79,2,High-value at risk
13165.0,2010-12-23,2011-10-24,2011-12-09,46,2,1376,1021.48,510.74,2,High-value active
12572.0,2011-10-19,2011-12-01,2011-12-09,8,2,452,1020.42,510.21,2,High-value active
13376.0,2011-04-19,2011-09-01,2011-12-09,99,3,493,1019.76,339.92,2,High-value at risk
18142.0,2011-05-08,2011-07-05,2011-12-09,157,2,1276,1019.52,509.76,2,High-value at risk
12828.0,2011-08-01,2011-12-07,2011-12-09,2,6,494,1018.71,169.79,2,High-value active
14083.0,2010-12-03,2011-12-05,2011-12-09,4,9,732,1018.43,113.16,2,High-value active
12514.0,2011-03-17,2011-03-17,2011-12-09,267,1,440,1017.68,1017.68,2,One-time customer
13728.0,2011-02-02,2011-11-03,2011-12-09,36,6,458,1016.14,169.36,2,High-value active
13867.0,2011-05-05,2011-11-08,2011-12-09,31,3,513,1015.29,338.43,2,High-value active
12642.0,2011-08-24,2011-11-14,2011-12-09,25,3,552,1013.26,337.75,2,High-value active
12739.0,2011-09-01,2011-09-22,2011-12-09,78,2,486,1013.04,506.52,2,High-value active
17197.0,2011-11-10,2011-11-10,2011-12-09,29,1,191,1013.01,1013.01,2,One-time customer
14195.0,2011-04-01,2011-05-22,2011-12-09,201,2,760,1012.00,506.00,2,High-value at risk
14775.0,2010-12-02,2011-10-12,2011-12-09,58,3,1174,1011.90,337.30,2,High-value active
16229.0,2011-05-11,2011-09-13,2011-12-09,87,2,318,1010.60,505.30,2,High-value active
13032.0,2011-09-13,2011-10-18,2011-12-09,52,2,375,1010.18,505.09,2,High-value active
16572.0,2011-03-09,2011-08-04,2011-12-09,127,3,532,1009.60,336.53,2,High-value at risk
16174.0,2011-07-11,2011-08-05,2011-12-09,126,3,651,1009.55,336.52,2,High-value at risk
17951.0,2010-12-01,2011-10-31,2011-12-09,39,3,616,1008.54,336.18,2,High-value active
17646.0,2010-12-09,2011-05-04,2011-12-09,219,3,323,1008.39,336.13,2,High-value at risk
14631.0,2011-02-14,2011-10-20,2011-12-09,50,3,622,1006.98,335.66,2,High-value active
13429.0,2011-09-25,2011-11-29,2011-12-09,10,4,1390,1006.80,251.70,2,High-value active
17126.0,2010-12-12,2011-07-10,2011-12-09,152,5,792,1004.75,200.95,2,High-value at risk
14214.0,2011-03-07,2011-11-09,2011-12-09,30,5,751,1004.38,200.88,2,High-value active
13410.0,2011-02-21,2011-11-15,2011-12-09,24,5,518,1003.06,200.61,2,High-value active
12446.0,2011-10-13,2011-10-13,2011-12-09,57,1,351,1002.31,1002.31,2,One-time customer
12545.0,2011-03-25,2011-09-25,2011-12-09,75,2,523,1000.39,500.20,2,High-value active
15508.0,2011-04-18,2011-06-03,2011-12-09,189,6,440,1000.27,166.71,2,High-value at risk
18143.0,2011-07-21,2011-08-15,2011-12-09,116,2,570,1000.16,500.08,2,High-value at risk
12722.0,2011-07-12,2011-09-15,2011-12-09,85,4,566,997.63,249.41,2,Active repeat customer
14540.0,2011-02-03,2011-11-30,2011-12-09,9,3,421,996.26,332.09,2,Active repeat customer
15110.0,2011-01-25,2011-11-16,2011-12-09,23,4,246,996.10,249.03,2,Active repeat customer
17594.0,2011-03-30,2011-09-15,2011-12-09,85,2,550,993.18,496.59,2,Active repeat customer
16009.0,2011-07-03,2011-11-17,2011-12-09,22,4,378,992.71,248.18,2,Active repeat customer
13363.0,2011-10-27,2011-11-22,2011-12-09,17,2,710,992.50,496.25,2,Active repeat customer
14223.0,2011-03-20,2011-09-08,2011-12-09,92,3,585,991.13,330.38,2,At-risk repeat customer
16232.0,2011-05-08,2011-10-27,2011-12-09,43,4,550,990.88,247.72,2,Active repeat customer
17324.0,2010-12-08,2011-11-22,2011-12-09,17,4,844,990.23,247.56,2,Active repeat customer
15062.0,2010-12-15,2011-09-29,2011-12-09,71,4,763,987.86,246.97,2,Active repeat customer
18237.0,2011-07-28,2011-12-07,2011-12-09,2,5,622,987.10,197.42,2,Active repeat customer
16376.0,2011-11-22,2011-12-01,2011-12-09,8,2,694,987.01,493.51,2,Active repeat customer
13117.0,2010-12-02,2011-11-18,2011-12-09,21,8,945,984.91,123.11,2,Active repeat customer
17144.0,2011-09-16,2011-12-08,2011-12-09,1,2,483,984.57,492.29,2,Active repeat customer
12510.0,2011-01-18,2011-07-20,2011-12-09,142,2,353,982.57,491.29,2,At-risk repeat customer
15133.0,2011-02-11,2011-08-04,2011-12-09,127,3,680,982.42,327.47,2,At-risk repeat customer
14138.0,2011-10-07,2011-12-08,2011-12-09,1,2,610,982.38,491.19,2,Active repeat customer
15071.0,2011-03-09,2011-09-07,2011-12-09,93,2,269,982.07,491.04,2,At-risk repeat customer
16188.0,2011-04-11,2011-10-26,2011-12-09,44,4,782,981.86,245.47,2,Active repeat customer
16907.0,2010-12-09,2011-11-10,2011-12-09,29,5,298,981.65,196.33,2,Active repeat customer
16085.0,2011-01-23,2011-11-16,2011-12-09,23,5,636,981.51,196.30,2,Active repeat customer
12541.0,2011-03-04,2011-11-10,2011-12-09,29,3,680,981.18,327.06,2,Active repeat customer
18170.0,2011-05-06,2011-11-06,2011-12-09,33,3,409,980.31,326.77,2,Active repeat customer
13509.0,2011-02-28,2011-12-01,2011-12-09,8,7,1106,979.72,139.96,2,Active repeat customer
15506.0,2011-07-24,2011-11-17,2011-12-09,22,3,848,979.26,326.42,2,Active repeat customer
13350.0,2011-09-21,2011-11-23,2011-12-09,16,2,287,979.12,489.56,2,Active repeat customer
15132.0,2011-03-22,2011-11-21,2011-12-09,18,5,679,977.93,195.59,2,Active repeat customer
14920.0,2011-05-11,2011-05-11,2011-12-09,212,2,509,977.77,488.89,2,At-risk repeat customer
15860.0,2010-12-06,2011-10-30,2011-12-09,40,8,440,977.21,122.15,2,Active repeat customer
13026.0,2011-03-09,2011-12-08,2011-12-09,1,5,1620,975.36,195.07,2,Active repeat customer
14522.0,2011-05-25,2011-11-15,2011-12-09,24,4,525,974.54,243.64,2,Active repeat customer
15449.0,2011-03-23,2011-11-13,2011-12-09,26,3,812,974.52,324.84,2,Active repeat customer
12994.0,2011-03-16,2011-12-05,2011-12-09,4,3,459,974.42,324.81,2,Active repeat customer
15747.0,2011-06-20,2011-11-27,2011-12-09,12,3,480,974.04,324.68,2,Active repeat customer
18194.0,2011-09-18,2011-09-18,2011-12-09,82,1,632,973.84,973.84,2,One-time customer
16419.0,2011-02-01,2011-08-19,2011-12-09,112,6,436,972.23,162.04,2,At-risk repeat customer
13155.0,2010-12-06,2011-11-06,2011-12-09,33,4,497,971.76,242.94,2,Active repeat customer
17100.0,2011-11-21,2011-11-21,2011-12-09,18,2,800,971.74,485.87,2,Active repeat customer
17618.0,2010-12-12,2011-12-04,2011-12-09,5,3,331,971.58,323.86,2,Active repeat customer
14256.0,2010-12-10,2011-03-24,2011-12-09,260,2,414,969.06,484.53,2,At-risk repeat customer
15907.0,2011-05-13,2011-12-06,2011-12-09,3,3,509,967.45,322.48,2,Active repeat customer
15793.0,2011-03-16,2011-11-25,2011-12-09,14,3,553,965.61,321.87,2,Active repeat customer
12550.0,2011-09-21,2011-09-21,2011-12-09,79,1,569,964.83,964.83,2,One-time customer
13138.0,2010-12-02,2011-11-17,2011-12-09,22,6,473,962.39,160.40,2,Active repeat customer
14006.0,2011-01-31,2011-08-16,2011-12-09,115,3,641,962.19,320.73,2,At-risk repeat customer
15156.0,2011-11-06,2011-12-08,2011-12-09,1,3,597,961.49,320.50,2,Active repeat customer
14629.0,2011-10-23,2011-12-05,2011-12-09,4,2,380,959.01,479.51,2,Active repeat customer
18192.0,2011-09-29,2011-09-29,2011-12-09,71,1,339,957.97,957.97,2,One-time customer
13823.0,2011-09-09,2011-11-21,2011-12-09,18,2,439,957.66,478.83,2,Active repeat customer
12697.0,2011-06-23,2011-11-11,2011-12-09,28,3,508,957.59,319.20,2,Active repeat customer
15948.0,2011-10-27,2011-12-01,2011-12-09,8,2,567,955.24,477.62,2,Active repeat customer
17244.0,2011-10-17,2011-10-17,2011-12-09,53,1,616,954.90,954.90,2,One-time customer
17097.0,2010-12-09,2011-12-07,2011-12-09,2,8,459,954.42,119.30,2,Active repeat customer
15835.0,2011-01-13,2011-10-26,2011-12-09,44,4,439,954.09,238.52,2,Active repeat customer
16934.0,2011-10-16,2011-10-16,2011-12-09,54,2,399,950.93,475.47,2,Active repeat customer
15421.0,2011-02-02,2011-10-12,2011-12-09,58,4,500,950.36,237.59,2,Active repeat customer
16511.0,2011-03-18,2011-11-18,2011-12-09,21,3,417,950.26,316.75,2,Active repeat customer
13636.0,2011-02-27,2011-11-03,2011-12-09,36,5,592,949.12,189.82,2,Active repeat customer
12822.0,2011-09-13,2011-09-30,2011-12-09,70,2,550,948.88,474.44,2,Active repeat customer
17044.0,2011-11-14,2011-11-14,2011-12-09,25,1,504,948.48,948.48,2,One-time customer
13748.0,2010-12-01,2011-09-05,2011-12-09,95,5,439,948.25,189.65,2,At-risk repeat customer
15787.0,2011-10-09,2011-11-13,2011-12-09,26,3,540,948.05,316.02,2,Active repeat customer
12458.0,2011-02-28,2011-09-29,2011-12-09,71,2,506,947.40,473.70,2,Active repeat customer
15707.0,2011-09-14,2011-11-04,2011-12-09,35,4,605,945.58,236.40,2,Active repeat customer
17289.0,2011-06-12,2011-11-08,2011-12-09,31,3,520,944.41,314.80,2,Active repeat customer
13261.0,2011-02-27,2011-03-16,2011-12-09,268,2,210,944.10,472.05,2,At-risk repeat customer
12820.0,2011-01-17,2011-12-06,2011-12-09,3,4,722,942.34,235.59,2,Active repeat customer
14075.0,2011-03-23,2011-12-05,2011-12-09,4,3,754,942.26,314.09,2,Active repeat customer
15576.0,2011-11-02,2011-11-02,2011-12-09,37,1,404,940.67,940.67,3,One-time customer
15289.0,2011-04-04,2011-11-10,2011-12-09,29,3,1008,939.78,313.26,3,Active repeat customer
17527.0,2011-05-05,2011-10-17,2011-12-09,53,4,488,939.37,234.84,3,Active repeat customer
17227.0,2010-12-06,2011-11-21,2011-12-09,18,6,741,939.32,156.55,3,Active repeat customer
16584.0,2011-03-30,2011-09-20,2011-12-09,80,2,646,936.08,468.04,3,Active repeat customer
14140.0,2011-11-08,2011-12-06,2011-12-09,3,2,811,935.05,467.53,3,Active repeat customer
16027.0,2011-02-10,2011-09-09,2011-12-09,91,6,1147,934.62,155.77,3,At-risk repeat customer
14081.0,2010-12-05,2011-02-10,2011-12-09,302,2,596,934.52,467.26,3,At-risk repeat customer
12924.0,2011-01-16,2011-09-12,2011-12-09,88,4,481,933.70,233.43,3,Active repeat customer
16657.0,2011-03-30,2011-11-30,2011-12-09,9,4,1229,933.62,233.41,3,Active repeat customer
13655.0,2011-04-12,2011-08-17,2011-12-09,114,2,605,932.97,466.49,3,At-risk repeat customer
14532.0,2010-12-22,2011-04-17,2011-12-09,236,4,284,932.85,233.21,3,At-risk repeat customer
18133.0,2011-05-11,2011-05-11,2011-12-09,212,1,1350,931.50,931.50,3,One-time customer
17552.0,2010-12-02,2011-10-10,2011-12-09,60,4,719,930.41,232.60,3,Active repeat customer
14475.0,2011-02-08,2011-09-29,2011-12-09,71,3,447,925.85,308.62,3,Active repeat customer
14231.0,2011-02-24,2011-06-09,2011-12-09,183,3,409,925.71,308.57,3,At-risk repeat customer
17048.0,2011-01-12,2011-08-14,2011-12-09,117,3,485,925.35,308.45,3,At-risk repeat customer
15312.0,2010-12-20,2011-09-25,2011-12-09,75,4,516,924.85,231.21,3,Active repeat customer
13805.0,2011-08-02,2011-10-18,2011-12-09,52,2,1900,924.60,462.30,3,Active repeat customer
15654.0,2011-11-13,2011-11-30,2011-12-09,9,2,475,922.53,461.27,3,Active repeat customer
13122.0,2011-04-13,2011-09-06,2011-12-09,94,2,585,922.39,461.20,3,At-risk repeat customer
16551.0,2011-01-07,2011-09-05,2011-12-09,95,3,970,922.12,307.37,3,At-risk repeat customer
13934.0,2011-03-21,2011-03-21,2011-12-09,263,1,390,922.10,922.10,3,One-time customer
13035.0,2011-03-24,2011-09-27,2011-12-09,73,2,644,921.88,460.94,3,Active repeat customer
17323.0,2011-02-20,2011-11-24,2011-12-09,15,7,776,921.07,131.58,3,Active repeat customer
13984.0,2010-12-08,2011-11-13,2011-12-09,26,5,679,920.51,184.10,3,Active repeat customer
17018.0,2011-01-18,2011-10-30,2011-12-09,40,2,176,920.10,460.05,3,Active repeat customer
12652.0,2011-01-12,2011-01-12,2011-12-09,331,1,505,919.98,919.98,3,One-time customer
13075.0,2011-08-02,2011-08-02,2011-12-09,129,1,485,919.61,919.61,3,One-time customer
13549.0,2011-04-11,2011-11-14,2011-12-09,25,7,458,918.20,131.17,3,Active repeat customer
15253.0,2011-06-23,2011-11-23,2011-12-09,16,5,866,918.20,183.64,3,Active repeat customer
14015.0,2011-10-18,2011-10-18,2011-12-09,52,1,378,917.34,917.34,3,One-time customer
14712.0,2011-08-19,2011-11-10,2011-12-09,29,3,315,917.07,305.69,3,Active repeat customer
17236.0,2010-12-12,2011-11-27,2011-12-09,12,6,474,916.13,152.69,3,Active repeat customer
14141.0,2011-08-26,2011-12-07,2011-12-09,2,4,355,915.13,228.78,3,Active repeat customer
16216.0,2011-03-17,2011-03-17,2011-12-09,267,1,254,914.93,914.93,3,One-time customer
16809.0,2011-03-22,2011-11-16,2011-12-09,23,5,652,914.69,182.94,3,Active repeat customer
15587.0,2010-12-23,2011-10-20,2011-12-09,50,4,312,913.68,228.42,3,Active repeat customer
12940.0,2011-09-13,2011-10-16,2011-12-09,54,2,411,913.54,456.77,3,Active repeat customer
15364.0,2011-03-30,2011-09-05,2011-12-09,95,2,493,913.19,456.60,3,At-risk repeat customer
14359.0,2011-09-13,2011-11-20,2011-12-09,19,3,371,912.18,304.06,3,Active repeat customer
13782.0,2011-01-16,2011-11-27,2011-12-09,12,6,371,912.00,152.00,3,Active repeat customer
13192.0,2011-05-18,2011-09-05,2011-12-09,95,2,595,911.94,455.97,3,At-risk repeat customer
14289.0,2011-02-23,2011-12-01,2011-12-09,8,6,292,911.26,151.88,3,Active repeat customer
18096.0,2011-10-07,2011-11-28,2011-12-09,11,3,825,911.15,303.72,3,Active repeat customer
13689.0,2011-10-07,2011-10-07,2011-12-09,63,1,512,910.00,910.00,3,One-time customer
15511.0,2011-09-15,2011-11-28,2011-12-09,11,5,271,909.23,181.85,3,Active repeat customer
13038.0,2011-02-22,2011-09-20,2011-12-09,80,3,360,908.46,302.82,3,Active repeat customer
14449.0,2010-12-02,2011-11-21,2011-12-09,18,4,757,907.10,226.78,3,Active repeat customer
15480.0,2011-08-15,2011-08-15,2011-12-09,116,1,303,905.50,905.50,3,One-time customer
15022.0,2011-10-23,2011-11-28,2011-12-09,11,4,543,905.04,226.26,3,Active repeat customer
15807.0,2011-09-23,2011-10-20,2011-12-09,50,3,430,903.90,301.30,3,Active repeat customer
17566.0,2011-11-14,2011-12-01,2011-12-09,8,2,518,901.21,450.61,3,Active repeat customer
17848.0,2010-12-16,2011-09-19,2011-12-09,81,9,398,901.20,100.13,3,Active repeat customer
16716.0,2011-02-01,2011-03-18,2011-12-09,266,2,120,901.20,450.60,3,At-risk repeat customer
14625.0,2010-12-13,2011-05-27,2011-12-09,196,2,335,899.63,449.82,3,At-risk repeat customer
17886.0,2011-04-04,2011-11-08,2011-12-09,31,3,481,899.61,299.87,3,Active repeat customer
13662.0,2011-03-25,2011-09-15,2011-12-09,85,3,543,897.76,299.25,3,Active repeat customer
17537.0,2011-02-09,2011-11-10,2011-12-09,29,2,700,897.62,448.81,3,Active repeat customer
16361.0,2011-09-29,2011-11-30,2011-12-09,9,4,421,896.66,224.17,3,Active repeat customer
15079.0,2010-12-09,2011-05-11,2011-12-09,212,4,389,895.61,223.90,3,At-risk repeat customer
15865.0,2011-05-10,2011-10-30,2011-12-09,40,3,368,895.13,298.38,3,Active repeat customer
15211.0,2010-12-09,2011-10-10,2011-12-09,60,2,240,894.41,447.21,3,Active repeat customer
15066.0,2011-10-17,2011-10-17,2011-12-09,53,1,317,893.59,893.59,3,One-time customer
12772.0,2011-10-11,2011-10-11,2011-12-09,59,1,556,892.47,892.47,3,One-time customer
13515.0,2011-04-06,2011-09-28,2011-12-09,72,4,681,891.12,222.78,3,Active repeat customer
15255.0,2011-10-04,2011-10-04,2011-12-09,66,1,489,890.85,890.85,3,One-time customer
14240.0,2011-04-28,2011-11-09,2011-12-09,30,2,418,890.34,445.17,3,Active repeat customer
17027.0,2011-01-26,2011-09-22,2011-12-09,78,6,421,890.29,148.38,3,Active repeat customer
14344.0,2010-12-06,2011-08-04,2011-12-09,127,8,477,889.93,111.24,3,At-risk repeat customer
17007.0,2010-12-17,2011-10-20,2011-12-09,50,6,597,889.93,148.32,3,Active repeat customer
14623.0,2011-04-18,2011-11-07,2011-12-09,32,5,419,889.25,177.85,3,Active repeat customer
17829.0,2011-02-14,2011-02-14,2011-12-09,298,1,496,889.24,889.24,3,One-time customer
16347.0,2011-11-03,2011-11-28,2011-12-09,11,2,353,887.65,443.83,3,Active repeat customer
16900.0,2011-10-07,2011-11-23,2011-12-09,16,3,833,887.11,295.70,3,Active repeat customer
15822.0,2010-12-15,2011-12-06,2011-12-09,3,2,375,885.47,442.74,3,Active repeat customer
17704.0,2011-04-14,2011-06-24,2011-12-09,168,2,343,885.19,442.60,3,At-risk repeat customer
17109.0,2011-04-21,2011-11-10,2011-12-09,29,6,589,885.04,147.51,3,Active repeat customer
15799.0,2011-01-09,2011-09-25,2011-12-09,75,3,955,884.14,294.71,3,Active repeat customer
14597.0,2011-06-01,2011-11-28,2011-12-09,11,2,577,883.15,441.58,3,Active repeat customer
18236.0,2011-04-13,2011-11-10,2011-12-09,29,6,403,882.24,147.04,3,Active repeat customer
13037.0,2011-03-28,2011-07-24,2011-12-09,138,3,431,881.07,293.69,3,At-risk repeat customer
15076.0,2011-06-20,2011-06-20,2011-12-09,172,1,571,880.85,880.85,3,One-time customer
15653.0,2011-08-16,2011-09-08,2011-12-09,92,2,1200,877.44,438.72,3,At-risk repeat customer
14770.0,2011-01-20,2011-04-21,2011-12-09,232,2,490,876.42,438.21,3,At-risk repeat customer
15100.0,2010-12-01,2011-01-10,2011-12-09,333,3,80,876.00,292.00,3,At-risk repeat customer
13566.0,2011-09-18,2011-10-30,2011-12-09,40,2,575,874.71,437.36,3,Active repeat customer
16513.0,2011-10-27,2011-12-05,2011-12-09,4,4,407,874.59,218.65,3,Active repeat customer
13294.0,2011-04-04,2011-06-03,2011-12-09,189,2,453,873.74,436.87,3,At-risk repeat customer
12847.0,2011-11-17,2011-11-17,2011-12-09,22,1,909,871.54,871.54,3,One-time customer
15208.0,2010-12-21,2011-12-08,2011-12-09,1,5,316,870.12,174.02,3,Active repeat customer
13200.0,2011-08-05,2011-11-20,2011-12-09,19,4,516,870.09,217.52,3,Active repeat customer
13979.0,2011-09-27,2011-09-27,2011-12-09,73,1,639,869.87,869.87,3,One-time customer
12694.0,2011-06-09,2011-09-30,2011-12-09,70,2,509,869.67,434.84,3,Active repeat customer
13203.0,2011-04-11,2011-11-30,2011-12-09,9,4,800,869.46,217.37,3,Active repeat customer
17649.0,2011-07-24,2011-07-24,2011-12-09,138,1,399,868.49,868.49,3,One-time customer
14912.0,2011-04-07,2011-11-23,2011-12-09,16,2,971,867.85,433.93,3,Active repeat customer
14715.0,2011-01-12,2011-11-15,2011-12-09,24,4,521,867.38,216.85,3,Active repeat customer
16235.0,2011-01-11,2011-10-30,2011-12-09,40,5,330,867.31,173.46,3,Active repeat customer
16121.0,2011-05-08,2011-10-13,2011-12-09,57,2,586,867.11,433.56,3,Active repeat customer
14332.0,2011-07-15,2011-11-17,2011-12-09,22,3,481,866.31,288.77,3,Active repeat customer
16567.0,2011-01-07,2011-05-29,2011-12-09,194,2,996,865.60,432.80,3,At-risk repeat customer
13846.0,2010-12-14,2011-11-15,2011-12-09,24,3,388,865.06,288.35,3,Active repeat customer
16221.0,2010-12-07,2011-11-03,2011-12-09,36,3,717,864.86,288.29,3,Active repeat customer
12680.0,2011-08-18,2011-12-09,2011-12-09,0,4,443,862.81,215.70,3,Active repeat customer
16266.0,2011-05-17,2011-09-27,2011-12-09,73,7,398,861.89,123.13,3,Active repeat customer
12794.0,2011-09-02,2011-10-17,2011-12-09,53,2,592,860.41,430.21,3,Active repeat customer
13339.0,2011-05-23,2011-05-23,2011-12-09,200,1,326,860.12,860.12,3,One-time customer
14577.0,2010-12-12,2011-11-27,2011-12-09,12,4,353,859.71,214.93,3,Active repeat customer
17064.0,2011-01-16,2011-10-12,2011-12-09,58,3,318,859.35,286.45,3,Active repeat customer
14553.0,2011-01-04,2011-11-20,2011-12-09,19,5,493,859.27,171.85,3,Active repeat customer
16163.0,2010-12-09,2011-04-21,2011-12-09,232,2,192,856.60,428.30,3,At-risk repeat customer
13991.0,2011-07-19,2011-11-27,2011-12-09,12,6,998,855.97,142.66,3,Active repeat customer
12693.0,2011-01-24,2011-08-04,2011-12-09,127,4,255,855.91,213.98,3,At-risk repeat customer
16037.0,2010-12-16,2011-03-15,2011-12-09,269,3,428,855.02,285.01,3,At-risk repeat customer
12878.0,2011-03-18,2011-04-17,2011-12-09,236,2,547,854.99,427.50,3,At-risk repeat customer
17560.0,2011-02-02,2011-09-06,2011-12-09,94,4,635,854.95,213.74,3,At-risk repeat customer
16877.0,2011-05-15,2011-11-27,2011-12-09,12,6,463,853.72,142.29,3,Active repeat customer
14193.0,2011-03-15,2011-10-03,2011-12-09,67,2,445,853.39,426.70,3,Active repeat customer
12379.0,2011-06-22,2011-09-19,2011-12-09,81,2,407,852.24,426.12,3,Active repeat customer
16070.0,2011-11-07,2011-11-17,2011-12-09,22,2,457,852.15,426.08,3,Active repeat customer
16020.0,2011-10-05,2011-11-23,2011-12-09,16,3,487,851.01,283.67,3,Active repeat customer
12713.0,2011-12-09,2011-12-09,2011-12-09,0,1,508,848.55,848.55,3,One-time customer
14657.0,2011-01-17,2011-11-22,2011-12-09,17,4,466,848.22,212.06,3,Active repeat customer
13221.0,2010-12-15,2011-04-13,2011-12-09,240,2,244,847.41,423.71,3,At-risk repeat customer
16924.0,2011-09-16,2011-11-18,2011-12-09,21,3,493,846.75,282.25,3,Active repeat customer
16222.0,2011-01-25,2011-01-25,2011-12-09,318,1,365,846.72,846.72,3,One-time customer
15965.0,2010-12-07,2011-11-22,2011-12-09,17,4,453,845.64,211.41,3,Active repeat customer
14803.0,2011-02-20,2011-06-30,2011-12-09,162,3,370,845.55,281.85,3,At-risk repeat customer
17624.0,2011-05-05,2011-11-25,2011-12-09,14,2,554,843.48,421.74,3,Active repeat customer
15164.0,2011-01-04,2011-10-02,2011-12-09,68,3,360,843.05,281.02,3,Active repeat customer
17929.0,2011-02-04,2011-11-28,2011-12-09,11,4,108,843.00,210.75,3,Active repeat customer
13929.0,2011-01-17,2011-06-23,2011-12-09,169,2,143,842.65,421.33,3,At-risk repeat customer
16108.0,2011-09-16,2011-09-16,2011-12-09,84,1,615,842.50,842.50,3,One-time customer
16560.0,2010-12-16,2011-11-13,2011-12-09,26,2,500,841.41,420.71,3,Active repeat customer
14862.0,2011-07-14,2011-11-14,2011-12-09,25,2,772,841.20,420.60,3,Active repeat customer
17076.0,2010-12-10,2011-11-03,2011-12-09,36,3,295,841.08,280.36,3,Active repeat customer
13940.0,2011-07-18,2011-11-22,2011-12-09,17,4,516,839.14,209.79,3,Active repeat customer
17115.0,2011-04-20,2011-12-01,2011-12-09,8,3,372,837.50,279.17,3,Active repeat customer
16554.0,2011-01-12,2011-10-28,2011-12-09,42,3,402,837.10,279.03,3,Active repeat customer
15832.0,2011-03-30,2011-03-30,2011-12-09,254,1,465,836.79,836.79,3,One-time customer
12728.0,2011-01-11,2011-09-29,2011-12-09,71,4,419,836.33,209.08,3,Active repeat customer
16747.0,2011-10-03,2011-11-02,2011-12-09,37,2,583,836.06,418.03,3,Active repeat customer
17169.0,2011-06-09,2011-10-13,2011-12-09,57,2,526,835.78,417.89,3,Active repeat customer
17759.0,2011-06-23,2011-11-22,2011-12-09,17,3,708,834.99,278.33,3,Active repeat customer
13835.0,2011-05-08,2011-11-14,2011-12-09,25,4,442,834.57,208.64,3,Active repeat customer
17075.0,2011-01-26,2011-11-22,2011-12-09,17,4,292,834.12,208.53,3,Active repeat customer
16644.0,2011-05-11,2011-06-15,2011-12-09,177,2,826,833.78,416.89,3,At-risk repeat customer
15862.0,2010-12-01,2011-12-01,2011-12-09,8,4,585,832.88,208.22,3,Active repeat customer
14644.0,2011-02-14,2011-10-03,2011-12-09,67,2,258,830.76,415.38,3,Active repeat customer
13681.0,2011-07-07,2011-11-22,2011-12-09,17,4,360,827.83,206.96,3,Active repeat customer
12461.0,2011-07-08,2011-09-06,2011-12-09,94,2,287,826.88,413.44,3,At-risk repeat customer
12781.0,2011-02-28,2011-10-07,2011-12-09,63,2,671,826.74,413.37,3,Active repeat customer
16494.0,2011-02-16,2011-02-16,2011-12-09,296,1,675,826.53,826.53,3,One-time customer
17921.0,2011-03-18,2011-10-06,2011-12-09,64,4,430,826.52,206.63,3,Active repeat customer
15525.0,2010-12-01,2011-12-07,2011-12-09,2,3,416,825.92,275.31,3,Active repeat customer
12427.0,2010-12-03,2011-11-18,2011-12-09,21,3,533,825.80,275.27,3,Active repeat customer
16869.0,2011-06-17,2011-11-17,2011-12-09,22,4,585,825.42,206.36,3,Active repeat customer
16284.0,2011-10-20,2011-11-08,2011-12-09,31,2,544,823.97,411.99,3,Active repeat customer
16164.0,2011-10-28,2011-11-22,2011-12-09,17,3,433,822.48,274.16,3,Active repeat customer
12778.0,2011-01-31,2011-11-20,2011-12-09,19,6,825,822.23,137.04,3,Active repeat customer
13893.0,2011-02-15,2011-02-15,2011-12-09,297,1,190,821.10,821.10,3,One-time customer
13220.0,2011-04-17,2011-09-22,2011-12-09,78,4,196,819.29,204.82,3,Active repeat customer
17764.0,2011-05-12,2011-10-20,2011-12-09,50,2,395,818.82,409.41,3,Active repeat customer
16092.0,2011-03-30,2011-08-17,2011-12-09,114,3,628,817.86,272.62,3,At-risk repeat customer
16943.0,2011-01-25,2011-05-12,2011-12-09,211,3,145,816.73,272.24,3,At-risk repeat customer
15649.0,2010-12-07,2011-01-07,2011-12-09,336,2,192,816.00,408.00,3,At-risk repeat customer
15399.0,2011-09-21,2011-12-08,2011-12-09,1,3,611,815.77,271.92,3,Active repeat customer
14499.0,2011-03-06,2011-11-13,2011-12-09,26,3,501,815.32,271.77,3,Active repeat customer
13280.0,2011-01-06,2011-08-09,2011-12-09,122,3,522,814.86,271.62,3,At-risk repeat customer
16460.0,2011-09-19,2011-11-11,2011-12-09,28,3,879,814.72,271.57,3,Active repeat customer
13811.0,2011-04-14,2011-06-09,2011-12-09,183,3,68,814.50,271.50,3,At-risk repeat customer
18064.0,2011-04-18,2011-07-29,2011-12-09,133,2,384,814.00,407.00,3,At-risk repeat customer
16600.0,2011-01-05,2011-12-05,2011-12-09,4,6,1145,813.52,135.59,3,Active repeat customer
16621.0,2011-03-07,2011-10-19,2011-12-09,51,4,302,813.48,203.37,3,Active repeat customer
14421.0,2011-05-12,2011-10-13,2011-12-09,57,2,365,813.11,406.56,3,Active repeat customer
15644.0,2011-03-23,2011-06-26,2011-12-09,166,4,557,813.00,203.25,3,At-risk repeat customer
17980.0,2010-12-15,2011-06-27,2011-12-09,165,3,682,811.45,270.48,3,At-risk repeat customer
16276.0,2011-06-16,2011-06-16,2011-12-09,176,1,420,810.60,810.60,3,One-time customer
16624.0,2011-05-26,2011-09-20,2011-12-09,80,2,488,810.57,405.29,3,Active repeat customer
13637.0,2011-04-27,2011-10-18,2011-12-09,52,3,409,810.50,270.17,3,Active repeat customer
16891.0,2010-12-03,2011-12-08,2011-12-09,1,5,283,809.70,161.94,3,Active repeat customer
17114.0,2011-01-09,2011-12-04,2011-12-09,5,8,219,808.62,101.08,3,Active repeat customer
15533.0,2011-09-11,2011-11-20,2011-12-09,19,3,289,807.57,269.19,3,Active repeat customer
12421.0,2011-01-24,2011-11-24,2011-12-09,15,4,484,807.04,201.76,3,Active repeat customer
15952.0,2011-04-28,2011-11-06,2011-12-09,33,4,399,806.57,201.64,3,Active repeat customer
13707.0,2011-01-28,2011-03-17,2011-12-09,267,2,351,806.41,403.21,3,At-risk repeat customer
12434.0,2011-03-24,2011-09-16,2011-12-09,84,2,394,806.14,403.07,3,Active repeat customer
16367.0,2010-12-12,2011-11-02,2011-12-09,37,2,647,804.49,402.25,3,Active repeat customer
18248.0,2011-06-06,2011-08-09,2011-12-09,122,2,511,804.02,402.01,3,At-risk repeat customer
12422.0,2011-01-19,2011-09-05,2011-12-09,95,3,370,803.56,267.85,3,At-risk repeat customer
15831.0,2011-01-19,2011-10-12,2011-12-09,58,3,1105,801.76,267.25,3,Active repeat customer
18265.0,2011-07-04,2011-09-28,2011-12-09,72,2,311,801.51,400.76,3,Active repeat customer
16806.0,2011-04-14,2011-08-28,2011-12-09,103,4,378,801.49,200.37,3,At-risk repeat customer
15561.0,2011-05-08,2011-11-28,2011-12-09,11,4,267,800.59,200.15,3,Active repeat customer
17905.0,2010-12-01,2011-09-29,2011-12-09,71,4,407,800.24,200.06,3,Active repeat customer
13720.0,2011-03-30,2011-08-15,2011-12-09,116,4,501,799.90,199.98,3,At-risk repeat customer
13030.0,2010-12-06,2011-11-28,2011-12-09,11,2,394,799.48,399.74,3,Active repeat customer
17703.0,2011-07-24,2011-11-04,2011-12-09,35,3,590,798.74,266.25,3,Active repeat customer
16438.0,2011-09-18,2011-12-04,2011-12-09,5,5,463,798.35,159.67,3,Active repeat customer
13389.0,2011-04-21,2011-11-28,2011-12-09,11,3,429,797.96,265.99,3,Active repeat customer
12701.0,2011-04-11,2011-09-21,2011-12-09,79,2,678,797.71,398.86,3,Active repeat customer
17180.0,2011-01-27,2011-10-14,2011-12-09,56,4,683,796.03,199.01,3,Active repeat customer
13336.0,2011-09-23,2011-09-23,2011-12-09,77,1,559,795.12,795.12,3,One-time customer
15990.0,2011-02-25,2011-10-26,2011-12-09,44,2,443,792.11,396.06,3,Active repeat customer
13167.0,2011-07-19,2011-11-21,2011-12-09,18,4,785,791.33,197.83,3,Active repeat customer
14976.0,2011-01-17,2011-10-13,2011-12-09,57,7,234,790.86,112.98,3,Active repeat customer
13016.0,2011-08-08,2011-09-27,2011-12-09,73,3,527,789.89,263.30,3,Active repeat customer
16759.0,2011-11-09,2011-12-02,2011-12-09,7,3,609,789.79,263.26,3,Active repeat customer
13329.0,2010-12-08,2011-11-08,2011-12-09,31,2,463,789.00,394.50,3,Active repeat customer
14557.0,2011-09-15,2011-09-15,2011-12-09,85,1,510,788.38,788.38,3,One-time customer
13212.0,2011-10-09,2011-11-20,2011-12-09,19,3,310,788.08,262.69,3,Active repeat customer
13323.0,2011-09-16,2011-12-06,2011-12-09,3,5,175,787.85,157.57,3,Active repeat customer
13884.0,2011-03-01,2011-12-02,2011-12-09,7,5,300,787.60,157.52,3,Active repeat customer
16546.0,2010-12-02,2011-02-22,2011-12-09,290,2,549,787.15,393.58,3,At-risk repeat customer
13109.0,2011-07-05,2011-10-11,2011-12-09,59,2,520,786.54,393.27,3,Active repeat customer
12628.0,2011-10-06,2011-12-05,2011-12-09,4,3,448,786.46,262.15,3,Active repeat customer
15806.0,2011-03-08,2011-10-24,2011-12-09,46,3,602,784.58,261.53,3,Active repeat customer
15743.0,2011-06-08,2011-11-23,2011-12-09,16,4,216,784.46,196.12,3,Active repeat customer
18136.0,2011-01-24,2011-10-07,2011-12-09,63,3,379,784.33,261.44,3,Active repeat customer
17387.0,2011-11-06,2011-11-20,2011-12-09,19,2,542,784.11,392.06,3,Active repeat customer
16054.0,2011-07-17,2011-07-17,2011-12-09,145,1,380,783.90,783.90,3,One-time customer
17006.0,2011-09-25,2011-12-05,2011-12-09,4,4,272,781.78,195.45,3,Active repeat customer
17341.0,2010-12-08,2011-07-06,2011-12-09,156,3,489,781.36,260.45,3,At-risk repeat customer
15679.0,2011-06-10,2011-11-15,2011-12-09,24,4,1170,781.28,195.32,3,Active repeat customer
13583.0,2011-07-07,2011-07-07,2011-12-09,155,1,725,781.03,781.03,3,One-time customer
16725.0,2010-12-03,2011-02-10,2011-12-09,302,7,294,781.02,111.57,3,At-risk repeat customer
15239.0,2011-09-22,2011-11-29,2011-12-09,10,2,594,780.59,390.30,3,Active repeat customer
17797.0,2011-06-10,2011-11-17,2011-12-09,22,3,498,780.43,260.14,3,Active repeat customer
18228.0,2011-09-21,2011-10-14,2011-12-09,56,2,238,779.90,389.95,3,Active repeat customer
12735.0,2011-01-06,2011-01-28,2011-12-09,315,2,368,779.57,389.79,3,At-risk repeat customer
17411.0,2011-03-23,2011-11-27,2011-12-09,12,3,306,778.94,259.65,3,Active repeat customer
13375.0,2011-09-12,2011-09-12,2011-12-09,88,1,442,778.65,778.65,3,One-time customer
14815.0,2011-10-03,2011-11-03,2011-12-09,36,2,744,778.50,389.25,3,Active repeat customer
17414.0,2011-06-08,2011-10-27,2011-12-09,43,2,2100,778.00,389.00,3,Active repeat customer
16505.0,2011-11-08,2011-11-08,2011-12-09,31,1,576,777.60,777.60,3,One-time customer
13563.0,2011-07-22,2011-09-16,2011-12-09,84,2,209,777.53,388.77,3,Active repeat customer
12425.0,2011-09-22,2011-09-22,2011-12-09,78,1,496,777.20,777.20,3,One-time customer
15353.0,2010-12-07,2011-03-30,2011-12-09,254,2,343,777.02,388.51,3,At-risk repeat customer
15618.0,2011-07-26,2011-11-07,2011-12-09,32,4,453,776.85,194.21,3,Active repeat customer
13314.0,2011-09-27,2011-12-08,2011-12-09,1,3,560,775.94,258.65,3,Active repeat customer
13341.0,2011-03-24,2011-03-24,2011-12-09,260,1,301,775.85,775.85,3,One-time customer
14234.0,2011-10-13,2011-11-17,2011-12-09,22,4,963,775.46,193.87,3,Active repeat customer
16825.0,2011-06-07,2011-11-01,2011-12-09,38,2,566,775.18,387.59,3,Active repeat customer
15414.0,2011-04-11,2011-11-30,2011-12-09,9,3,443,774.90,258.30,3,Active repeat customer
16043.0,2011-01-26,2011-11-02,2011-12-09,37,4,503,773.99,193.50,3,Active repeat customer
15075.0,2011-09-23,2011-09-23,2011-12-09,77,1,447,773.03,773.03,3,One-time customer
12965.0,2011-09-11,2011-09-11,2011-12-09,89,1,283,771.91,771.91,3,One-time customer
17409.0,2011-04-05,2011-06-08,2011-12-09,184,2,105,771.85,385.93,3,At-risk repeat customer
14662.0,2011-01-27,2011-11-11,2011-12-09,28,4,602,771.17,192.79,3,Active repeat customer
16770.0,2010-12-02,2011-10-13,2011-12-09,57,5,464,770.10,154.02,3,Active repeat customer
14412.0,2011-09-28,2011-10-28,2011-12-09,42,2,786,770.03,385.02,3,Active repeat customer
16480.0,2011-09-25,2011-09-25,2011-12-09,75,1,455,769.29,769.29,3,One-time customer
13356.0,2011-09-20,2011-09-20,2011-12-09,80,1,325,768.24,768.24,3,One-time customer
17516.0,2011-02-27,2011-11-24,2011-12-09,15,5,416,768.08,153.62,3,Active repeat customer
14550.0,2011-10-26,2011-11-29,2011-12-09,10,2,394,765.62,382.81,3,Active repeat customer
14672.0,2011-01-07,2011-04-19,2011-12-09,234,2,454,765.55,382.78,3,At-risk repeat customer
17695.0,2011-06-21,2011-07-31,2011-12-09,131,2,779,765.34,382.67,3,At-risk repeat customer
14885.0,2011-07-31,2011-07-31,2011-12-09,131,1,724,765.32,765.32,3,One-time customer
17268.0,2011-04-08,2011-08-24,2011-12-09,107,4,844,763.64,190.91,3,At-risk repeat customer
17466.0,2011-09-22,2011-11-29,2011-12-09,10,2,306,763.28,381.64,3,Active repeat customer
16470.0,2010-12-16,2011-10-19,2011-12-09,51,4,531,762.39,190.60,3,Active repeat customer
15599.0,2011-05-19,2011-11-13,2011-12-09,26,2,718,761.74,380.87,3,Active repeat customer
14883.0,2011-05-12,2011-11-21,2011-12-09,18,6,790,761.59,126.93,3,Active repeat customer
16205.0,2011-06-13,2011-11-09,2011-12-09,30,4,517,761.38,190.35,3,Active repeat customer
17425.0,2011-10-10,2011-11-20,2011-12-09,19,2,407,759.17,379.59,3,Active repeat customer
16036.0,2011-03-21,2011-09-13,2011-12-09,87,2,716,758.92,379.46,3,Active repeat customer
15568.0,2011-09-27,2011-12-07,2011-12-09,2,3,461,758.29,252.76,3,Active repeat customer
12413.0,2011-01-06,2011-10-04,2011-12-09,66,3,286,758.10,252.70,3,Active repeat customer
17979.0,2011-03-25,2011-11-04,2011-12-09,35,4,397,757.71,189.43,3,Active repeat customer
17461.0,2011-11-10,2011-11-17,2011-12-09,22,3,799,757.46,252.49,3,Active repeat customer
15223.0,2011-04-04,2011-04-28,2011-12-09,225,2,213,755.75,377.88,3,At-risk repeat customer
13370.0,2010-12-03,2010-12-03,2011-12-09,371,1,343,754.87,754.87,3,One-time customer
18104.0,2011-11-02,2011-11-02,2011-12-09,37,1,362,754.64,754.64,3,One-time customer
13730.0,2011-07-01,2011-07-27,2011-12-09,135,2,488,752.60,376.30,3,At-risk repeat customer
16256.0,2011-03-18,2011-03-18,2011-12-09,266,1,581,752.43,752.43,3,One-time customer
12908.0,2011-01-31,2011-06-16,2011-12-09,176,2,1200,750.00,375.00,3,At-risk repeat customer
17146.0,2010-12-16,2011-08-26,2011-12-09,105,3,212,749.78,249.93,3,At-risk repeat customer
14923.0,2011-10-20,2011-10-20,2011-12-09,50,1,418,749.10,749.10,3,One-time customer
15074.0,2011-08-26,2011-08-26,2011-12-09,105,1,455,748.87,748.87,3,One-time customer
15656.0,2011-02-28,2011-10-25,2011-12-09,45,4,343,748.50,187.13,3,Active repeat customer
16859.0,2011-03-23,2011-07-18,2011-12-09,144,2,827,747.81,373.91,3,At-risk repeat customer
13623.0,2011-02-15,2011-11-09,2011-12-09,30,5,294,747.78,149.56,3,Active repeat customer
14201.0,2010-12-15,2011-10-10,2011-12-09,60,7,590,747.44,106.78,3,Active repeat customer
16261.0,2011-04-07,2011-11-22,2011-12-09,17,4,306,746.83,186.71,3,Active repeat customer
14050.0,2011-08-25,2011-11-08,2011-12-09,31,2,689,746.36,373.18,3,Active repeat customer
17034.0,2011-02-25,2011-11-23,2011-12-09,16,3,410,745.52,248.51,3,Active repeat customer
14790.0,2011-03-31,2011-11-23,2011-12-09,16,4,699,745.06,186.27,3,Active repeat customer
13950.0,2011-04-07,2011-11-28,2011-12-09,11,4,323,745.06,186.27,3,Active repeat customer
13236.0,2011-08-25,2011-11-15,2011-12-09,24,2,416,744.85,372.43,3,Active repeat customer
13354.0,2011-09-29,2011-09-29,2011-12-09,71,1,604,743.53,743.53,3,One-time customer
16730.0,2011-01-24,2011-10-18,2011-12-09,52,3,994,743.11,247.70,3,Active repeat customer
12374.0,2011-11-14,2011-11-14,2011-12-09,25,1,342,742.93,742.93,3,One-time customer
12465.0,2011-06-23,2011-11-22,2011-12-09,17,2,479,742.19,371.10,3,Active repeat customer
13753.0,2011-02-25,2011-02-25,2011-12-09,287,1,512,741.26,741.26,3,One-time customer
13900.0,2011-03-22,2011-06-09,2011-12-09,183,3,430,740.95,246.98,3,At-risk repeat customer
17692.0,2010-12-15,2011-08-04,2011-12-09,127,4,672,740.94,185.24,3,At-risk repeat customer
17974.0,2011-05-04,2011-11-15,2011-12-09,24,3,519,740.79,246.93,3,Active repeat customer
15252.0,2011-06-09,2011-11-03,2011-12-09,36,2,522,740.78,370.39,3,Active repeat customer
12603.0,2011-11-18,2011-11-18,2011-12-09,21,1,63,739.20,739.20,3,One-time customer
14756.0,2011-11-24,2011-11-24,2011-12-09,15,1,416,738.96,738.96,3,One-time customer
12976.0,2011-05-12,2011-05-12,2011-12-09,211,1,561,738.60,738.60,3,One-time customer
15045.0,2011-03-27,2011-07-11,2011-12-09,151,2,114,735.66,367.83,3,At-risk repeat customer
15215.0,2011-09-04,2011-10-24,2011-12-09,46,3,225,734.94,244.98,3,Active repeat customer
18156.0,2010-12-05,2011-11-27,2011-12-09,12,2,301,734.94,367.47,3,Active repeat customer
16362.0,2011-09-09,2011-11-07,2011-12-09,32,5,351,734.77,146.95,3,Active repeat customer
16146.0,2011-04-21,2011-07-05,2011-12-09,157,3,427,734.13,244.71,3,At-risk repeat customer
17812.0,2010-12-06,2011-11-27,2011-12-09,12,4,350,732.16,183.04,3,Active repeat customer
13575.0,2011-06-16,2011-11-16,2011-12-09,23,5,449,732.07,146.41,3,Active repeat customer
16099.0,2011-04-28,2011-10-20,2011-12-09,50,3,434,731.90,243.97,3,Active repeat customer
13736.0,2011-03-24,2011-12-04,2011-12-09,5,2,497,731.90,365.95,3,Active repeat customer
16491.0,2011-10-24,2011-10-24,2011-12-09,46,1,478,731.50,731.50,3,One-time customer
14778.0,2011-02-04,2011-08-04,2011-12-09,127,2,306,730.86,365.43,3,At-risk repeat customer
18035.0,2011-10-27,2011-11-04,2011-12-09,35,3,611,730.40,243.47,3,Active repeat customer
12468.0,2011-01-27,2011-06-05,2011-12-09,187,2,366,729.54,364.77,3,At-risk repeat customer
13077.0,2010-12-08,2011-12-08,2011-12-09,1,4,863,729.27,182.32,3,Active repeat customer
17666.0,2011-10-05,2011-12-06,2011-12-09,3,2,596,728.16,364.08,3,Active repeat customer
17888.0,2010-12-17,2011-11-18,2011-12-09,21,8,980,726.05,90.76,3,Active repeat customer
14869.0,2011-08-28,2011-12-01,2011-12-09,8,2,550,725.70,362.85,3,Active repeat customer
14055.0,2011-08-25,2011-08-25,2011-12-09,106,1,216,725.64,725.64,3,One-time customer
16140.0,2010-12-03,2011-10-05,2011-12-09,65,2,730,725.18,362.59,3,Active repeat customer
15584.0,2011-06-30,2011-11-16,2011-12-09,23,4,314,725.11,181.28,3,Active repeat customer
12723.0,2011-10-05,2011-12-06,2011-12-09,3,5,434,725.07,145.01,3,Active repeat customer
15636.0,2011-03-02,2011-09-11,2011-12-09,89,2,284,724.76,362.38,3,Active repeat customer
12475.0,2011-10-17,2011-10-17,2011-12-09,53,1,535,723.38,723.38,3,One-time customer
17521.0,2011-05-24,2011-11-10,2011-12-09,29,3,519,723.21,241.07,3,Active repeat customer
15272.0,2011-09-14,2011-10-13,2011-12-09,57,2,310,721.94,360.97,3,Active repeat customer
18062.0,2011-01-06,2011-06-19,2011-12-09,173,3,396,720.52,240.17,3,At-risk repeat customer
16023.0,2011-03-18,2011-10-24,2011-12-09,46,3,358,719.81,239.94,3,Active repeat customer
14179.0,2011-10-18,2011-10-30,2011-12-09,40,2,330,719.78,359.89,3,Active repeat customer
14725.0,2011-11-15,2011-11-15,2011-12-09,24,1,593,718.08,718.08,3,One-time customer
17884.0,2010-12-03,2011-12-06,2011-12-09,3,4,854,717.45,179.36,3,Active repeat customer
15274.0,2011-11-21,2011-12-05,2011-12-09,4,2,619,716.57,358.29,3,Active repeat customer
12535.0,2011-06-06,2011-09-09,2011-12-09,91,2,219,716.35,358.18,3,At-risk repeat customer
15400.0,2011-03-06,2011-09-08,2011-12-09,92,5,390,716.20,143.24,3,At-risk repeat customer
17029.0,2011-04-17,2011-08-21,2011-12-09,110,2,400,716.00,358.00,3,At-risk repeat customer
15330.0,2011-10-10,2011-11-07,2011-12-09,32,2,1312,714.96,357.48,3,Active repeat customer
15757.0,2011-05-06,2011-10-05,2011-12-09,65,2,491,714.42,357.21,3,Active repeat customer
12616.0,2011-02-15,2011-09-05,2011-12-09,95,2,284,713.30,356.65,3,At-risk repeat customer
13169.0,2011-04-01,2011-10-07,2011-12-09,63,2,272,712.88,356.44,3,Active repeat customer
13147.0,2011-09-01,2011-11-29,2011-12-09,10,4,144,712.80,178.20,3,Active repeat customer
17761.0,2011-11-07,2011-11-07,2011-12-09,32,1,398,712.78,712.78,3,One-time customer
13416.0,2011-09-19,2011-10-27,2011-12-09,43,2,142,712.50,356.25,3,Active repeat customer
13587.0,2011-10-07,2011-10-07,2011-12-09,63,1,180,712.40,712.40,3,One-time customer
17642.0,2011-06-16,2011-08-12,2011-12-09,119,2,474,712.29,356.15,3,At-risk repeat customer
15855.0,2011-03-21,2011-07-26,2011-12-09,136,5,470,712.24,142.45,3,At-risk repeat customer
13705.0,2010-12-01,2011-12-02,2011-12-09,7,3,363,711.86,237.29,3,Active repeat customer
17179.0,2010-12-13,2011-06-14,2011-12-09,178,3,290,711.79,237.26,3,At-risk repeat customer
13249.0,2011-03-23,2011-09-08,2011-12-09,92,3,546,711.41,237.14,3,At-risk repeat customer
17472.0,2011-02-13,2011-06-01,2011-12-09,191,3,462,710.29,236.76,3,At-risk repeat customer
14867.0,2011-01-07,2011-06-07,2011-12-09,185,3,328,710.28,236.76,3,At-risk repeat customer
14127.0,2011-02-02,2011-08-09,2011-12-09,122,3,321,709.71,236.57,3,At-risk repeat customer
16136.0,2011-03-07,2011-10-11,2011-12-09,59,3,440,709.38,236.46,3,Active repeat customer
15951.0,2011-02-27,2011-12-01,2011-12-09,8,2,313,708.22,354.11,3,Active repeat customer
16449.0,2011-03-04,2011-05-26,2011-12-09,197,2,367,707.69,353.85,3,At-risk repeat customer
12453.0,2011-07-28,2011-07-28,2011-12-09,134,1,473,707.09,707.09,3,One-time customer
16364.0,2011-07-25,2011-11-28,2011-12-09,11,2,280,707.04,353.52,3,Active repeat customer
16309.0,2011-04-13,2011-08-25,2011-12-09,106,2,467,706.57,353.29,3,At-risk repeat customer
14880.0,2011-02-24,2011-09-23,2011-12-09,77,3,373,706.19,235.40,3,Active repeat customer
14126.0,2011-11-29,2011-12-02,2011-12-09,7,3,508,706.13,235.38,3,Active repeat customer
15038.0,2010-12-05,2011-10-12,2011-12-09,58,6,217,705.49,117.58,3,Active repeat customer
16015.0,2011-10-21,2011-12-06,2011-12-09,3,3,909,705.39,235.13,3,Active repeat customer
16882.0,2011-01-26,2011-10-04,2011-12-09,66,3,424,705.12,235.04,3,Active repeat customer
17934.0,2011-10-12,2011-10-19,2011-12-09,51,2,478,704.25,352.13,3,Active repeat customer
12612.0,2011-09-26,2011-09-26,2011-12-09,74,1,262,704.04,704.04,3,One-time customer
12883.0,2011-09-11,2011-11-15,2011-12-09,24,4,196,703.47,175.87,3,Active repeat customer
18082.0,2011-11-14,2011-11-14,2011-12-09,25,1,621,703.37,703.37,3,One-time customer
15103.0,2011-09-14,2011-11-08,2011-12-09,31,2,329,703.36,351.68,3,Active repeat customer
15574.0,2010-12-02,2011-06-15,2011-12-09,177,4,349,702.25,175.56,3,At-risk repeat customer
16997.0,2011-01-18,2011-02-24,2011-12-09,288,3,360,702.00,234.00,3,At-risk repeat customer
14198.0,2011-04-14,2011-11-21,2011-12-09,18,4,290,701.40,175.35,3,Active repeat customer
14356.0,2011-09-19,2011-09-21,2011-12-09,79,2,277,701.23,350.62,3,Active repeat customer
17321.0,2011-10-03,2011-12-01,2011-12-09,8,2,373,700.86,350.43,3,Active repeat customer
13238.0,2010-12-14,2011-11-22,2011-12-09,17,4,298,700.73,175.18,3,Active repeat customer
17734.0,2011-04-20,2011-10-17,2011-12-09,53,3,422,700.63,233.54,3,Active repeat customer
15800.0,2011-04-07,2011-08-24,2011-12-09,107,2,335,699.08,349.54,3,At-risk repeat customer
13258.0,2011-05-18,2011-11-28,2011-12-09,11,3,287,698.58,232.86,3,Active repeat customer
17423.0,2011-05-06,2011-10-24,2011-12-09,46,2,459,698.41,349.21,3,Active repeat customer
17796.0,2010-12-05,2011-10-30,2011-12-09,40,4,178,697.90,174.48,3,Active repeat customer
15053.0,2011-03-03,2011-12-05,2011-12-09,4,3,986,697.79,232.60,3,Active repeat customer
14829.0,2010-12-02,2011-11-10,2011-12-09,29,4,452,697.55,174.39,3,Active repeat customer
13596.0,2011-11-27,2011-12-04,2011-12-09,5,2,406,697.04,348.52,3,Active repeat customer
15700.0,2011-06-19,2011-06-20,2011-12-09,172,2,357,696.68,348.34,3,At-risk repeat customer
17397.0,2011-11-17,2011-11-17,2011-12-09,22,2,254,696.41,348.21,3,Active repeat customer
14009.0,2011-05-18,2011-05-25,2011-12-09,198,2,365,695.61,347.81,3,At-risk repeat customer
14959.0,2011-02-16,2011-10-06,2011-12-09,64,4,494,695.42,173.86,3,Active repeat customer
15304.0,2010-12-06,2011-10-10,2011-12-09,60,8,104,694.40,86.80,3,Active repeat customer
12925.0,2011-09-26,2011-12-05,2011-12-09,4,2,541,694.05,347.03,3,Active repeat customer
14643.0,2010-12-16,2011-06-22,2011-12-09,170,2,815,693.81,346.91,3,At-risk repeat customer
12410.0,2011-02-04,2011-02-04,2011-12-09,308,2,211,693.33,346.67,3,At-risk repeat customer
13601.0,2011-05-12,2011-10-25,2011-12-09,45,2,548,693.32,346.66,3,Active repeat customer
14111.0,2011-04-12,2011-11-25,2011-12-09,14,4,458,692.85,173.21,3,Active repeat customer
17198.0,2010-12-03,2011-11-16,2011-12-09,23,3,357,692.22,230.74,3,Active repeat customer
17733.0,2011-03-23,2011-11-01,2011-12-09,38,2,463,692.19,346.10,3,Active repeat customer
13838.0,2010-12-05,2011-12-04,2011-12-09,5,4,263,691.73,172.93,3,Active repeat customer
16212.0,2011-03-01,2011-11-20,2011-12-09,19,2,244,690.34,345.17,3,Active repeat customer
18085.0,2010-12-01,2011-01-13,2011-12-09,330,2,265,689.95,344.98,3,At-risk repeat customer
13023.0,2011-08-02,2011-10-06,2011-12-09,64,2,286,689.90,344.95,3,Active repeat customer
15181.0,2011-03-15,2011-10-04,2011-12-09,66,3,544,689.48,229.83,3,Active repeat customer
18196.0,2011-02-22,2011-09-05,2011-12-09,95,2,433,689.13,344.57,3,At-risk repeat customer
17502.0,2011-11-10,2011-11-30,2011-12-09,9,4,376,689.10,172.28,3,Active repeat customer
13799.0,2011-02-18,2011-08-15,2011-12-09,116,2,402,688.86,344.43,3,At-risk repeat customer
16642.0,2011-05-16,2011-12-05,2011-12-09,4,2,479,688.33,344.17,3,Active repeat customer
12658.0,2011-11-21,2011-11-21,2011-12-09,18,1,320,686.05,686.05,3,One-time customer
16122.0,2010-12-08,2011-09-27,2011-12-09,73,4,1128,684.42,171.11,3,Active repeat customer
16495.0,2011-03-08,2011-12-06,2011-12-09,3,3,337,684.41,228.14,3,Active repeat customer
15669.0,2011-03-21,2011-10-30,2011-12-09,40,4,342,684.34,171.09,3,Active repeat customer
12942.0,2010-12-09,2011-07-31,2011-12-09,131,3,203,683.90,227.97,3,At-risk repeat customer
17874.0,2011-03-29,2011-06-07,2011-12-09,185,6,221,683.46,113.91,3,At-risk repeat customer
14222.0,2011-06-15,2011-06-15,2011-12-09,177,1,607,683.17,683.17,3,One-time customer
12838.0,2010-12-01,2011-11-06,2011-12-09,33,2,359,683.13,341.57,3,Active repeat customer
15582.0,2011-05-03,2011-11-15,2011-12-09,24,3,453,682.91,227.64,3,Active repeat customer
13548.0,2011-04-10,2011-09-04,2011-12-09,96,2,441,682.41,341.21,3,At-risk repeat customer
18135.0,2011-06-02,2011-11-10,2011-12-09,29,5,349,681.91,136.38,3,Active repeat customer
12478.0,2011-12-06,2011-12-06,2011-12-09,3,1,236,680.99,680.99,3,One-time customer
13524.0,2011-05-04,2011-10-30,2011-12-09,40,5,324,680.18,136.04,3,Active repeat customer
16872.0,2011-06-08,2011-09-23,2011-12-09,77,3,600,680.02,226.67,3,Active repeat customer
15322.0,2011-09-15,2011-09-15,2011-12-09,85,1,416,679.68,679.68,3,One-time customer
13430.0,2011-09-14,2011-11-21,2011-12-09,18,2,751,679.45,339.73,3,Active repeat customer
14788.0,2011-11-13,2011-12-02,2011-12-09,7,2,421,679.44,339.72,3,Active repeat customer
17994.0,2011-02-22,2011-08-10,2011-12-09,121,4,497,678.49,169.62,3,At-risk repeat customer
13925.0,2011-07-28,2011-09-08,2011-12-09,92,4,331,678.25,169.56,3,At-risk repeat customer
13607.0,2011-10-30,2011-10-30,2011-12-09,40,1,290,678.01,678.01,3,One-time customer
13388.0,2011-07-31,2011-07-31,2011-12-09,131,2,282,677.10,338.55,3,At-risk repeat customer
13040.0,2011-11-06,2011-12-01,2011-12-09,8,2,355,676.99,338.50,3,Active repeat customer
16377.0,2011-03-17,2011-03-17,2011-12-09,267,1,1500,676.20,676.20,3,One-time customer
15626.0,2011-01-14,2011-09-26,2011-12-09,74,2,766,675.80,337.90,3,Active repeat customer
17462.0,2011-02-28,2011-10-10,2011-12-09,60,2,227,675.69,337.85,3,Active repeat customer
13325.0,2011-09-19,2011-09-19,2011-12-09,81,1,240,675.30,675.30,3,One-time customer
16418.0,2011-04-27,2011-10-26,2011-12-09,44,3,288,675.27,225.09,3,Active repeat customer
13355.0,2011-08-09,2011-08-09,2011-12-09,122,1,314,674.70,674.70,3,One-time customer
13464.0,2011-10-12,2011-10-12,2011-12-09,58,1,403,674.68,674.68,3,One-time customer
17749.0,2011-03-28,2011-06-14,2011-12-09,178,2,320,674.52,337.26,3,At-risk repeat customer
13951.0,2011-02-18,2011-06-16,2011-12-09,176,3,459,674.45,224.82,3,At-risk repeat customer
14504.0,2011-03-06,2011-10-23,2011-12-09,47,4,308,673.26,168.32,3,Active repeat customer
18121.0,2011-07-08,2011-07-13,2011-12-09,149,2,450,673.10,336.55,3,At-risk repeat customer
14628.0,2011-04-11,2011-09-09,2011-12-09,91,2,272,671.96,335.98,3,At-risk repeat customer
17883.0,2011-04-07,2011-12-06,2011-12-09,3,4,379,671.77,167.94,3,Active repeat customer
12638.0,2011-11-06,2011-11-06,2011-12-09,33,1,577,671.69,671.69,3,One-time customer
17299.0,2011-06-19,2011-11-28,2011-12-09,11,4,678,669.11,167.28,3,Active repeat customer
12418.0,2011-08-19,2011-08-19,2011-12-09,112,1,407,668.58,668.58,3,One-time customer
14342.0,2011-05-13,2011-11-18,2011-12-09,21,4,347,668.56,167.14,3,Active repeat customer
13741.0,2011-05-06,2011-09-29,2011-12-09,71,3,218,668.43,222.81,3,Active repeat customer
16383.0,2011-03-16,2011-09-26,2011-12-09,74,2,475,668.36,334.18,3,Active repeat customer
15031.0,2011-03-02,2011-12-05,2011-12-09,4,4,401,668.14,167.04,3,Active repeat customer
18022.0,2011-11-04,2011-11-04,2011-12-09,35,1,736,668.11,668.11,3,One-time customer
16268.0,2011-09-29,2011-09-29,2011-12-09,71,2,533,667.65,333.83,3,Active repeat customer
15969.0,2011-06-07,2011-12-07,2011-12-09,2,3,124,666.10,222.03,3,Active repeat customer
17777.0,2011-08-31,2011-11-15,2011-12-09,24,3,507,665.86,221.95,3,Active repeat customer
17105.0,2011-02-06,2011-07-03,2011-12-09,159,2,693,665.78,332.89,3,At-risk repeat customer
16056.0,2011-10-25,2011-10-25,2011-12-09,45,1,347,664.85,664.85,3,One-time customer
13963.0,2010-12-07,2011-02-04,2011-12-09,308,4,460,664.54,166.14,3,At-risk repeat customer
16208.0,2011-02-23,2011-10-26,2011-12-09,44,2,333,664.26,332.13,3,Active repeat customer
15643.0,2011-03-02,2011-06-01,2011-12-09,191,3,246,664.00,221.33,3,At-risk repeat customer
14720.0,2011-08-05,2011-12-04,2011-12-09,5,3,219,663.81,221.27,3,Active repeat customer
13240.0,2010-12-09,2011-09-04,2011-12-09,96,4,298,663.65,165.91,3,At-risk repeat customer
16573.0,2011-02-22,2011-09-16,2011-12-09,84,2,360,663.61,331.81,3,Active repeat customer
14451.0,2011-05-29,2011-10-10,2011-12-09,60,2,389,662.59,331.30,3,Active repeat customer
16014.0,2011-02-21,2011-11-02,2011-12-09,37,3,265,662.38,220.79,3,Active repeat customer
18218.0,2011-03-03,2011-05-12,2011-12-09,211,2,584,662.08,331.04,3,At-risk repeat customer
16774.0,2011-06-14,2011-10-03,2011-12-09,67,4,322,661.52,165.38,3,Active repeat customer
13028.0,2011-10-25,2011-11-17,2011-12-09,22,2,798,661.32,330.66,3,Active repeat customer
14603.0,2011-03-10,2011-03-10,2011-12-09,274,1,400,660.00,660.00,3,One-time customer
15492.0,2011-09-26,2011-11-11,2011-12-09,28,2,483,659.46,329.73,3,Active repeat customer
13518.0,2011-09-15,2011-09-15,2011-12-09,85,1,392,659.44,659.44,3,One-time customer
13759.0,2011-09-29,2011-11-06,2011-12-09,33,2,287,659.41,329.71,3,Active repeat customer
16357.0,2011-05-10,2011-11-06,2011-12-09,33,3,246,658.88,219.63,3,Active repeat customer
14150.0,2010-12-15,2011-11-04,2011-12-09,35,2,496,658.64,329.32,3,Active repeat customer
17779.0,2011-07-19,2011-11-18,2011-12-09,21,3,397,658.57,219.52,3,Active repeat customer
16696.0,2011-04-05,2011-07-27,2011-12-09,135,4,146,657.90,164.48,3,At-risk repeat customer
12577.0,2010-12-15,2011-11-04,2011-12-09,35,3,472,657.80,219.27,3,Active repeat customer
14818.0,2011-03-31,2011-09-27,2011-12-09,73,3,324,657.80,219.27,3,Active repeat customer
15648.0,2011-03-17,2011-05-19,2011-12-09,204,2,221,657.35,328.68,3,At-risk repeat customer
17459.0,2011-10-10,2011-10-27,2011-12-09,43,2,537,657.30,328.65,3,Active repeat customer
15677.0,2011-10-21,2011-10-21,2011-12-09,49,1,319,657.23,657.23,3,One-time customer
16157.0,2011-09-28,2011-11-24,2011-12-09,15,3,347,656.69,218.90,3,Active repeat customer
13049.0,2011-01-25,2011-10-06,2011-12-09,64,2,268,656.68,328.34,3,Active repeat customer
16708.0,2011-10-25,2011-10-25,2011-12-09,45,1,285,656.63,656.63,3,One-time customer
16127.0,2011-10-31,2011-10-31,2011-12-09,39,1,323,656.25,656.25,3,One-time customer
14894.0,2011-09-15,2011-09-15,2011-12-09,85,1,265,655.75,655.75,3,One-time customer
16444.0,2011-03-20,2011-10-24,2011-12-09,46,4,407,654.67,163.67,3,Active repeat customer
14651.0,2011-05-12,2011-10-03,2011-12-09,67,2,344,654.60,327.30,3,Active repeat customer
17398.0,2011-03-29,2011-08-17,2011-12-09,114,3,310,653.38,217.79,3,At-risk repeat customer
18151.0,2011-02-23,2011-07-28,2011-12-09,134,2,355,653.35,326.68,3,At-risk repeat customer
13496.0,2010-12-15,2011-11-29,2011-12-09,10,2,341,653.33,326.67,3,Active repeat customer
15205.0,2011-08-04,2011-09-15,2011-12-09,85,2,378,653.24,326.62,3,Active repeat customer
14044.0,2011-02-03,2011-11-13,2011-12-09,26,4,308,652.82,163.21,3,Active repeat customer
14548.0,2011-01-26,2011-07-12,2011-12-09,150,2,256,652.80,326.40,3,At-risk repeat customer
17523.0,2011-11-20,2011-11-28,2011-12-09,11,4,872,652.74,163.19,3,Active repeat customer
14034.0,2011-07-05,2011-11-17,2011-12-09,22,3,423,651.82,217.27,3,Active repeat customer
16734.0,2011-08-17,2011-10-18,2011-12-09,52,3,346,650.51,216.84,3,Active repeat customer
15571.0,2011-09-22,2011-11-28,2011-12-09,11,4,264,650.43,162.61,3,Active repeat customer
16469.0,2011-04-07,2011-11-16,2011-12-09,23,4,273,650.43,162.61,3,Active repeat customer
16969.0,2011-06-01,2011-10-31,2011-12-09,39,3,816,650.41,216.80,3,Active repeat customer
17373.0,2011-01-31,2011-10-30,2011-12-09,40,4,408,646.92,161.73,3,Active repeat customer
12589.0,2011-07-18,2011-11-11,2011-12-09,28,2,306,646.68,323.34,3,Active repeat customer
15651.0,2011-03-24,2011-11-03,2011-12-09,36,3,479,646.30,215.43,3,Active repeat customer
17545.0,2011-10-27,2011-10-27,2011-12-09,43,3,341,645.96,215.32,3,Active repeat customer
14855.0,2011-07-28,2011-08-12,2011-12-09,119,2,267,645.65,322.83,3,At-risk repeat customer
12719.0,2011-10-05,2011-12-04,2011-12-09,5,2,374,644.95,322.48,3,Active repeat customer
17312.0,2011-07-03,2011-07-24,2011-12-09,138,3,372,644.30,214.77,3,At-risk repeat customer
16431.0,2011-02-15,2011-05-10,2011-12-09,213,3,453,642.81,214.27,3,At-risk repeat customer
14020.0,2011-09-12,2011-11-23,2011-12-09,16,2,441,642.80,321.40,3,Active repeat customer
13034.0,2010-12-05,2011-10-16,2011-12-09,54,2,369,642.77,321.39,3,Active repeat customer
15384.0,2010-12-15,2011-06-23,2011-12-09,169,2,596,642.41,321.21,3,At-risk repeat customer
17046.0,2011-07-05,2011-07-05,2011-12-09,157,1,510,642.02,642.02,3,One-time customer
15297.0,2011-10-07,2011-11-29,2011-12-09,10,3,292,641.94,213.98,3,Active repeat customer
12365.0,2011-02-21,2011-02-21,2011-12-09,291,2,174,641.38,320.69,3,At-risk repeat customer
12624.0,2011-06-15,2011-08-25,2011-12-09,106,2,355,641.13,320.57,3,At-risk repeat customer
13417.0,2011-05-18,2011-12-05,2011-12-09,4,2,162,640.83,320.42,3,Active repeat customer
13318.0,2011-11-02,2011-12-08,2011-12-09,1,3,304,640.76,213.59,3,Active repeat customer
12631.0,2011-10-13,2011-10-13,2011-12-09,57,1,236,640.50,640.50,3,One-time customer
14301.0,2011-08-14,2011-08-14,2011-12-09,117,1,606,640.14,640.14,3,One-time customer
15919.0,2010-12-06,2011-11-20,2011-12-09,19,2,545,639.89,319.95,3,Active repeat customer
17515.0,2011-01-25,2011-11-08,2011-12-09,31,4,243,639.02,159.76,3,Active repeat customer
18160.0,2011-05-23,2011-10-13,2011-12-09,57,2,294,638.06,319.03,3,Active repeat customer
14754.0,2011-02-17,2011-10-26,2011-12-09,44,2,486,638.05,319.03,3,Active repeat customer
14664.0,2011-11-06,2011-11-20,2011-12-09,19,2,466,637.89,318.95,3,Active repeat customer
14128.0,2011-03-29,2011-10-10,2011-12-09,60,2,564,637.50,318.75,3,Active repeat customer
14481.0,2011-02-25,2011-06-28,2011-12-09,164,2,489,636.51,318.26,3,At-risk repeat customer
15829.0,2011-07-22,2011-09-01,2011-12-09,99,2,996,636.14,318.07,3,At-risk repeat customer
15773.0,2011-12-04,2011-12-04,2011-12-09,5,1,311,635.68,635.68,3,One-time customer
14000.0,2011-05-12,2011-05-12,2011-12-09,211,1,710,635.66,635.66,3,One-time customer
16139.0,2011-05-17,2011-11-21,2011-12-09,18,3,330,635.41,211.80,3,Active repeat customer
17985.0,2011-11-17,2011-11-17,2011-12-09,22,1,183,634.95,634.95,3,One-time customer
13892.0,2011-04-07,2011-11-13,2011-12-09,26,4,983,632.97,158.24,3,Active repeat customer
14220.0,2010-12-16,2011-04-06,2011-12-09,247,2,272,632.40,316.20,3,At-risk repeat customer
16306.0,2010-12-07,2011-05-10,2011-12-09,213,6,487,632.27,105.38,3,At-risk repeat customer
18183.0,2011-03-10,2011-04-26,2011-12-09,227,2,371,632.07,316.04,3,At-risk repeat customer
13822.0,2011-10-30,2011-12-04,2011-12-09,5,2,611,632.00,316.00,3,Active repeat customer
14021.0,2011-03-28,2011-07-07,2011-12-09,155,3,192,631.90,210.63,3,At-risk repeat customer
15244.0,2011-04-05,2011-10-05,2011-12-09,65,2,405,631.57,315.79,3,Active repeat customer
13539.0,2011-02-03,2011-09-15,2011-12-09,85,3,320,631.34,210.45,3,Active repeat customer
17990.0,2010-12-13,2011-04-17,2011-12-09,236,3,414,630.84,210.28,3,At-risk repeat customer
13046.0,2011-03-18,2011-11-09,2011-12-09,30,2,264,629.31,314.66,3,Active repeat customer
13525.0,2011-04-05,2011-11-25,2011-12-09,14,2,394,628.78,314.39,3,Active repeat customer
14687.0,2011-08-25,2011-08-25,2011-12-09,106,1,470,628.38,628.38,3,One-time customer
16022.0,2011-03-24,2011-03-24,2011-12-09,260,1,261,628.28,628.28,3,One-time customer
15028.0,2010-12-06,2011-12-01,2011-12-09,8,4,459,627.13,156.78,3,Active repeat customer
13546.0,2011-05-23,2011-11-27,2011-12-09,12,3,359,626.99,209.00,3,Active repeat customer
15402.0,2011-05-27,2011-07-14,2011-12-09,148,2,694,626.77,313.39,3,At-risk repeat customer
14036.0,2011-02-28,2011-02-28,2011-12-09,284,1,268,626.65,626.65,3,One-time customer
13914.0,2011-11-03,2011-11-28,2011-12-09,11,2,380,626.45,313.23,3,Active repeat customer
14382.0,2011-11-13,2011-11-13,2011-12-09,26,1,1237,626.07,626.07,3,One-time customer
16750.0,2011-04-21,2011-10-26,2011-12-09,44,5,214,623.93,124.79,3,Active repeat customer
16718.0,2010-12-05,2010-12-05,2011-12-09,369,1,413,623.75,623.75,3,One-time customer
12649.0,2011-05-11,2011-08-24,2011-12-09,107,3,586,623.51,207.84,3,At-risk repeat customer
15147.0,2011-04-13,2011-04-13,2011-12-09,240,1,366,623.50,623.50,3,One-time customer
13368.0,2011-01-06,2011-03-28,2011-12-09,256,2,327,623.40,311.70,3,At-risk repeat customer
15258.0,2011-05-06,2011-06-24,2011-12-09,168,2,142,623.16,311.58,3,At-risk repeat customer
17499.0,2011-02-23,2011-02-23,2011-12-09,289,1,711,622.88,622.88,3,One-time customer
15182.0,2011-03-16,2011-07-08,2011-12-09,154,2,253,622.85,311.43,3,At-risk repeat customer
17460.0,2010-12-01,2011-09-06,2011-12-09,94,6,236,622.43,103.74,3,At-risk repeat customer
15768.0,2011-04-28,2011-08-16,2011-12-09,115,3,244,621.83,207.28,3,At-risk repeat customer
18217.0,2011-09-30,2011-11-10,2011-12-09,29,2,491,621.75,310.88,3,Active repeat customer
16915.0,2011-03-01,2011-11-30,2011-12-09,9,6,132,621.68,103.61,3,Active repeat customer
17640.0,2011-09-14,2011-09-14,2011-12-09,86,1,250,621.66,621.66,3,One-time customer
14152.0,2011-04-19,2011-09-25,2011-12-09,75,2,711,621.29,310.65,3,Active repeat customer
13402.0,2010-12-02,2011-08-04,2011-12-09,127,2,479,621.23,310.62,3,At-risk repeat customer
16141.0,2011-09-12,2011-09-12,2011-12-09,88,1,238,620.40,620.40,3,One-time customer
12667.0,2011-10-12,2011-10-12,2011-12-09,58,1,395,620.13,620.13,3,One-time customer
14529.0,2011-08-21,2011-10-10,2011-12-09,60,3,348,620.04,206.68,3,Active repeat customer
13493.0,2011-02-25,2011-03-09,2011-12-09,275,2,380,618.63,309.32,3,At-risk repeat customer
16613.0,2011-09-30,2011-09-30,2011-12-09,70,1,293,618.59,618.59,3,One-time customer
13145.0,2010-12-02,2011-10-31,2011-12-09,39,4,145,618.52,154.63,3,Active repeat customer
12596.0,2011-04-11,2011-10-19,2011-12-09,51,2,474,618.27,309.14,3,Active repeat customer
16134.0,2010-12-15,2011-11-18,2011-12-09,21,2,371,618.09,309.05,3,Active repeat customer
13301.0,2011-02-20,2011-08-28,2011-12-09,103,4,345,618.09,154.52,3,At-risk repeat customer
14593.0,2011-05-25,2011-11-18,2011-12-09,21,3,332,617.99,206.00,3,Active repeat customer
14377.0,2011-03-22,2011-06-01,2011-12-09,191,2,219,617.05,308.53,3,At-risk repeat customer
16442.0,2010-12-14,2011-12-08,2011-12-09,1,3,446,616.79,205.60,3,Active repeat customer
16311.0,2011-10-21,2011-11-22,2011-12-09,17,2,394,616.26,308.13,3,Active repeat customer
14905.0,2011-04-20,2011-07-05,2011-12-09,157,2,287,616.15,308.08,3,At-risk repeat customer
16005.0,2011-03-14,2011-11-27,2011-12-09,12,4,300,615.39,153.85,3,Active repeat customer
15275.0,2011-11-02,2011-11-02,2011-12-09,37,1,498,615.14,615.14,3,One-time customer
16566.0,2011-02-20,2011-11-24,2011-12-09,15,5,362,614.66,122.93,3,Active repeat customer
16116.0,2011-05-12,2011-05-12,2011-12-09,211,1,248,612.78,612.78,3,One-time customer
12513.0,2011-08-19,2011-08-19,2011-12-09,112,1,462,612.29,612.29,3,One-time customer
18149.0,2011-03-11,2011-10-20,2011-12-09,50,3,310,612.08,204.03,3,Active repeat customer
15232.0,2011-07-22,2011-08-18,2011-12-09,113,2,686,612.06,306.03,3,At-risk repeat customer
15645.0,2011-11-21,2011-11-21,2011-12-09,18,1,256,612.01,612.01,3,One-time customer
16109.0,2011-02-04,2011-05-05,2011-12-09,218,2,612,611.88,305.94,3,At-risk repeat customer
16763.0,2011-05-25,2011-05-25,2011-12-09,198,1,319,611.85,611.85,3,One-time customer
13731.0,2011-04-07,2011-05-04,2011-12-09,219,2,278,610.59,305.30,3,At-risk repeat customer
12673.0,2011-01-17,2011-12-04,2011-12-09,5,2,351,610.52,305.26,3,Active repeat customer
15795.0,2011-07-13,2011-07-13,2011-12-09,149,1,581,610.01,610.01,3,One-time customer
13357.0,2011-03-27,2011-03-27,2011-12-09,257,1,322,609.95,609.95,3,One-time customer
14636.0,2011-03-16,2011-11-03,2011-12-09,36,2,241,609.85,304.93,3,Active repeat customer
13933.0,2011-07-14,2011-08-22,2011-12-09,109,2,205,608.79,304.40,3,At-risk repeat customer
12933.0,2011-03-01,2011-11-15,2011-12-09,24,3,499,607.53,202.51,3,Active repeat customer
15573.0,2011-09-15,2011-11-08,2011-12-09,31,2,363,607.45,303.73,3,Active repeat customer
17119.0,2011-10-11,2011-12-06,2011-12-09,3,2,334,606.91,303.46,3,Active repeat customer
14710.0,2011-10-11,2011-11-25,2011-12-09,14,4,378,606.13,151.53,3,Active repeat customer
17849.0,2011-01-10,2011-05-05,2011-12-09,218,4,114,605.80,151.45,3,At-risk repeat customer
14133.0,2011-01-28,2011-08-02,2011-12-09,129,3,348,605.64,201.88,3,At-risk repeat customer
13888.0,2011-05-05,2011-08-12,2011-12-09,119,2,258,605.63,302.82,3,At-risk repeat customer
17507.0,2011-02-03,2011-03-23,2011-12-09,261,2,359,605.58,302.79,3,At-risk repeat customer
13233.0,2011-01-07,2011-09-26,2011-12-09,74,2,1004,605.12,302.56,3,Active repeat customer
13558.0,2011-10-02,2011-12-04,2011-12-09,5,4,344,605.06,151.27,3,Active repeat customer
14323.0,2011-04-15,2011-08-17,2011-12-09,114,2,350,605.06,302.53,3,At-risk repeat customer
14675.0,2011-11-23,2011-11-23,2011-12-09,16,1,341,604.75,604.75,3,One-time customer
17664.0,2011-05-11,2011-11-21,2011-12-09,18,2,604,604.64,302.32,3,Active repeat customer
12944.0,2010-12-20,2011-11-04,2011-12-09,35,2,289,604.51,302.26,3,Active repeat customer
16732.0,2011-11-08,2011-11-08,2011-12-09,31,1,317,603.75,603.75,3,One-time customer
12556.0,2011-07-11,2011-10-20,2011-12-09,50,2,358,603.71,301.86,3,Active repeat customer
12707.0,2011-02-21,2011-02-21,2011-12-09,291,1,256,603.42,603.42,3,One-time customer
17259.0,2010-12-06,2011-07-14,2011-12-09,148,2,410,603.37,301.69,3,At-risk repeat customer
15366.0,2010-12-16,2011-09-25,2011-12-09,75,2,621,602.51,301.26,3,Active repeat customer
17890.0,2010-12-13,2011-01-21,2011-12-09,322,2,416,602.09,301.05,3,At-risk repeat customer
12654.0,2011-02-17,2011-11-29,2011-12-09,10,5,264,601.98,120.40,3,Active repeat customer
14609.0,2011-02-16,2011-09-28,2011-12-09,72,4,7026,601.56,150.39,3,Active repeat customer
16654.0,2010-12-06,2011-07-21,2011-12-09,141,4,282,601.27,150.32,3,At-risk repeat customer
12420.0,2011-10-07,2011-10-07,2011-12-09,63,1,345,600.39,600.39,3,One-time customer
18211.0,2011-03-06,2011-11-14,2011-12-09,25,5,359,600.07,120.01,3,Active repeat customer
13243.0,2011-05-20,2011-05-20,2011-12-09,203,1,233,600.07,600.07,3,One-time customer
12872.0,2010-12-09,2011-01-17,2011-12-09,326,2,319,599.97,299.99,3,At-risk repeat customer
12521.0,2011-07-20,2011-07-20,2011-12-09,142,1,309,599.68,599.68,3,One-time customer
14965.0,2011-09-04,2011-09-04,2011-12-09,96,2,365,599.00,299.50,3,At-risk repeat customer
17420.0,2010-12-01,2011-10-20,2011-12-09,50,3,265,598.83,199.61,3,Active repeat customer
14467.0,2011-01-31,2011-11-22,2011-12-09,17,4,278,598.76,149.69,3,Active repeat customer
15720.0,2011-11-15,2011-11-15,2011-12-09,24,1,281,598.73,598.73,3,One-time customer
13311.0,2011-07-12,2011-12-05,2011-12-09,4,2,305,598.57,299.29,3,Active repeat customer
16298.0,2011-06-06,2011-11-17,2011-12-09,22,3,198,598.20,199.40,3,Active repeat customer
13959.0,2010-12-12,2011-09-21,2011-12-09,79,3,357,598.20,199.40,3,Active repeat customer
14108.0,2011-08-30,2011-11-09,2011-12-09,30,2,381,597.91,298.96,3,Active repeat customer
17864.0,2011-03-09,2011-11-27,2011-12-09,12,3,810,597.50,199.17,3,Active repeat customer
16788.0,2011-03-30,2011-08-08,2011-12-09,123,2,311,597.48,298.74,3,At-risk repeat customer
14645.0,2011-03-09,2011-07-06,2011-12-09,156,2,381,597.09,298.55,3,At-risk repeat customer
15381.0,2011-03-16,2011-05-10,2011-12-09,213,2,171,596.85,298.43,3,At-risk repeat customer
18246.0,2011-04-20,2011-11-16,2011-12-09,23,2,166,596.10,298.05,3,Active repeat customer
17658.0,2011-05-12,2011-11-14,2011-12-09,25,2,616,595.42,297.71,3,Active repeat customer
14284.0,2011-09-14,2011-11-09,2011-12-09,30,2,161,595.25,297.63,3,Active repeat customer
16325.0,2011-04-08,2011-10-24,2011-12-09,46,3,194,594.24,198.08,3,Active repeat customer
15442.0,2011-04-05,2011-04-05,2011-12-09,248,1,120,594.00,594.00,3,One-time customer
12917.0,2011-08-03,2011-08-03,2011-12-09,128,1,120,594.00,594.00,3,One-time customer
16535.0,2011-12-04,2011-12-04,2011-12-09,5,1,356,593.75,593.75,3,One-time customer
18232.0,2011-05-26,2011-09-19,2011-12-09,81,4,302,592.97,148.24,3,Active repeat customer
16203.0,2010-12-02,2011-10-12,2011-12-09,58,4,262,592.90,148.23,3,Active repeat customer
14692.0,2011-01-21,2011-07-25,2011-12-09,137,4,265,591.55,147.89,3,At-risk repeat customer
13276.0,2011-09-01,2011-10-07,2011-12-09,63,2,161,590.93,295.47,3,Active repeat customer
13270.0,2010-12-08,2010-12-08,2011-12-09,366,1,200,590.00,590.00,3,One-time customer
13452.0,2011-03-14,2011-03-25,2011-12-09,259,2,2,590.00,295.00,3,At-risk repeat customer
14882.0,2011-11-06,2011-11-13,2011-12-09,26,2,158,589.70,294.85,3,Active repeat customer
18123.0,2011-11-08,2011-11-15,2011-12-09,24,2,594,589.44,294.72,3,Active repeat customer
16723.0,2011-08-24,2011-09-09,2011-12-09,91,2,399,589.15,294.58,3,At-risk repeat customer
16838.0,2011-02-24,2011-05-26,2011-12-09,197,2,185,588.85,294.43,3,At-risk repeat customer
14338.0,2011-05-27,2011-07-01,2011-12-09,161,2,335,588.22,294.11,3,At-risk repeat customer
15624.0,2011-03-28,2011-08-15,2011-12-09,116,4,357,588.13,147.03,3,At-risk repeat customer
17351.0,2011-03-11,2011-11-03,2011-12-09,36,3,113,587.15,195.72,3,Active repeat customer
17014.0,2011-10-04,2011-12-01,2011-12-09,8,3,245,586.33,195.44,3,Active repeat customer
17360.0,2011-06-08,2011-11-22,2011-12-09,17,3,335,585.79,195.26,3,Active repeat customer
12384.0,2011-08-10,2011-11-11,2011-12-09,28,2,126,585.27,292.64,3,Active repeat customer
15222.0,2011-01-25,2011-01-25,2011-12-09,318,1,440,585.00,585.00,3,One-time customer
16384.0,2011-03-21,2011-09-11,2011-12-09,89,2,260,584.50,292.25,3,Active repeat customer
16072.0,2011-02-24,2011-02-24,2011-12-09,288,1,140,584.32,584.32,3,One-time customer
14023.0,2011-04-03,2011-12-02,2011-12-09,7,2,345,584.07,292.04,3,Active repeat customer
13557.0,2011-03-04,2011-11-11,2011-12-09,28,2,546,584.06,292.03,3,Active repeat customer
15762.0,2011-09-23,2011-10-05,2011-12-09,65,2,251,583.75,291.88,3,Active repeat customer
12426.0,2011-05-29,2011-05-29,2011-12-09,194,1,258,582.73,582.73,3,One-time customer
13427.0,2011-05-08,2011-11-20,2011-12-09,19,3,545,582.60,194.20,3,Active repeat customer
17970.0,2011-05-12,2011-05-12,2011-12-09,211,1,525,582.59,582.59,3,One-time customer
12695.0,2011-05-13,2011-12-02,2011-12-09,7,4,220,582.10,145.53,3,Active repeat customer
18095.0,2011-01-11,2011-01-31,2011-12-09,312,2,419,580.05,290.03,3,At-risk repeat customer
16906.0,2011-04-05,2011-09-19,2011-12-09,81,4,281,579.77,144.94,3,Active repeat customer
17142.0,2011-04-14,2011-04-14,2011-12-09,239,1,81,579.00,579.00,3,One-time customer
13292.0,2011-02-28,2011-11-01,2011-12-09,38,2,347,578.94,289.47,3,Active repeat customer
17540.0,2011-01-27,2011-11-15,2011-12-09,24,2,194,578.90,289.45,3,Active repeat customer
12601.0,2011-01-11,2011-06-03,2011-12-09,189,5,245,577.06,115.41,3,At-risk repeat customer
14176.0,2010-12-07,2011-02-15,2011-12-09,297,4,209,576.90,144.23,3,At-risk repeat customer
16916.0,2010-12-02,2011-11-16,2011-12-09,23,2,440,576.26,288.13,3,Active repeat customer
15830.0,2011-11-02,2011-11-02,2011-12-09,37,1,415,576.00,576.00,3,One-time customer
15550.0,2011-02-11,2011-12-05,2011-12-09,4,4,295,575.63,143.91,3,Active repeat customer
16345.0,2011-10-26,2011-10-26,2011-12-09,44,1,289,575.41,575.41,3,One-time customer
13487.0,2010-12-21,2011-10-13,2011-12-09,57,3,265,575.40,191.80,3,Active repeat customer
14167.0,2011-01-12,2011-10-31,2011-12-09,39,4,150,574.84,143.71,3,Active repeat customer
14400.0,2011-07-13,2011-07-13,2011-12-09,149,1,454,574.70,574.70,3,One-time customer
12784.0,2011-11-24,2011-11-30,2011-12-09,9,2,300,574.42,287.21,3,Active repeat customer
15339.0,2011-01-25,2011-10-04,2011-12-09,66,2,416,574.07,287.04,3,Active repeat customer
15303.0,2011-02-22,2011-02-22,2011-12-09,290,1,248,574.02,574.02,3,One-time customer
12879.0,2011-09-09,2011-10-26,2011-12-09,44,3,370,573.22,191.07,3,Active repeat customer
15415.0,2011-01-30,2011-01-30,2011-12-09,313,1,575,572.81,572.81,3,One-time customer
13379.0,2011-07-26,2011-11-13,2011-12-09,26,3,601,572.56,190.85,3,Active repeat customer
13405.0,2011-01-26,2011-09-26,2011-12-09,74,3,164,572.45,190.82,3,Active repeat customer
12816.0,2011-06-16,2011-09-05,2011-12-09,95,2,128,572.20,286.10,3,At-risk repeat customer
13816.0,2011-10-06,2011-11-16,2011-12-09,23,2,269,571.67,285.84,3,Active repeat customer
17616.0,2010-12-07,2011-06-19,2011-12-09,173,3,224,571.20,190.40,3,At-risk repeat customer
15821.0,2011-10-09,2011-10-26,2011-12-09,44,2,202,570.96,285.48,3,Active repeat customer
15315.0,2011-08-15,2011-10-06,2011-12-09,64,2,862,570.50,285.25,3,Active repeat customer
14592.0,2011-10-06,2011-11-04,2011-12-09,35,3,415,570.46,190.15,3,Active repeat customer
16667.0,2011-02-28,2011-10-02,2011-12-09,68,2,237,570.13,285.07,3,Active repeat customer
13939.0,2011-02-01,2011-11-16,2011-12-09,23,3,847,568.55,189.52,3,Active repeat customer
13321.0,2011-09-14,2011-09-28,2011-12-09,72,2,372,567.36,283.68,3,Active repeat customer
17897.0,2010-12-01,2011-06-20,2011-12-09,172,3,229,566.60,188.87,3,At-risk repeat customer
18150.0,2011-05-22,2011-11-07,2011-12-09,32,3,332,566.58,188.86,3,Active repeat customer
16278.0,2011-08-31,2011-08-31,2011-12-09,100,1,114,566.38,566.38,3,One-time customer
13894.0,2011-02-02,2011-11-16,2011-12-09,23,3,354,564.62,188.21,3,Active repeat customer
15344.0,2011-09-26,2011-12-09,2011-12-09,0,3,116,563.94,187.98,3,Active repeat customer
16933.0,2011-04-14,2011-12-08,2011-12-09,1,2,288,563.23,281.62,3,Active repeat customer
14753.0,2011-09-13,2011-09-13,2011-12-09,87,1,211,563.15,563.15,3,One-time customer
17265.0,2011-06-12,2011-07-24,2011-12-09,138,2,394,562.90,281.45,3,At-risk repeat customer
12414.0,2011-02-02,2011-05-06,2011-12-09,217,3,300,562.41,187.47,3,At-risk repeat customer
12559.0,2011-01-24,2011-02-02,2011-12-09,310,2,283,561.71,280.86,3,At-risk repeat customer
13946.0,2011-03-17,2011-09-21,2011-12-09,79,3,443,561.57,187.19,3,Active repeat customer
15655.0,2011-04-10,2011-04-10,2011-12-09,243,1,324,560.67,560.67,3,One-time customer
13044.0,2011-02-21,2011-02-21,2011-12-09,291,1,429,560.47,560.47,3,One-time customer
14273.0,2011-04-11,2011-10-19,2011-12-09,51,4,264,559.97,139.99,3,Active repeat customer
16275.0,2011-05-27,2011-05-27,2011-12-09,196,1,336,559.87,559.87,3,One-time customer
18043.0,2010-12-08,2011-11-15,2011-12-09,24,3,282,559.51,186.50,3,Active repeat customer
14177.0,2011-06-13,2011-09-14,2011-12-09,86,4,205,559.41,139.85,3,Active repeat customer
12866.0,2011-03-01,2011-03-01,2011-12-09,283,1,171,559.12,559.12,3,One-time customer
17503.0,2011-11-01,2011-12-07,2011-12-09,2,2,486,558.96,279.48,3,Active repeat customer
12987.0,2011-05-26,2011-09-27,2011-12-09,73,2,219,558.70,279.35,3,Active repeat customer
13800.0,2011-02-03,2011-02-03,2011-12-09,309,1,331,558.32,558.32,3,One-time customer
13260.0,2011-10-09,2011-10-09,2011-12-09,61,1,142,557.62,557.62,3,One-time customer
17955.0,2011-05-04,2011-05-25,2011-12-09,198,4,273,557.30,139.33,3,At-risk repeat customer
17295.0,2011-10-06,2011-11-11,2011-12-09,28,3,294,556.95,185.65,3,Active repeat customer
16385.0,2010-12-08,2011-10-10,2011-12-09,60,3,261,555.89,185.30,3,Active repeat customer
14805.0,2011-01-30,2011-11-24,2011-12-09,15,4,115,554.65,138.66,3,Active repeat customer
14891.0,2011-06-05,2011-07-14,2011-12-09,148,2,505,554.38,277.19,3,At-risk repeat customer
14618.0,2011-01-06,2011-11-30,2011-12-09,9,3,264,553.44,184.48,3,Active repeat customer
15068.0,2011-03-28,2011-10-24,2011-12-09,46,2,364,553.36,276.68,3,Active repeat customer
12363.0,2011-04-11,2011-08-22,2011-12-09,109,2,408,552.00,276.00,3,At-risk repeat customer
17674.0,2010-12-06,2011-09-26,2011-12-09,74,2,672,551.04,275.52,3,Active repeat customer
17291.0,2011-02-04,2011-02-04,2011-12-09,308,1,72,550.80,550.80,3,One-time customer
17235.0,2010-12-02,2011-11-14,2011-12-09,25,2,224,550.06,275.03,3,Active repeat customer
12390.0,2011-09-21,2011-09-21,2011-12-09,79,1,353,549.84,549.84,3,One-time customer
16340.0,2011-08-24,2011-08-24,2011-12-09,107,1,501,549.07,549.07,3,One-time customer
16536.0,2011-08-21,2011-08-21,2011-12-09,110,1,251,548.97,548.97,3,One-time customer
16031.0,2011-04-06,2011-09-08,2011-12-09,92,2,423,548.94,274.47,3,At-risk repeat customer
14474.0,2011-10-24,2011-10-24,2011-12-09,46,1,140,547.66,547.66,3,One-time customer
16811.0,2011-11-22,2011-12-05,2011-12-09,4,2,477,547.07,273.54,3,Active repeat customer
17637.0,2011-08-16,2011-11-08,2011-12-09,31,2,280,547.06,273.53,3,Active repeat customer
16211.0,2011-09-12,2011-09-12,2011-12-09,88,1,154,547.02,547.02,3,One-time customer
17520.0,2011-10-17,2011-10-17,2011-12-09,53,1,365,546.81,546.81,3,One-time customer
12743.0,2011-07-28,2011-07-28,2011-12-09,134,2,319,546.43,273.22,3,At-risk repeat customer
14997.0,2011-06-14,2011-10-24,2011-12-09,46,3,1120,546.20,182.07,3,Active repeat customer
17806.0,2011-11-28,2011-11-28,2011-12-09,11,1,727,546.04,546.04,3,One-time customer
12793.0,2010-12-03,2011-01-09,2011-12-09,334,2,295,545.48,272.74,3,At-risk repeat customer
16475.0,2011-03-11,2011-09-12,2011-12-09,88,4,319,544.30,136.08,3,Active repeat customer
13617.0,2011-06-12,2011-10-30,2011-12-09,40,3,300,544.18,181.39,3,Active repeat customer
13390.0,2011-09-26,2011-09-26,2011-12-09,74,1,224,544.08,544.08,3,One-time customer
16927.0,2010-12-13,2011-08-16,2011-12-09,115,3,993,543.05,181.02,3,At-risk repeat customer
13278.0,2011-10-30,2011-10-30,2011-12-09,40,1,537,542.73,542.73,3,One-time customer
16230.0,2011-05-03,2011-06-03,2011-12-09,189,2,365,542.03,271.02,3,At-risk repeat customer
17447.0,2011-09-29,2011-10-30,2011-12-09,40,2,443,541.53,270.77,3,Active repeat customer
17557.0,2011-09-19,2011-11-25,2011-12-09,14,3,306,541.46,180.49,3,Active repeat customer
13874.0,2010-12-16,2010-12-16,2011-12-09,358,1,180,540.45,540.45,3,One-time customer
13812.0,2011-08-26,2011-10-28,2011-12-09,42,3,333,539.00,179.67,3,Active repeat customer
14496.0,2010-12-01,2011-02-01,2011-12-09,311,2,159,538.81,269.41,3,At-risk repeat customer
15452.0,2011-03-20,2011-11-10,2011-12-09,29,3,283,538.73,179.58,3,Active repeat customer
15469.0,2011-08-11,2011-10-20,2011-12-09,50,2,153,538.55,269.28,3,Active repeat customer
15539.0,2011-12-02,2011-12-02,2011-12-09,7,1,410,538.46,538.46,3,One-time customer
17062.0,2010-12-05,2011-01-30,2011-12-09,313,4,430,538.37,134.59,3,At-risk repeat customer
17345.0,2011-05-27,2011-11-24,2011-12-09,15,4,346,537.74,134.44,3,Active repeat customer
14539.0,2011-10-26,2011-11-24,2011-12-09,15,2,428,537.48,268.74,3,Active repeat customer
16206.0,2011-01-16,2011-10-16,2011-12-09,54,4,272,537.06,134.27,3,Active repeat customer
15043.0,2011-11-08,2011-11-08,2011-12-09,31,1,300,537.00,537.00,3,One-time customer
16804.0,2011-03-14,2011-11-16,2011-12-09,23,3,246,536.99,179.00,3,Active repeat customer
16233.0,2010-12-08,2011-09-29,2011-12-09,71,3,174,536.68,178.89,3,Active repeat customer
15535.0,2011-01-16,2011-06-19,2011-12-09,173,4,143,536.40,134.10,3,At-risk repeat customer
16142.0,2011-04-04,2011-04-04,2011-12-09,249,1,422,535.34,535.34,3,One-time customer
12988.0,2011-02-20,2011-02-20,2011-12-09,292,1,136,535.32,535.32,3,One-time customer
13000.0,2010-12-10,2011-08-25,2011-12-09,106,3,379,534.85,178.28,3,At-risk repeat customer
13385.0,2011-01-14,2011-01-14,2011-12-09,329,1,281,534.57,534.57,3,One-time customer
17443.0,2011-05-04,2011-05-04,2011-12-09,219,1,504,534.24,534.24,3,One-time customer
13434.0,2011-09-04,2011-09-26,2011-12-09,74,2,300,534.24,267.12,3,Active repeat customer
13217.0,2011-07-06,2011-08-09,2011-12-09,122,3,262,533.98,177.99,3,At-risk repeat customer
15433.0,2011-03-17,2011-05-10,2011-12-09,213,2,534,533.30,266.65,3,At-risk repeat customer
15756.0,2011-04-04,2011-10-09,2011-12-09,61,4,242,532.96,133.24,3,Active repeat customer
15825.0,2011-06-20,2011-06-20,2011-12-09,172,1,220,532.94,532.94,3,One-time customer
16706.0,2011-08-17,2011-11-02,2011-12-09,37,3,249,531.35,177.12,3,Active repeat customer
14265.0,2011-07-14,2011-08-22,2011-12-09,109,2,330,530.18,265.09,3,At-risk repeat customer
18159.0,2011-02-11,2011-02-11,2011-12-09,301,1,139,530.15,530.15,3,One-time customer
14002.0,2011-07-06,2011-07-28,2011-12-09,134,2,877,529.73,264.87,3,At-risk repeat customer
14463.0,2011-05-18,2011-09-02,2011-12-09,98,3,179,529.62,176.54,3,At-risk repeat customer
16185.0,2011-04-21,2011-11-23,2011-12-09,16,2,260,529.41,264.71,3,Active repeat customer
17631.0,2011-04-21,2011-12-08,2011-12-09,1,3,334,528.33,176.11,3,Active repeat customer
16602.0,2011-11-03,2011-11-03,2011-12-09,36,1,336,528.08,528.08,3,One-time customer
12479.0,2011-11-28,2011-11-28,2011-12-09,11,1,385,527.20,527.20,3,One-time customer
17623.0,2011-11-07,2011-11-07,2011-12-09,32,1,265,527.05,527.05,3,One-time customer
18252.0,2011-06-21,2011-10-20,2011-12-09,50,2,239,526.67,263.34,3,Active repeat customer
16892.0,2011-06-09,2011-12-08,2011-12-09,1,5,239,525.54,105.11,3,Active repeat customer
17290.0,2011-11-23,2011-12-06,2011-12-09,3,2,404,525.24,262.62,3,Active repeat customer
17429.0,2011-05-05,2011-08-03,2011-12-09,128,3,624,524.92,174.97,3,At-risk repeat customer
15467.0,2011-07-10,2011-11-30,2011-12-09,9,3,310,524.88,174.96,3,Active repeat customer
15891.0,2011-04-27,2011-04-27,2011-12-09,226,1,442,524.52,524.52,3,One-time customer
13721.0,2011-11-03,2011-11-03,2011-12-09,36,1,316,524.14,524.14,3,One-time customer
17329.0,2011-01-28,2011-11-25,2011-12-09,14,2,142,523.11,261.56,3,Active repeat customer
18017.0,2011-02-02,2011-09-19,2011-12-09,81,3,300,523.00,174.33,3,Active repeat customer
17712.0,2011-10-26,2011-10-26,2011-12-09,44,1,215,522.91,522.91,3,One-time customer
14871.0,2010-12-14,2011-12-06,2011-12-09,3,4,185,522.38,130.60,3,Active repeat customer
12863.0,2011-10-18,2011-10-18,2011-12-09,52,1,188,521.20,521.20,3,One-time customer
15149.0,2011-07-29,2011-07-29,2011-12-09,133,1,128,520.80,520.80,3,One-time customer
14873.0,2011-05-13,2011-05-13,2011-12-09,210,1,168,519.68,519.68,3,One-time customer
12571.0,2011-08-10,2011-10-31,2011-12-09,39,2,523,519.61,259.81,3,Active repeat customer
13643.0,2011-06-07,2011-11-08,2011-12-09,31,3,273,519.44,173.15,3,Active repeat customer
16955.0,2010-12-01,2011-06-08,2011-12-09,184,4,266,518.67,129.67,3,At-risk repeat customer
16650.0,2011-09-29,2011-09-29,2011-12-09,71,1,372,518.42,518.42,3,One-time customer
15030.0,2011-03-16,2011-09-29,2011-12-09,71,2,372,518.28,259.14,3,Active repeat customer
16135.0,2011-03-22,2011-03-22,2011-12-09,262,1,209,517.55,517.55,3,One-time customer
17454.0,2010-12-15,2011-05-31,2011-12-09,192,4,243,517.53,129.38,3,At-risk repeat customer
18205.0,2011-09-26,2011-11-03,2011-12-09,36,2,192,517.36,258.68,3,Active repeat customer
13043.0,2011-03-11,2011-03-11,2011-12-09,273,1,254,516.42,516.42,3,One-time customer
15882.0,2010-12-06,2011-05-25,2011-12-09,198,4,276,516.36,129.09,3,At-risk repeat customer
15809.0,2011-02-10,2011-11-03,2011-12-09,36,5,301,515.77,103.15,3,Active repeat customer
12811.0,2011-02-28,2011-03-24,2011-12-09,260,3,230,514.85,171.62,3,At-risk repeat customer
15246.0,2010-12-16,2011-04-15,2011-12-09,238,2,247,514.15,257.08,3,At-risk repeat customer
13005.0,2011-04-07,2011-06-19,2011-12-09,173,2,172,513.70,256.85,3,At-risk repeat customer
17513.0,2011-09-28,2011-09-28,2011-12-09,72,1,254,513.20,513.20,3,One-time customer
17805.0,2011-09-27,2011-09-27,2011-12-09,73,1,478,512.31,512.31,3,One-time customer
17480.0,2011-09-23,2011-09-23,2011-12-09,77,1,338,511.82,511.82,3,One-time customer
12582.0,2011-02-24,2011-04-15,2011-12-09,238,2,300,511.36,255.68,3,At-risk repeat customer
14851.0,2011-03-28,2011-11-16,2011-12-09,23,2,325,511.35,255.68,3,Active repeat customer
16561.0,2011-10-11,2011-12-04,2011-12-09,5,2,244,511.12,255.56,3,Active repeat customer
15406.0,2011-02-11,2011-11-08,2011-12-09,31,2,254,510.71,255.36,3,Active repeat customer
12904.0,2011-06-20,2011-11-21,2011-12-09,18,2,302,509.58,254.79,3,Active repeat customer
12436.0,2011-09-01,2011-09-01,2011-12-09,99,1,211,509.01,509.01,3,One-time customer
16898.0,2010-12-06,2011-11-13,2011-12-09,26,3,419,508.81,169.60,3,Active repeat customer
15417.0,2011-09-15,2011-09-15,2011-12-09,85,1,284,508.80,508.80,3,One-time customer
17391.0,2011-06-28,2011-06-29,2011-12-09,163,2,480,508.80,254.40,3,At-risk repeat customer
14317.0,2011-10-06,2011-10-06,2011-12-09,64,1,255,508.58,508.58,3,One-time customer
17958.0,2011-08-15,2011-08-15,2011-12-09,116,1,84,508.46,508.46,3,One-time customer
17415.0,2011-09-21,2011-09-21,2011-12-09,79,1,114,507.84,507.84,3,One-time customer
14158.0,2011-10-30,2011-10-30,2011-12-09,40,1,781,507.66,507.66,3,One-time customer
14820.0,2011-06-19,2011-11-18,2011-12-09,21,4,253,507.29,126.82,3,Active repeat customer
15721.0,2011-11-28,2011-11-28,2011-12-09,11,1,409,507.08,507.08,3,One-time customer
16960.0,2011-04-01,2011-11-01,2011-12-09,38,3,304,507.05,169.02,3,Active repeat customer
13885.0,2011-05-23,2011-06-03,2011-12-09,189,2,182,506.80,253.40,3,At-risk repeat customer
16614.0,2011-06-10,2011-06-10,2011-12-09,182,1,223,506.19,506.19,3,One-time customer
14014.0,2011-09-23,2011-09-23,2011-12-09,77,1,1076,505.18,505.18,3,One-time customer
15081.0,2010-12-07,2011-11-17,2011-12-09,22,5,190,504.80,100.96,3,Active repeat customer
12991.0,2011-08-19,2011-11-16,2011-12-09,23,2,405,503.76,251.88,3,Active repeat customer
17630.0,2011-04-21,2011-06-23,2011-12-09,169,2,158,503.60,251.80,3,At-risk repeat customer
16863.0,2010-12-08,2011-11-08,2011-12-09,31,2,409,502.80,251.40,3,Active repeat customer
15006.0,2011-10-19,2011-10-19,2011-12-09,51,1,302,502.09,502.09,3,One-time customer
13865.0,2011-02-23,2011-10-12,2011-12-09,58,4,204,501.56,125.39,3,Active repeat customer
15881.0,2010-12-10,2011-01-31,2011-12-09,312,5,260,501.39,100.28,3,At-risk repeat customer
13116.0,2011-07-24,2011-07-24,2011-12-09,138,1,291,501.14,501.14,3,One-time customer
13247.0,2011-09-18,2011-11-22,2011-12-09,17,4,328,501.12,125.28,3,Active repeat customer
16616.0,2011-07-05,2011-11-24,2011-12-09,15,2,370,500.42,250.21,3,Active repeat customer
15389.0,2011-06-20,2011-06-20,2011-12-09,172,1,400,500.00,500.00,3,One-time customer
14958.0,2011-04-08,2011-07-15,2011-12-09,147,3,129,499.68,166.56,3,At-risk repeat customer
14077.0,2011-03-10,2011-10-30,2011-12-09,40,5,268,499.42,99.88,3,Active repeat customer
15193.0,2011-10-10,2011-10-10,2011-12-09,60,1,144,499.32,499.32,3,One-time customer
14681.0,2011-05-12,2011-09-29,2011-12-09,71,3,76,498.95,166.32,3,Active repeat customer
16488.0,2011-07-14,2011-11-06,2011-12-09,33,3,728,498.80,166.27,3,Active repeat customer
15142.0,2011-10-24,2011-10-24,2011-12-09,46,1,365,498.74,498.74,3,One-time customer
17053.0,2011-08-01,2011-08-01,2011-12-09,130,1,122,498.48,498.48,3,One-time customer
17298.0,2011-08-07,2011-08-30,2011-12-09,101,2,387,498.42,249.21,3,At-risk repeat customer
16820.0,2011-09-05,2011-09-05,2011-12-09,95,1,307,497.61,497.61,3,One-time customer
17495.0,2011-11-01,2011-12-02,2011-12-09,7,2,229,497.56,248.78,3,Active repeat customer
16368.0,2011-11-11,2011-12-07,2011-12-09,2,2,260,497.43,248.72,3,Active repeat customer
15300.0,2011-10-06,2011-10-06,2011-12-09,64,1,292,496.44,496.44,3,One-time customer
15018.0,2010-12-07,2011-11-01,2011-12-09,38,3,189,496.21,165.40,3,Active repeat customer
17374.0,2011-03-03,2011-05-05,2011-12-09,218,2,85,495.77,247.89,3,At-risk repeat customer
15448.0,2011-01-31,2011-01-31,2011-12-09,312,1,232,494.64,494.64,3,One-time customer
16352.0,2011-11-02,2011-11-22,2011-12-09,17,2,300,494.44,247.22,3,Active repeat customer
17333.0,2011-09-15,2011-09-15,2011-12-09,85,1,375,494.25,494.25,3,One-time customer
12763.0,2010-12-05,2011-07-24,2011-12-09,138,2,316,494.08,247.04,3,At-risk repeat customer
15877.0,2011-11-22,2011-12-08,2011-12-09,1,2,371,493.28,246.64,3,Active repeat customer
13176.0,2011-10-24,2011-10-24,2011-12-09,46,1,453,492.84,492.84,3,One-time customer
14270.0,2011-01-12,2011-01-12,2011-12-09,331,1,197,492.65,492.65,3,One-time customer
15507.0,2011-06-21,2011-06-21,2011-12-09,171,1,162,492.36,492.36,3,One-time customer
13732.0,2011-11-11,2011-11-11,2011-12-09,28,1,498,491.86,491.86,3,One-time customer
14236.0,2010-12-02,2011-09-20,2011-12-09,80,2,310,490.86,245.43,3,Active repeat customer
15000.0,2011-10-23,2011-10-23,2011-12-09,47,1,218,490.52,490.52,3,One-time customer
14416.0,2011-10-28,2011-11-17,2011-12-09,22,2,326,490.22,245.11,3,Active repeat customer
18074.0,2010-12-01,2010-12-01,2011-12-09,373,1,190,489.60,489.60,3,One-time customer
12809.0,2011-06-15,2011-06-15,2011-12-09,177,1,220,489.31,489.31,4,One-time customer
17361.0,2011-02-21,2011-10-21,2011-12-09,49,3,157,488.20,162.73,4,Active repeat customer
14396.0,2010-12-03,2011-10-05,2011-12-09,65,2,225,487.99,244.00,4,Active repeat customer
15165.0,2010-12-01,2010-12-01,2011-12-09,373,1,160,487.75,487.75,4,One-time customer
16643.0,2011-04-08,2011-04-08,2011-12-09,245,1,269,487.51,487.51,4,One-time customer
13338.0,2011-07-05,2011-07-05,2011-12-09,157,1,256,487.02,487.02,4,One-time customer
13675.0,2011-02-28,2011-07-11,2011-12-09,151,2,330,486.82,243.41,4,At-risk repeat customer
17453.0,2011-10-06,2011-11-22,2011-12-09,17,2,219,486.72,243.36,4,Active repeat customer
15287.0,2011-09-30,2011-11-17,2011-12-09,22,2,433,486.69,243.35,4,Active repeat customer
13153.0,2011-12-04,2011-12-04,2011-12-09,5,1,418,486.22,486.22,4,One-time customer
12639.0,2011-04-15,2011-04-15,2011-12-09,238,1,201,486.10,486.10,4,One-time customer
15109.0,2011-04-08,2011-04-08,2011-12-09,245,1,131,484.95,484.95,4,One-time customer
16999.0,2011-09-26,2011-11-16,2011-12-09,23,2,294,484.82,242.41,4,Active repeat customer
16504.0,2011-11-14,2011-11-14,2011-12-09,25,1,524,484.38,484.38,4,One-time customer
16518.0,2011-02-28,2011-10-09,2011-12-09,61,2,327,484.32,242.16,4,Active repeat customer
14130.0,2011-01-24,2011-01-24,2011-12-09,319,1,258,483.86,483.86,4,One-time customer
13531.0,2010-12-08,2011-05-18,2011-12-09,205,2,174,483.80,241.90,4,At-risk repeat customer
12808.0,2010-12-06,2011-11-03,2011-12-09,36,3,188,483.65,161.22,4,Active repeat customer
14147.0,2011-02-27,2011-09-22,2011-12-09,78,2,108,483.40,241.70,4,Active repeat customer
17555.0,2011-01-09,2011-11-20,2011-12-09,19,2,349,483.26,241.63,4,Active repeat customer
14450.0,2011-01-23,2011-06-12,2011-12-09,180,3,241,483.25,161.08,4,At-risk repeat customer
16603.0,2011-09-09,2011-09-26,2011-12-09,74,2,480,482.47,241.24,4,Active repeat customer
17950.0,2010-12-09,2011-09-28,2011-12-09,72,3,366,482.20,160.73,4,Active repeat customer
12504.0,2011-11-09,2011-11-21,2011-12-09,18,2,90,482.05,241.03,4,Active repeat customer
16693.0,2011-03-13,2011-10-02,2011-12-09,68,2,204,482.01,241.01,4,Active repeat customer
18216.0,2011-11-08,2011-11-08,2011-12-09,31,1,200,481.75,481.75,4,One-time customer
15091.0,2011-10-03,2011-10-03,2011-12-09,67,1,346,480.71,480.71,4,One-time customer
16812.0,2010-12-14,2010-12-14,2011-12-09,360,1,81,479.35,479.35,4,One-time customer
16008.0,2011-05-19,2011-11-16,2011-12-09,23,3,323,478.78,159.59,4,Active repeat customer
15589.0,2011-02-02,2011-03-29,2011-12-09,255,3,243,478.53,159.51,4,At-risk repeat customer
16768.0,2011-03-13,2011-10-23,2011-12-09,47,3,196,478.09,159.36,4,Active repeat customer
12644.0,2011-08-02,2011-08-02,2011-12-09,129,1,325,477.91,477.91,4,One-time customer
13092.0,2010-12-15,2011-09-30,2011-12-09,70,5,279,477.83,95.57,4,Active repeat customer
14320.0,2011-01-11,2011-05-17,2011-12-09,206,2,325,477.79,238.90,4,At-risk repeat customer
12447.0,2011-04-10,2011-04-10,2011-12-09,243,1,190,476.49,476.49,4,One-time customer
18176.0,2010-12-16,2010-12-16,2011-12-09,358,1,283,476.35,476.35,4,One-time customer
14853.0,2011-05-12,2011-11-15,2011-12-09,24,2,82,475.80,237.90,4,Active repeat customer
14497.0,2011-02-03,2011-02-03,2011-12-09,309,1,235,475.37,475.37,4,One-time customer
15780.0,2010-12-17,2011-06-09,2011-12-09,183,3,220,475.28,158.43,4,At-risk repeat customer
15349.0,2011-06-05,2011-07-04,2011-12-09,158,2,327,473.81,236.91,4,At-risk repeat customer
15557.0,2011-11-11,2011-11-11,2011-12-09,28,1,219,473.65,473.65,4,One-time customer
16374.0,2011-03-22,2011-10-04,2011-12-09,66,2,240,473.03,236.52,4,Active repeat customer
14013.0,2011-03-09,2011-08-21,2011-12-09,110,3,462,473.02,157.67,4,At-risk repeat customer
16038.0,2011-05-22,2011-12-02,2011-12-09,7,3,244,471.78,157.26,4,Active repeat customer
17964.0,2010-12-02,2011-11-08,2011-12-09,31,2,301,471.70,235.85,4,Active repeat customer
16885.0,2010-12-17,2011-11-24,2011-12-09,15,3,184,471.51,157.17,4,Active repeat customer
13066.0,2011-11-07,2011-11-15,2011-12-09,24,2,322,470.80,235.40,4,Active repeat customer
15963.0,2011-10-25,2011-11-20,2011-12-09,19,2,298,470.76,235.38,4,Active repeat customer
14431.0,2011-02-10,2011-02-10,2011-12-09,302,1,130,470.36,470.36,4,One-time customer
15471.0,2011-12-07,2011-12-07,2011-12-09,2,1,266,469.48,469.48,4,One-time customer
15026.0,2011-03-07,2011-09-20,2011-12-09,80,3,285,469.00,156.33,4,Active repeat customer
14896.0,2010-12-09,2011-05-19,2011-12-09,204,2,279,468.77,234.39,4,At-risk repeat customer
13171.0,2011-02-13,2011-11-18,2011-12-09,21,3,229,468.41,156.14,4,Active repeat customer
14335.0,2011-09-04,2011-11-23,2011-12-09,16,2,379,468.26,234.13,4,Active repeat customer
14029.0,2011-07-18,2011-10-07,2011-12-09,63,2,198,467.66,233.83,4,Active repeat customer
15468.0,2011-10-19,2011-10-19,2011-12-09,51,2,155,467.51,233.76,4,Active repeat customer
13579.0,2010-12-05,2011-11-25,2011-12-09,14,2,176,467.04,233.52,4,Active repeat customer
14205.0,2011-03-20,2011-11-23,2011-12-09,16,2,204,466.70,233.35,4,Active repeat customer
13248.0,2011-06-03,2011-08-07,2011-12-09,124,2,305,465.68,232.84,4,At-risk repeat customer
15036.0,2011-06-13,2011-09-28,2011-12-09,72,3,327,465.55,155.18,4,Active repeat customer
17140.0,2011-04-06,2011-04-06,2011-12-09,247,1,302,465.32,465.32,4,One-time customer
16742.0,2011-10-24,2011-10-24,2011-12-09,46,1,1,464.90,464.90,4,One-time customer
13928.0,2011-07-29,2011-11-29,2011-12-09,10,4,129,464.57,116.14,4,Active repeat customer
16586.0,2011-04-05,2011-04-05,2011-12-09,248,1,95,463.95,463.95,4,One-time customer
14967.0,2011-10-21,2011-10-21,2011-12-09,49,1,140,463.80,463.80,4,One-time customer
12787.0,2011-05-31,2011-11-30,2011-12-09,9,3,261,463.66,154.55,4,Active repeat customer
17418.0,2011-01-20,2011-10-28,2011-12-09,42,2,289,463.46,231.73,4,Active repeat customer
14489.0,2011-05-16,2011-05-16,2011-12-09,207,1,299,463.38,463.38,4,One-time customer
12945.0,2011-02-24,2011-02-24,2011-12-09,288,1,165,462.95,462.95,4,One-time customer
14331.0,2011-07-27,2011-08-07,2011-12-09,124,2,252,462.66,231.33,4,At-risk repeat customer
14470.0,2011-02-25,2011-11-28,2011-12-09,11,2,193,461.19,230.60,4,Active repeat customer
12391.0,2011-11-18,2011-11-18,2011-12-09,21,1,300,460.89,460.89,4,One-time customer
16824.0,2011-06-28,2011-11-24,2011-12-09,15,2,236,460.64,230.32,4,Active repeat customer
16805.0,2010-12-14,2011-06-19,2011-12-09,173,2,539,460.59,230.30,4,At-risk repeat customer
12491.0,2011-11-01,2011-11-01,2011-12-09,38,1,260,460.40,460.40,4,One-time customer
12355.0,2011-05-09,2011-05-09,2011-12-09,214,1,240,459.40,459.40,4,One-time customer
16589.0,2011-07-01,2011-09-29,2011-12-09,71,3,368,459.24,153.08,4,Active repeat customer
17880.0,2010-12-10,2010-12-10,2011-12-09,364,1,314,458.92,458.92,4,One-time customer
15754.0,2011-04-07,2011-10-19,2011-12-09,51,3,199,458.57,152.86,4,Active repeat customer
13506.0,2010-12-05,2011-01-27,2011-12-09,316,2,324,458.52,229.26,4,At-risk repeat customer
17392.0,2010-12-16,2011-02-06,2011-12-09,306,2,320,457.91,228.96,4,At-risk repeat customer
15092.0,2011-03-01,2011-05-08,2011-12-09,215,2,135,457.81,228.91,4,At-risk repeat customer
15121.0,2011-02-24,2011-10-20,2011-12-09,50,2,199,457.72,228.86,4,Active repeat customer
12375.0,2011-09-02,2011-11-29,2011-12-09,10,2,178,457.50,228.75,4,Active repeat customer
13398.0,2011-05-31,2011-05-31,2011-12-09,192,1,281,457.34,457.34,4,One-time customer
12564.0,2011-03-23,2011-03-23,2011-12-09,261,1,133,456.90,456.90,4,One-time customer
12999.0,2011-04-08,2011-05-27,2011-12-09,196,3,342,455.88,151.96,4,At-risk repeat customer
14513.0,2011-02-24,2011-08-31,2011-12-09,100,3,361,455.59,151.86,4,At-risk repeat customer
15585.0,2011-06-16,2011-06-16,2011-12-09,176,1,320,455.30,455.30,4,One-time customer
16529.0,2011-06-02,2011-06-02,2011-12-09,190,1,198,455.25,455.25,4,One-time customer
13485.0,2011-04-20,2011-04-20,2011-12-09,233,1,277,454.24,454.24,4,One-time customer
15475.0,2011-09-23,2011-09-23,2011-12-09,77,1,319,454.11,454.11,4,One-time customer
17564.0,2011-09-20,2011-11-15,2011-12-09,24,3,146,454.01,151.34,4,Active repeat customer
18158.0,2011-09-12,2011-11-30,2011-12-09,9,2,354,453.40,226.70,4,Active repeat customer
12729.0,2011-08-18,2011-08-18,2011-12-09,113,1,233,453.01,453.01,4,One-time customer
18071.0,2010-12-09,2011-03-27,2011-12-09,257,2,260,453.00,226.50,4,At-risk repeat customer
14184.0,2011-10-04,2011-10-04,2011-12-09,66,1,127,452.89,452.89,4,One-time customer
12591.0,2011-01-26,2011-01-26,2011-12-09,317,1,228,452.85,452.85,4,One-time customer
12970.0,2011-01-21,2011-12-02,2011-12-09,7,4,310,452.24,113.06,4,Active repeat customer
16574.0,2011-09-29,2011-09-29,2011-12-09,71,1,416,451.44,451.44,4,One-time customer
15802.0,2011-07-20,2011-07-20,2011-12-09,142,1,1,451.42,451.42,4,One-time customer
14173.0,2011-05-04,2011-11-29,2011-12-09,10,4,150,450.84,112.71,4,Active repeat customer
17040.0,2011-07-25,2011-07-25,2011-12-09,137,1,181,449.73,449.73,4,One-time customer
13489.0,2011-02-18,2011-08-26,2011-12-09,105,4,560,449.52,112.38,4,At-risk repeat customer
12448.0,2011-10-26,2011-10-26,2011-12-09,44,1,243,449.45,449.45,4,One-time customer
15739.0,2011-10-04,2011-10-04,2011-12-09,66,1,472,449.12,449.12,4,One-time customer
17579.0,2011-06-13,2011-12-05,2011-12-09,4,3,258,448.90,149.63,4,Active repeat customer
14780.0,2011-09-21,2011-10-16,2011-12-09,54,2,310,447.68,223.84,4,Active repeat customer
15646.0,2010-12-02,2011-07-05,2011-12-09,157,3,394,447.64,149.21,4,At-risk repeat customer
15456.0,2010-12-15,2011-03-01,2011-12-09,283,3,660,447.22,149.07,4,At-risk repeat customer
15368.0,2011-11-18,2011-11-18,2011-12-09,21,1,230,446.94,446.94,4,One-time customer
15889.0,2010-12-05,2011-07-06,2011-12-09,156,2,215,446.87,223.44,4,At-risk repeat customer
14149.0,2011-05-03,2011-05-03,2011-12-09,220,1,218,446.62,446.62,4,One-time customer
17370.0,2011-06-23,2011-09-28,2011-12-09,72,4,540,446.18,111.55,4,Active repeat customer
17190.0,2011-05-16,2011-10-12,2011-12-09,58,2,161,444.74,222.37,4,Active repeat customer
18006.0,2011-11-16,2011-11-16,2011-12-09,23,1,220,444.68,444.68,4,One-time customer
14638.0,2011-10-20,2011-10-20,2011-12-09,50,1,166,443.60,443.60,4,One-time customer
16404.0,2011-09-30,2011-09-30,2011-12-09,70,1,157,443.05,443.05,4,One-time customer
18222.0,2011-09-08,2011-09-08,2011-12-09,92,1,335,443.00,443.00,4,One-time customer
14093.0,2011-11-27,2011-11-27,2011-12-09,12,1,406,442.85,442.85,4,One-time customer
12579.0,2011-09-22,2011-09-22,2011-12-09,78,1,285,440.42,440.42,4,One-time customer
15524.0,2011-11-15,2011-11-15,2011-12-09,24,1,4,440.00,440.00,4,One-time customer
14022.0,2011-04-28,2011-04-28,2011-12-09,225,1,487,440.00,440.00,4,One-time customer
18233.0,2011-01-18,2011-01-18,2011-12-09,325,1,4,440.00,440.00,4,One-time customer
13954.0,2011-09-30,2011-12-08,2011-12-09,1,2,150,439.92,219.96,4,Active repeat customer
16025.0,2011-11-10,2011-11-10,2011-12-09,29,1,338,439.66,439.66,4,One-time customer
13359.0,2011-10-07,2011-10-07,2011-12-09,63,1,161,439.56,439.56,4,One-time customer
16968.0,2011-08-24,2011-12-05,2011-12-09,4,2,326,439.43,219.72,4,Active repeat customer
13358.0,2011-03-16,2011-03-16,2011-12-09,268,1,285,439.03,439.03,4,One-time customer
14272.0,2011-03-30,2011-09-27,2011-12-09,73,2,599,437.96,218.98,4,Active repeat customer
12552.0,2011-10-31,2011-11-01,2011-12-09,38,2,88,437.82,218.91,4,Active repeat customer
16034.0,2011-01-11,2011-05-27,2011-12-09,196,3,242,437.70,145.90,4,At-risk repeat customer
12592.0,2011-05-10,2011-09-08,2011-12-09,92,2,290,437.60,218.80,4,At-risk repeat customer
15553.0,2011-10-10,2011-10-10,2011-12-09,60,1,451,437.23,437.23,4,One-time customer
16084.0,2011-02-13,2011-02-13,2011-12-09,299,1,216,436.18,436.18,4,One-time customer
15551.0,2011-11-03,2011-11-03,2011-12-09,36,1,218,436.06,436.06,4,One-time customer
16948.0,2011-01-18,2011-07-24,2011-12-09,138,3,1614,435.02,145.01,4,At-risk repeat customer
14910.0,2011-10-16,2011-12-07,2011-12-09,2,4,238,434.35,108.59,4,Active repeat customer
14460.0,2011-02-02,2011-08-21,2011-12-09,110,3,881,434.34,144.78,4,At-risk repeat customer
12493.0,2011-05-26,2011-06-27,2011-12-09,165,2,207,433.74,216.87,4,At-risk repeat customer
17035.0,2011-02-01,2011-04-08,2011-12-09,245,2,229,433.53,216.77,4,At-risk repeat customer
14157.0,2011-02-27,2011-11-20,2011-12-09,19,2,284,432.88,216.44,4,Active repeat customer
16236.0,2011-09-22,2011-09-22,2011-12-09,78,1,184,432.20,432.20,4,One-time customer
16881.0,2011-10-04,2011-10-04,2011-12-09,66,1,600,432.00,432.00,4,One-time customer
15976.0,2011-05-03,2011-06-27,2011-12-09,165,2,277,430.94,215.47,4,At-risk repeat customer
18106.0,2011-01-14,2011-01-14,2011-12-09,329,1,128,430.70,430.70,4,One-time customer
12452.0,2011-11-23,2011-11-23,2011-12-09,16,2,185,430.57,215.29,4,Active repeat customer
13245.0,2011-10-20,2011-10-20,2011-12-09,50,1,125,430.50,430.50,4,One-time customer
12795.0,2011-11-21,2011-11-21,2011-12-09,18,1,68,430.48,430.48,4,One-time customer
12827.0,2011-10-26,2011-12-04,2011-12-09,5,3,197,430.15,143.38,4,Active repeat customer
14998.0,2011-04-12,2011-06-22,2011-12-09,170,2,270,429.87,214.94,4,At-risk repeat customer
16884.0,2011-11-02,2011-11-02,2011-12-09,37,2,320,429.84,214.92,4,Active repeat customer
15450.0,2011-11-09,2011-11-09,2011-12-09,30,1,376,429.84,429.84,4,One-time customer
15230.0,2011-04-13,2011-04-14,2011-12-09,239,2,351,429.60,214.80,4,At-risk repeat customer
15957.0,2011-11-08,2011-11-08,2011-12-09,31,1,211,428.89,428.89,4,One-time customer
13602.0,2011-10-06,2011-10-06,2011-12-09,64,1,267,428.89,428.89,4,One-time customer
16324.0,2011-06-15,2011-08-03,2011-12-09,128,3,282,428.68,142.89,4,At-risk repeat customer
17869.0,2010-12-06,2011-08-24,2011-12-09,107,5,111,428.18,85.64,4,At-risk repeat customer
15360.0,2011-10-31,2011-10-31,2011-12-09,39,1,223,427.93,427.93,4,One-time customer
12725.0,2010-12-03,2010-12-03,2011-12-09,371,1,164,427.80,427.80,4,One-time customer
12403.0,2011-10-21,2011-10-21,2011-12-09,49,1,96,427.70,427.70,4,One-time customer
12740.0,2011-10-07,2011-10-07,2011-12-09,63,1,342,427.60,427.60,4,One-time customer
12802.0,2011-06-06,2011-06-06,2011-12-09,186,1,314,427.58,427.58,4,One-time customer
15994.0,2011-10-16,2011-10-16,2011-12-09,54,1,177,427.07,427.07,4,One-time customer
17223.0,2010-12-06,2011-02-02,2011-12-09,310,2,112,426.79,213.40,4,At-risk repeat customer
15930.0,2011-10-03,2011-10-03,2011-12-09,67,1,139,426.63,426.63,4,One-time customer
14288.0,2011-05-10,2011-05-10,2011-12-09,213,1,188,426.60,426.60,4,One-time customer
15639.0,2011-07-28,2011-07-28,2011-12-09,134,1,323,425.32,425.32,4,One-time customer
16780.0,2011-03-25,2011-08-31,2011-12-09,100,2,271,425.19,212.60,4,At-risk repeat customer
17134.0,2011-03-20,2011-08-25,2011-12-09,106,2,102,425.00,212.50,4,At-risk repeat customer
17371.0,2010-12-13,2011-11-22,2011-12-09,17,3,152,423.89,141.30,4,Active repeat customer
13140.0,2010-12-08,2011-08-23,2011-12-09,108,3,186,423.72,141.24,4,At-risk repeat customer
16119.0,2011-09-28,2011-12-01,2011-12-09,8,2,240,423.36,211.68,4,Active repeat customer
15012.0,2010-12-01,2011-10-17,2011-12-09,53,2,231,423.04,211.52,4,Active repeat customer
18034.0,2011-11-18,2011-11-18,2011-12-09,21,2,561,422.88,211.44,4,Active repeat customer
17525.0,2010-12-15,2010-12-15,2011-12-09,359,1,82,422.70,422.70,4,One-time customer
13473.0,2011-01-11,2011-10-10,2011-12-09,60,2,266,422.64,211.32,4,Active repeat customer
16689.0,2011-09-18,2011-09-25,2011-12-09,75,2,330,422.60,211.30,4,Active repeat customer
18240.0,2011-10-24,2011-10-24,2011-12-09,46,1,126,422.58,422.58,4,One-time customer
17232.0,2011-11-25,2011-12-07,2011-12-09,2,2,203,421.52,210.76,4,Active repeat customer
14757.0,2011-09-25,2011-09-25,2011-12-09,75,1,160,420.50,420.50,4,One-time customer
15206.0,2011-03-09,2011-11-29,2011-12-09,10,4,162,420.30,105.08,4,Active repeat customer
14124.0,2011-09-16,2011-09-16,2011-12-09,84,1,1618,419.58,419.58,4,One-time customer
15361.0,2010-12-13,2010-12-13,2011-12-09,361,1,336,418.92,418.92,4,One-time customer
15967.0,2011-01-25,2011-11-16,2011-12-09,23,2,211,418.83,209.42,4,Active repeat customer
12593.0,2011-05-05,2011-08-23,2011-12-09,108,3,206,418.10,139.37,4,At-risk repeat customer
17701.0,2011-04-01,2011-04-01,2011-12-09,252,1,109,417.95,417.95,4,One-time customer
16629.0,2011-09-04,2011-09-27,2011-12-09,73,2,493,417.73,208.87,4,Active repeat customer
13615.0,2011-01-25,2011-01-25,2011-12-09,318,1,189,417.69,417.69,4,One-time customer
16737.0,2011-10-17,2011-10-17,2011-12-09,53,1,288,417.60,417.60,4,One-time customer
12833.0,2011-07-17,2011-07-17,2011-12-09,145,1,156,417.38,417.38,4,One-time customer
18001.0,2011-09-14,2011-11-27,2011-12-09,12,2,363,417.23,208.62,4,Active repeat customer
13166.0,2011-03-01,2011-03-01,2011-12-09,283,1,216,417.20,417.20,4,One-time customer
16816.0,2010-12-16,2011-08-28,2011-12-09,103,4,274,417.06,104.27,4,At-risk repeat customer
13889.0,2011-09-08,2011-09-08,2011-12-09,92,1,146,416.90,416.90,4,One-time customer
15935.0,2011-04-12,2011-04-14,2011-12-09,239,2,115,416.86,208.43,4,At-risk repeat customer
16957.0,2011-03-03,2011-04-14,2011-12-09,239,2,172,416.64,208.32,4,At-risk repeat customer
13085.0,2011-02-17,2011-07-05,2011-12-09,157,2,216,416.08,208.04,4,At-risk repeat customer
15803.0,2011-10-19,2011-10-19,2011-12-09,51,1,290,415.82,415.82,4,One-time customer
14139.0,2011-10-24,2011-10-24,2011-12-09,46,1,510,415.82,415.82,4,One-time customer
12930.0,2011-06-21,2011-09-22,2011-12-09,78,2,252,415.80,207.90,4,Active repeat customer
12580.0,2011-04-07,2011-04-07,2011-12-09,246,1,238,415.70,415.70,4,One-time customer
15725.0,2011-11-24,2011-11-24,2011-12-09,15,1,221,415.25,415.25,4,One-time customer
14333.0,2011-10-03,2011-10-03,2011-12-09,67,1,58,415.20,415.20,4,One-time customer
16795.0,2010-12-09,2010-12-09,2011-12-09,365,1,239,414.88,414.88,4,One-time customer
12993.0,2011-02-14,2011-11-16,2011-12-09,23,4,240,414.76,103.69,4,Active repeat customer
16239.0,2011-06-03,2011-10-14,2011-12-09,56,2,228,414.20,207.10,4,Active repeat customer
17483.0,2011-06-09,2011-10-05,2011-12-09,65,3,191,414.04,138.01,4,Active repeat customer
17052.0,2011-11-11,2011-11-11,2011-12-09,28,1,261,413.75,413.75,4,One-time customer
13974.0,2011-10-21,2011-10-21,2011-12-09,49,1,249,413.59,413.59,4,One-time customer
16834.0,2011-04-26,2011-04-26,2011-12-09,227,1,358,413.46,413.46,4,One-time customer
14620.0,2011-03-01,2011-05-18,2011-12-09,205,2,214,412.78,206.39,4,At-risk repeat customer
13827.0,2011-07-19,2011-10-13,2011-12-09,57,3,141,412.05,137.35,4,Active repeat customer
15523.0,2011-09-16,2011-09-16,2011-12-09,84,1,132,412.01,412.01,4,One-time customer
16272.0,2011-08-15,2011-08-15,2011-12-09,116,1,224,411.70,411.70,4,One-time customer
17913.0,2010-12-19,2011-10-12,2011-12-09,58,2,289,411.60,205.80,4,Active repeat customer
14670.0,2011-03-04,2011-03-04,2011-12-09,280,2,337,411.53,205.77,4,At-risk repeat customer
15186.0,2011-06-24,2011-11-25,2011-12-09,14,2,215,411.41,205.71,4,Active repeat customer
15099.0,2011-09-16,2011-09-16,2011-12-09,84,1,343,410.48,410.48,4,One-time customer
15695.0,2011-03-18,2011-03-18,2011-12-09,266,2,212,409.98,204.99,4,At-risk repeat customer
14048.0,2011-02-07,2011-02-07,2011-12-09,305,1,288,409.93,409.93,4,One-time customer
14348.0,2011-03-24,2011-03-24,2011-12-09,260,1,183,409.57,409.57,4,One-time customer
12990.0,2011-02-02,2011-11-08,2011-12-09,31,3,200,409.50,136.50,4,Active repeat customer
15225.0,2011-04-19,2011-04-19,2011-12-09,234,1,226,409.40,409.40,4,One-time customer
16243.0,2011-10-16,2011-11-06,2011-12-09,33,2,110,409.10,204.55,4,Active repeat customer
16018.0,2011-06-12,2011-10-31,2011-12-09,39,2,190,408.90,204.45,4,Active repeat customer
15269.0,2011-11-16,2011-11-16,2011-12-09,23,1,26,408.80,408.80,4,One-time customer
16399.0,2011-04-18,2011-11-20,2011-12-09,19,2,264,408.57,204.29,4,Active repeat customer
17931.0,2011-03-29,2011-07-28,2011-12-09,134,2,249,408.36,204.18,4,At-risk repeat customer
16010.0,2010-12-12,2011-04-08,2011-12-09,245,3,210,407.50,135.83,4,At-risk repeat customer
15184.0,2011-06-02,2011-11-10,2011-12-09,29,2,223,406.76,203.38,4,Active repeat customer
15127.0,2011-10-05,2011-10-05,2011-12-09,65,1,251,406.53,406.53,4,One-time customer
16947.0,2011-04-18,2011-04-18,2011-12-09,235,1,312,406.48,406.48,4,One-time customer
15342.0,2011-08-02,2011-08-02,2011-12-09,129,1,283,406.09,406.09,4,One-time customer
14616.0,2011-01-26,2011-04-11,2011-12-09,242,3,104,406.08,135.36,4,At-risk repeat customer
16204.0,2011-11-16,2011-11-16,2011-12-09,23,1,231,405.71,405.71,4,One-time customer
18036.0,2011-04-08,2011-11-07,2011-12-09,32,3,234,405.62,135.21,4,Active repeat customer
12922.0,2011-07-01,2011-07-01,2011-12-09,161,1,370,405.38,405.38,4,One-time customer
17379.0,2011-11-28,2011-11-28,2011-12-09,11,1,663,404.66,404.66,4,One-time customer
15938.0,2011-01-20,2011-08-19,2011-12-09,112,5,240,404.58,80.92,4,At-risk repeat customer
16319.0,2011-05-06,2011-05-06,2011-12-09,217,1,72,404.40,404.40,4,One-time customer
16484.0,2011-06-02,2011-06-19,2011-12-09,173,2,200,404.30,202.15,4,At-risk repeat customer
12498.0,2011-10-13,2011-11-18,2011-12-09,21,3,159,403.70,134.57,4,Active repeat customer
17431.0,2011-01-30,2011-01-30,2011-12-09,313,1,292,403.30,403.30,4,One-time customer
15221.0,2010-12-08,2010-12-08,2011-12-09,366,1,43,403.25,403.25,4,One-time customer
12386.0,2010-12-08,2011-01-06,2011-12-09,337,2,354,401.90,200.95,4,At-risk repeat customer
15158.0,2011-10-25,2011-10-25,2011-12-09,45,1,198,401.40,401.40,4,One-time customer
16500.0,2011-01-13,2011-12-05,2011-12-09,4,6,123,400.86,66.81,4,Active repeat customer
16198.0,2011-09-25,2011-09-25,2011-12-09,75,1,128,400.68,400.68,4,One-time customer
12792.0,2011-03-28,2011-03-28,2011-12-09,256,1,217,400.54,400.54,4,One-time customer
17375.0,2010-12-13,2011-05-24,2011-12-09,199,3,367,400.10,133.37,4,At-risk repeat customer
18164.0,2011-11-02,2011-11-02,2011-12-09,37,1,184,399.65,399.65,4,One-time customer
13255.0,2010-12-01,2011-11-30,2011-12-09,9,2,177,399.51,199.76,4,Active repeat customer
18154.0,2011-10-27,2011-12-06,2011-12-09,3,2,255,399.19,199.60,4,Active repeat customer
15522.0,2011-09-13,2011-11-07,2011-12-09,32,2,573,398.84,199.42,4,Active repeat customer
17830.0,2011-02-24,2011-12-08,2011-12-09,1,3,92,398.70,132.90,4,Active repeat customer
12508.0,2011-11-10,2011-11-13,2011-12-09,26,2,272,398.27,199.14,4,Active repeat customer
13352.0,2011-10-10,2011-10-10,2011-12-09,60,1,321,397.98,397.98,4,One-time customer
15429.0,2011-09-25,2011-11-13,2011-12-09,26,2,380,397.35,198.68,4,Active repeat customer
17926.0,2011-05-20,2011-07-29,2011-12-09,133,2,306,397.29,198.65,4,At-risk repeat customer
12824.0,2011-10-11,2011-10-11,2011-12-09,59,1,232,397.12,397.12,4,One-time customer
13594.0,2011-10-18,2011-10-18,2011-12-09,52,1,359,396.97,396.97,4,One-time customer
13673.0,2011-11-07,2011-11-21,2011-12-09,18,2,119,396.92,198.46,4,Active repeat customer
17486.0,2011-03-23,2011-03-23,2011-12-09,261,1,191,396.87,396.87,4,One-time customer
15883.0,2011-11-06,2011-12-07,2011-12-09,2,2,223,396.48,198.24,4,Active repeat customer
18067.0,2011-10-30,2011-10-30,2011-12-09,40,1,189,396.33,396.33,4,One-time customer
16354.0,2011-09-27,2011-10-07,2011-12-09,63,2,150,395.80,197.90,4,Active repeat customer
17603.0,2011-09-22,2011-09-22,2011-12-09,78,1,74,394.72,394.72,4,One-time customer
14619.0,2011-04-08,2011-04-08,2011-12-09,245,1,152,394.44,394.44,4,One-time customer
16207.0,2011-11-14,2011-11-14,2011-12-09,25,1,140,394.38,394.38,4,One-time customer
15386.0,2011-06-06,2011-06-06,2011-12-09,186,1,446,394.14,394.14,4,One-time customer
15264.0,2011-10-06,2011-10-06,2011-12-09,64,1,265,393.74,393.74,4,One-time customer
15345.0,2011-10-25,2011-10-25,2011-12-09,45,1,81,393.54,393.54,4,One-time customer
17226.0,2011-02-04,2011-02-04,2011-12-09,308,1,406,393.49,393.49,4,One-time customer
14600.0,2011-02-07,2011-02-07,2011-12-09,305,1,125,393.33,393.33,4,One-time customer
15837.0,2011-10-06,2011-10-06,2011-12-09,64,1,189,391.98,391.98,4,One-time customer
16917.0,2011-03-08,2011-03-08,2011-12-09,276,1,232,391.52,391.52,4,One-time customer
12982.0,2011-04-11,2011-04-11,2011-12-09,242,1,288,390.54,390.54,4,One-time customer
17614.0,2011-10-13,2011-10-13,2011-12-09,57,1,238,390.07,390.07,4,One-time customer
17936.0,2011-12-04,2011-12-04,2011-12-09,5,1,262,389.84,389.84,4,One-time customer
18024.0,2011-07-10,2011-07-10,2011-12-09,152,2,184,389.78,194.89,4,At-risk repeat customer
14752.0,2011-10-27,2011-10-27,2011-12-09,43,1,260,389.64,389.64,4,One-time customer
13873.0,2011-02-03,2011-08-12,2011-12-09,119,3,140,389.60,129.87,4,At-risk repeat customer
13345.0,2011-02-25,2011-02-25,2011-12-09,287,1,141,389.50,389.50,4,One-time customer
16250.0,2010-12-01,2011-03-23,2011-12-09,261,2,208,389.44,194.72,4,At-risk repeat customer
15847.0,2011-02-24,2011-11-01,2011-12-09,38,2,449,389.27,194.64,4,Active repeat customer
12690.0,2011-05-18,2011-05-18,2011-12-09,205,1,106,389.01,389.01,4,One-time customer
17595.0,2011-11-02,2011-11-27,2011-12-09,12,2,229,388.79,194.40,4,Active repeat customer
15592.0,2011-10-24,2011-10-24,2011-12-09,46,1,354,388.58,388.58,4,One-time customer
13899.0,2011-03-10,2011-11-23,2011-12-09,16,2,156,388.52,194.26,4,Active repeat customer
13856.0,2011-05-20,2011-06-24,2011-12-09,168,3,494,388.50,129.50,4,At-risk repeat customer
17438.0,2011-03-31,2011-03-31,2011-12-09,253,1,103,388.45,388.45,4,One-time customer
16776.0,2011-10-10,2011-10-10,2011-12-09,60,1,262,388.28,388.28,4,One-time customer
14538.0,2011-03-28,2011-10-06,2011-12-09,64,2,155,388.25,194.13,4,Active repeat customer
17357.0,2011-11-15,2011-11-15,2011-12-09,24,2,153,388.14,194.07,4,Active repeat customer
17817.0,2011-03-07,2011-12-05,2011-12-09,4,3,67,387.68,129.23,4,Active repeat customer
14420.0,2011-09-01,2011-09-01,2011-12-09,99,1,334,387.52,387.52,4,One-time customer
17508.0,2011-03-04,2011-03-04,2011-12-09,280,1,289,387.31,387.31,4,One-time customer
14114.0,2011-01-13,2011-03-11,2011-12-09,273,2,101,386.53,193.27,4,At-risk repeat customer
15664.0,2011-10-20,2011-10-20,2011-12-09,50,1,157,386.43,386.43,4,One-time customer
14779.0,2011-01-20,2011-03-04,2011-12-09,280,3,84,386.15,128.72,4,At-risk repeat customer
13821.0,2011-03-23,2011-07-18,2011-12-09,144,2,153,385.64,192.82,4,At-risk repeat customer
17711.0,2011-02-23,2011-11-29,2011-12-09,10,2,246,385.10,192.55,4,Active repeat customer
13919.0,2011-08-10,2011-10-11,2011-12-09,59,2,474,384.81,192.41,4,Active repeat customer
13833.0,2011-07-03,2011-07-03,2011-12-09,159,1,118,384.80,384.80,4,One-time customer
17250.0,2011-03-23,2011-12-06,2011-12-09,3,2,168,384.52,192.26,4,Active repeat customer
17189.0,2010-12-15,2011-08-25,2011-12-09,106,2,227,384.40,192.20,4,At-risk repeat customer
17205.0,2011-10-17,2011-10-17,2011-12-09,53,1,884,384.08,384.08,4,One-time customer
16982.0,2011-10-10,2011-10-10,2011-12-09,60,1,182,384.06,384.06,4,One-time customer
15048.0,2010-12-06,2011-10-05,2011-12-09,65,4,195,384.05,96.01,4,Active repeat customer
12733.0,2011-04-19,2011-04-19,2011-12-09,234,1,137,383.95,383.95,4,One-time customer
12515.0,2010-12-21,2010-12-21,2011-12-09,353,1,131,383.70,383.70,4,One-time customer
15440.0,2011-05-15,2011-10-16,2011-12-09,54,3,197,383.68,127.89,4,Active repeat customer
14304.0,2011-05-01,2011-05-01,2011-12-09,222,1,139,383.45,383.45,4,One-time customer
15424.0,2011-03-30,2011-03-30,2011-12-09,254,2,554,383.34,191.67,4,At-risk repeat customer
12832.0,2011-09-02,2011-11-07,2011-12-09,32,2,195,383.03,191.52,4,Active repeat customer
13817.0,2010-12-23,2011-11-10,2011-12-09,29,2,211,382.98,191.49,4,Active repeat customer
18181.0,2011-11-15,2011-11-15,2011-12-09,24,1,146,382.80,382.80,4,One-time customer
17239.0,2011-01-31,2011-01-31,2011-12-09,312,1,150,382.50,382.50,4,One-time customer
13657.0,2011-05-22,2011-11-29,2011-12-09,10,2,209,382.14,191.07,4,Active repeat customer
17999.0,2010-12-08,2011-11-02,2011-12-09,37,2,221,382.06,191.03,4,Active repeat customer
15090.0,2011-02-04,2011-02-04,2011-12-09,308,1,208,381.32,381.32,4,One-time customer
16441.0,2011-02-21,2011-10-03,2011-12-09,67,2,173,381.20,190.60,4,Active repeat customer
12871.0,2011-05-16,2011-09-16,2011-12-09,84,2,200,380.64,190.32,4,Active repeat customer
17573.0,2011-09-07,2011-11-10,2011-12-09,29,3,308,380.60,126.87,4,Active repeat customer
16930.0,2011-10-02,2011-11-13,2011-12-09,26,3,341,380.55,126.85,4,Active repeat customer
17138.0,2011-03-09,2011-03-09,2011-12-09,275,1,126,380.50,380.50,4,One-time customer
12890.0,2011-11-15,2011-11-15,2011-12-09,24,1,259,380.47,380.47,4,One-time customer
16769.0,2011-03-24,2011-03-24,2011-12-09,260,1,83,380.39,380.39,4,One-time customer
17031.0,2011-07-08,2011-11-28,2011-12-09,11,2,235,380.35,190.18,4,Active repeat customer
14731.0,2011-05-11,2011-10-23,2011-12-09,47,3,256,380.02,126.67,4,Active repeat customer
14594.0,2010-12-01,2011-12-02,2011-12-09,7,2,185,379.83,189.92,4,Active repeat customer
16552.0,2010-12-01,2011-04-11,2011-12-09,242,2,219,379.73,189.87,4,At-risk repeat customer
13656.0,2011-01-06,2011-06-28,2011-12-09,164,2,490,379.65,189.83,4,At-risk repeat customer
13589.0,2011-06-13,2011-11-25,2011-12-09,14,2,114,379.65,189.83,4,Active repeat customer
17878.0,2011-10-27,2011-10-27,2011-12-09,43,1,401,379.45,379.45,4,One-time customer
15885.0,2011-02-03,2011-09-08,2011-12-09,92,3,111,379.35,126.45,4,At-risk repeat customer
16909.0,2011-09-28,2011-09-28,2011-12-09,72,1,436,379.14,379.14,4,One-time customer
13372.0,2011-09-11,2011-09-11,2011-12-09,89,1,159,378.64,378.64,4,One-time customer
17078.0,2011-11-03,2011-11-03,2011-12-09,36,2,788,378.20,189.10,4,Active repeat customer
17736.0,2011-08-18,2011-11-30,2011-12-09,9,3,238,377.44,125.81,4,Active repeat customer
15025.0,2011-11-06,2011-11-06,2011-12-09,33,1,189,377.01,377.01,4,One-time customer
17489.0,2011-05-11,2011-10-12,2011-12-09,58,2,428,376.64,188.32,4,Active repeat customer
13936.0,2011-06-13,2011-06-13,2011-12-09,179,1,330,376.58,376.58,4,One-time customer
16858.0,2010-12-06,2010-12-06,2011-12-09,368,1,91,375.69,375.69,4,One-time customer
14448.0,2010-12-10,2011-11-30,2011-12-09,9,2,104,375.35,187.68,4,Active repeat customer
14079.0,2011-08-07,2011-08-07,2011-12-09,124,1,301,375.10,375.10,4,One-time customer
16147.0,2011-07-29,2011-07-29,2011-12-09,133,1,246,375.00,375.00,4,One-time customer
14067.0,2011-09-04,2011-10-07,2011-12-09,63,2,361,374.70,187.35,4,Active repeat customer
17492.0,2011-04-05,2011-04-05,2011-12-09,248,1,155,374.57,374.57,4,One-time customer
12873.0,2011-03-02,2011-03-02,2011-12-09,282,1,128,374.00,374.00,4,One-time customer
13351.0,2011-10-04,2011-10-04,2011-12-09,66,1,117,373.94,373.94,4,One-time customer
13569.0,2010-12-07,2011-11-22,2011-12-09,17,2,164,373.75,186.88,4,Active repeat customer
16321.0,2011-01-20,2011-09-28,2011-12-09,72,5,135,373.65,74.73,4,Active repeat customer
16903.0,2011-11-10,2011-11-10,2011-12-09,29,1,262,373.24,373.24,4,One-time customer
12895.0,2011-09-14,2011-10-28,2011-12-09,42,2,210,372.80,186.40,4,Active repeat customer
12544.0,2011-11-03,2011-11-03,2011-12-09,36,1,136,372.70,372.70,4,One-time customer
12981.0,2011-07-29,2011-11-10,2011-12-09,29,2,242,372.22,186.11,4,Active repeat customer
16065.0,2010-12-09,2010-12-09,2011-12-09,365,1,231,372.09,372.09,4,One-time customer
13300.0,2011-06-23,2011-06-23,2011-12-09,169,1,203,371.89,371.89,4,One-time customer
17765.0,2011-03-28,2011-07-04,2011-12-09,158,3,144,371.88,123.96,4,At-risk repeat customer
14690.0,2011-07-11,2011-10-26,2011-12-09,44,2,170,371.70,185.85,4,Active repeat customer
18155.0,2011-02-21,2011-09-25,2011-12-09,75,3,266,371.62,123.87,4,Active repeat customer
15472.0,2011-08-18,2011-08-18,2011-12-09,113,1,251,371.56,371.56,4,One-time customer
14950.0,2011-11-20,2011-11-20,2011-12-09,19,1,136,371.20,371.20,4,One-time customer
15975.0,2011-09-16,2011-09-16,2011-12-09,84,1,243,371.01,371.01,4,One-time customer
15063.0,2011-05-10,2011-05-10,2011-12-09,213,1,56,370.80,370.80,4,One-time customer
16343.0,2011-11-23,2011-11-23,2011-12-09,16,2,195,370.48,185.24,4,Active repeat customer
15922.0,2010-12-01,2010-12-01,2011-12-09,373,1,138,369.50,369.50,4,One-time customer
16758.0,2011-10-05,2011-10-05,2011-12-09,65,1,203,369.34,369.34,4,One-time customer
14888.0,2011-05-16,2011-05-16,2011-12-09,207,1,184,369.20,369.20,4,One-time customer
16372.0,2011-11-06,2011-11-06,2011-12-09,33,2,166,367.93,183.97,4,Active repeat customer
17911.0,2011-11-30,2011-11-30,2011-12-09,9,1,223,366.23,366.23,4,One-time customer
17358.0,2010-12-19,2011-02-09,2011-12-09,303,2,202,365.85,182.93,4,At-risk repeat customer
17432.0,2011-11-02,2011-11-21,2011-12-09,18,2,207,365.76,182.88,4,Active repeat customer
16499.0,2010-12-10,2010-12-14,2011-12-09,360,2,127,365.45,182.73,4,At-risk repeat customer
16202.0,2010-12-14,2010-12-14,2011-12-09,360,1,191,365.27,365.27,4,One-time customer
14886.0,2011-04-01,2011-04-01,2011-12-09,252,1,160,364.80,364.80,4,One-time customer
15949.0,2011-09-29,2011-11-23,2011-12-09,16,2,284,364.72,182.36,4,Active repeat customer
12373.0,2011-02-01,2011-02-01,2011-12-09,311,1,197,364.60,364.60,4,One-time customer
15343.0,2011-09-13,2011-09-13,2011-12-09,87,1,84,364.50,364.50,4,One-time customer
14528.0,2011-11-02,2011-11-02,2011-12-09,37,1,278,364.22,364.22,4,One-time customer
12538.0,2011-11-10,2011-11-10,2011-12-09,29,1,191,363.95,363.95,4,One-time customer
17330.0,2011-10-03,2011-11-17,2011-12-09,22,2,120,363.90,181.95,4,Active repeat customer
15901.0,2011-07-08,2011-11-23,2011-12-09,16,3,384,363.88,121.29,4,Active repeat customer
14171.0,2011-09-02,2011-09-02,2011-12-09,98,1,167,363.79,363.79,4,One-time customer
16509.0,2011-02-16,2011-02-16,2011-12-09,296,1,64,363.70,363.70,4,One-time customer
18056.0,2011-02-24,2011-02-24,2011-12-09,288,1,211,363.65,363.65,4,One-time customer
12915.0,2010-12-02,2011-07-14,2011-12-09,148,2,93,363.65,181.83,4,At-risk repeat customer
16485.0,2011-09-23,2011-09-23,2011-12-09,77,1,235,363.65,363.65,4,One-time customer
14932.0,2010-12-09,2010-12-09,2011-12-09,365,1,80,363.53,363.53,4,One-time customer
14427.0,2011-10-07,2011-10-20,2011-12-09,50,2,228,363.34,181.67,4,Active repeat customer
16378.0,2011-02-02,2011-04-06,2011-12-09,247,3,267,362.95,120.98,4,At-risk repeat customer
16052.0,2011-10-16,2011-10-16,2011-12-09,54,1,282,362.06,362.06,4,One-time customer
13844.0,2011-11-28,2011-11-28,2011-12-09,11,1,196,361.62,361.62,4,One-time customer
16305.0,2011-07-24,2011-07-24,2011-12-09,138,1,256,361.22,361.22,4,One-time customer
13291.0,2011-07-07,2011-07-07,2011-12-09,155,1,233,361.11,361.11,4,One-time customer
15872.0,2011-11-25,2011-11-25,2011-12-09,14,2,212,360.93,180.47,4,Active repeat customer
16595.0,2011-10-09,2011-10-09,2011-12-09,61,1,335,360.16,360.16,4,One-time customer
13780.0,2011-06-22,2011-12-02,2011-12-09,7,2,318,360.01,180.01,4,Active repeat customer
13298.0,2011-12-08,2011-12-08,2011-12-09,1,1,96,360.00,360.00,4,One-time customer
15120.0,2011-07-29,2011-07-29,2011-12-09,133,1,296,358.82,358.82,4,One-time customer
17948.0,2011-07-15,2011-07-15,2011-12-09,147,1,144,358.56,358.56,4,One-time customer
16823.0,2011-04-26,2011-04-26,2011-12-09,227,1,136,358.38,358.38,4,One-time customer
13228.0,2011-09-19,2011-09-19,2011-12-09,81,1,200,358.00,358.00,4,One-time customer
13976.0,2011-05-17,2011-05-17,2011-12-09,206,1,154,357.98,357.98,4,One-time customer
16274.0,2010-12-01,2010-12-01,2011-12-09,373,1,155,357.95,357.95,4,One-time customer
17025.0,2010-12-01,2011-10-10,2011-12-09,60,3,235,357.77,119.26,4,Active repeat customer
16971.0,2011-11-01,2011-11-01,2011-12-09,38,1,72,357.21,357.21,4,One-time customer
18040.0,2011-04-08,2011-11-20,2011-12-09,19,2,148,357.20,178.60,4,Active repeat customer
13453.0,2011-02-23,2011-06-27,2011-12-09,165,2,134,356.98,178.49,4,At-risk repeat customer
14500.0,2011-06-03,2011-09-12,2011-12-09,88,3,117,356.85,118.95,4,Active repeat customer
15713.0,2010-12-08,2011-07-19,2011-12-09,143,2,150,356.70,178.35,4,At-risk repeat customer
15247.0,2011-08-09,2011-08-09,2011-12-09,122,1,160,356.00,356.00,4,One-time customer
15840.0,2011-06-20,2011-10-12,2011-12-09,58,2,396,355.56,177.78,4,Active repeat customer
14537.0,2011-10-13,2011-10-13,2011-12-09,57,1,120,355.56,355.56,4,One-time customer
12617.0,2011-11-10,2011-11-10,2011-12-09,29,1,213,355.53,355.53,4,One-time customer
17742.0,2011-01-11,2011-08-18,2011-12-09,113,2,89,355.11,177.56,4,At-risk repeat customer
13642.0,2011-05-08,2011-05-08,2011-12-09,215,1,173,354.80,354.80,4,One-time customer
17222.0,2011-10-05,2011-10-05,2011-12-09,65,1,128,354.15,354.15,4,One-time customer
12888.0,2011-03-29,2011-05-09,2011-12-09,214,2,76,354.12,177.06,4,At-risk repeat customer
15870.0,2011-11-07,2011-11-07,2011-12-09,32,1,335,354.09,354.09,4,One-time customer
12845.0,2011-02-22,2011-03-17,2011-12-09,267,4,204,354.09,88.52,4,At-risk repeat customer
17252.0,2011-06-06,2011-08-15,2011-12-09,116,2,193,353.86,176.93,4,At-risk repeat customer
12715.0,2011-08-25,2011-08-25,2011-12-09,106,1,197,353.86,353.86,4,One-time customer
13173.0,2010-12-07,2011-12-05,2011-12-09,4,2,277,353.65,176.83,4,Active repeat customer
13210.0,2011-09-07,2011-09-07,2011-12-09,93,1,316,353.48,353.48,4,One-time customer
13343.0,2011-06-15,2011-06-15,2011-12-09,177,1,135,353.43,353.43,4,One-time customer
14804.0,2011-12-01,2011-12-01,2011-12-09,8,1,121,353.27,353.27,4,One-time customer
17976.0,2010-12-02,2010-12-02,2011-12-09,372,1,106,353.19,353.19,4,One-time customer
15678.0,2011-10-18,2011-10-18,2011-12-09,52,1,184,352.70,352.70,4,One-time customer
18112.0,2011-06-26,2011-11-27,2011-12-09,12,2,255,352.69,176.35,4,Active repeat customer
15334.0,2011-06-19,2011-07-06,2011-12-09,156,3,274,351.67,117.22,4,At-risk repeat customer
12566.0,2011-09-14,2011-09-14,2011-12-09,86,1,265,351.65,351.65,4,One-time customer
15789.0,2010-12-16,2010-12-16,2011-12-09,358,1,438,351.30,351.30,4,One-time customer
13923.0,2011-10-17,2011-10-17,2011-12-09,53,1,185,351.13,351.13,4,One-time customer
15900.0,2011-11-16,2011-11-16,2011-12-09,23,1,221,351.11,351.11,4,One-time customer
13332.0,2011-11-25,2011-11-25,2011-12-09,14,1,179,350.90,350.90,4,One-time customer
13740.0,2011-04-13,2011-04-13,2011-12-09,240,1,425,350.75,350.75,4,One-time customer
17835.0,2011-11-16,2011-12-07,2011-12-09,2,3,348,350.64,116.88,4,Active repeat customer
17795.0,2011-03-20,2011-06-13,2011-12-09,179,2,341,350.39,175.20,4,At-risk repeat customer
13108.0,2010-12-02,2010-12-02,2011-12-09,372,1,298,350.06,350.06,4,One-time customer
12532.0,2011-11-09,2011-11-09,2011-12-09,30,1,153,349.83,349.83,4,One-time customer
13670.0,2011-09-25,2011-09-25,2011-12-09,75,1,282,349.70,349.70,4,One-time customer
13887.0,2011-05-19,2011-05-19,2011-12-09,204,1,147,349.55,349.55,4,One-time customer
18250.0,2011-02-02,2011-02-02,2011-12-09,310,1,199,349.27,349.27,4,One-time customer
15405.0,2011-06-03,2011-06-03,2011-12-09,189,1,193,349.10,349.10,4,One-time customer
13927.0,2011-09-26,2011-09-26,2011-12-09,74,1,214,348.99,348.99,4,One-time customer
13790.0,2011-12-05,2011-12-05,2011-12-09,4,1,748,348.80,348.80,4,One-time customer
18127.0,2011-07-29,2011-11-20,2011-12-09,19,3,188,348.73,116.24,4,Active repeat customer
12527.0,2011-01-18,2011-09-19,2011-12-09,81,3,234,348.71,116.24,4,Active repeat customer
15579.0,2011-01-30,2011-10-02,2011-12-09,68,2,120,348.60,174.30,4,Active repeat customer
16159.0,2011-03-03,2011-03-03,2011-12-09,281,1,236,348.20,348.20,4,One-time customer
13052.0,2011-05-11,2011-05-11,2011-12-09,212,1,222,348.15,348.15,4,One-time customer
14379.0,2011-02-17,2011-10-26,2011-12-09,44,2,292,348.10,174.05,4,Active repeat customer
13497.0,2010-12-06,2011-03-02,2011-12-09,282,2,163,348.05,174.03,4,At-risk repeat customer
17668.0,2011-11-01,2011-12-08,2011-12-09,1,2,93,347.75,173.88,4,Active repeat customer
13062.0,2011-06-01,2011-06-01,2011-12-09,191,1,343,346.98,346.98,4,One-time customer
13649.0,2010-12-08,2011-03-28,2011-12-09,256,2,139,346.60,173.30,4,At-risk repeat customer
16423.0,2011-11-15,2011-11-15,2011-12-09,24,1,230,346.12,346.12,4,One-time customer
13091.0,2011-11-11,2011-11-11,2011-12-09,28,1,466,345.82,345.82,4,One-time customer
15781.0,2011-02-07,2011-11-14,2011-12-09,25,3,180,345.46,115.15,4,Active repeat customer
17123.0,2011-07-01,2011-07-01,2011-12-09,161,1,246,345.30,345.30,4,One-time customer
13774.0,2011-09-19,2011-09-19,2011-12-09,81,1,192,345.00,345.00,4,One-time customer
14633.0,2011-03-18,2011-03-18,2011-12-09,266,1,96,344.90,344.90,4,One-time customer
16978.0,2011-09-23,2011-09-23,2011-12-09,77,1,166,344.33,344.33,4,One-time customer
17569.0,2011-01-11,2011-01-11,2011-12-09,332,1,159,344.14,344.14,4,One-time customer
13068.0,2011-01-24,2011-11-29,2011-12-09,10,2,200,344.00,172.00,4,Active repeat customer
15047.0,2011-03-15,2011-03-15,2011-12-09,269,1,222,343.62,343.62,4,One-time customer
15520.0,2011-12-08,2011-12-08,2011-12-09,1,1,314,343.50,343.50,4,One-time customer
18081.0,2011-07-29,2011-11-03,2011-12-09,36,3,195,343.45,114.48,4,Active repeat customer
15880.0,2010-12-05,2010-12-05,2011-12-09,369,1,211,343.28,343.28,4,One-time customer
12875.0,2010-12-12,2011-07-19,2011-12-09,143,2,2019,343.23,171.62,4,At-risk repeat customer
17201.0,2011-10-17,2011-10-17,2011-12-09,53,1,268,342.63,342.63,4,One-time customer
16851.0,2011-10-19,2011-12-05,2011-12-09,4,3,271,342.45,114.15,4,Active repeat customer
16826.0,2011-10-19,2011-10-19,2011-12-09,51,1,158,341.70,341.70,4,One-time customer
13347.0,2011-09-30,2011-09-30,2011-12-09,70,1,205,341.36,341.36,4,One-time customer
17917.0,2010-12-12,2011-10-25,2011-12-09,45,3,187,341.28,113.76,4,Active repeat customer
14491.0,2010-12-02,2011-06-17,2011-12-09,175,2,139,340.93,170.47,4,At-risk repeat customer
12519.0,2011-10-07,2011-10-07,2011-12-09,63,1,183,340.84,340.84,4,One-time customer
15115.0,2011-11-21,2011-11-21,2011-12-09,18,1,157,340.11,340.11,4,One-time customer
13737.0,2011-05-23,2011-05-23,2011-12-09,200,1,125,339.60,339.60,4,One-time customer
17045.0,2011-04-06,2011-08-18,2011-12-09,113,3,106,339.44,113.15,4,At-risk repeat customer
16545.0,2011-06-28,2011-06-28,2011-12-09,164,1,78,339.30,339.30,4,One-time customer
17697.0,2011-04-17,2011-04-17,2011-12-09,236,1,93,338.95,338.95,4,One-time customer
17839.0,2011-10-28,2011-10-28,2011-12-09,42,1,285,338.80,338.80,4,One-time customer
16183.0,2011-10-03,2011-10-03,2011-12-09,67,1,113,338.71,338.71,4,One-time customer
15652.0,2011-09-09,2011-09-09,2011-12-09,91,1,208,337.74,337.74,4,One-time customer
15942.0,2011-07-29,2011-07-29,2011-12-09,133,1,232,337.44,337.44,4,One-time customer
13930.0,2011-07-26,2011-10-13,2011-12-09,57,2,274,337.34,168.67,4,Active repeat customer
17973.0,2011-10-19,2011-10-19,2011-12-09,51,1,176,337.04,337.04,4,One-time customer
16105.0,2011-04-05,2011-04-05,2011-12-09,248,1,330,336.96,336.96,4,One-time customer
17914.0,2011-12-06,2011-12-06,2011-12-09,3,1,473,336.43,336.43,4,One-time customer
15619.0,2011-11-29,2011-11-29,2011-12-09,10,1,136,336.40,336.40,4,One-time customer
17384.0,2011-05-04,2011-11-20,2011-12-09,19,2,88,336.40,168.20,4,Active repeat customer
14954.0,2011-11-27,2011-11-27,2011-12-09,12,1,127,336.17,336.17,4,One-time customer
18078.0,2011-03-25,2011-05-06,2011-12-09,217,2,145,336.13,168.07,4,At-risk repeat customer
15921.0,2011-06-20,2011-06-20,2011-12-09,172,1,166,336.03,336.03,4,One-time customer
18276.0,2011-10-27,2011-10-27,2011-12-09,43,1,186,335.86,335.86,4,One-time customer
14196.0,2011-08-25,2011-08-25,2011-12-09,106,1,142,335.52,335.52,4,One-time customer
16063.0,2011-03-24,2011-03-24,2011-12-09,260,1,262,335.32,335.32,4,One-time customer
17221.0,2011-11-03,2011-12-02,2011-12-09,7,2,288,335.13,167.57,4,Active repeat customer
12489.0,2011-01-07,2011-01-07,2011-12-09,336,1,105,334.93,334.93,4,One-time customer
14988.0,2011-05-12,2011-05-12,2011-12-09,211,1,141,334.54,334.54,4,One-time customer
15466.0,2011-09-15,2011-09-15,2011-12-09,85,1,246,334.53,334.53,4,One-time customer
12350.0,2011-02-02,2011-02-02,2011-12-09,310,1,197,334.40,334.40,4,One-time customer
15918.0,2011-03-13,2011-06-02,2011-12-09,190,2,153,334.23,167.12,4,At-risk repeat customer
14264.0,2011-04-08,2011-07-08,2011-12-09,154,2,70,333.97,166.99,4,At-risk repeat customer
13216.0,2011-03-17,2011-03-17,2011-12-09,267,1,297,333.74,333.74,4,One-time customer
13727.0,2011-11-06,2011-11-11,2011-12-09,28,2,162,333.48,166.74,4,Active repeat customer
16625.0,2011-03-10,2011-03-10,2011-12-09,274,1,164,333.08,333.08,4,One-time customer
14902.0,2011-11-14,2011-11-14,2011-12-09,25,1,218,332.66,332.66,4,One-time customer
13904.0,2011-02-18,2011-11-02,2011-12-09,37,2,332,332.64,166.32,4,Active repeat customer
16850.0,2011-01-10,2011-01-10,2011-12-09,333,1,249,332.41,332.41,4,One-time customer
16803.0,2011-10-05,2011-10-05,2011-12-09,65,1,245,332.30,332.30,4,One-time customer
16177.0,2011-10-20,2011-10-20,2011-12-09,50,1,95,331.95,331.95,4,One-time customer
16030.0,2011-02-03,2011-02-03,2011-12-09,309,1,283,331.24,331.24,4,One-time customer
15210.0,2011-04-28,2011-04-28,2011-12-09,225,1,228,331.18,331.18,4,One-time customer
12891.0,2011-02-20,2011-06-07,2011-12-09,185,3,950,331.00,110.33,4,At-risk repeat customer
16478.0,2011-10-05,2011-11-14,2011-12-09,25,3,224,331.00,110.33,4,Active repeat customer
17862.0,2011-01-20,2011-01-20,2011-12-09,323,1,100,330.90,330.90,4,One-time customer
15714.0,2011-09-23,2011-11-28,2011-12-09,11,2,187,330.88,165.44,4,Active repeat customer
13706.0,2011-02-10,2011-02-10,2011-12-09,302,1,189,330.79,330.79,4,One-time customer
14517.0,2011-07-21,2011-11-06,2011-12-09,33,2,91,330.45,165.23,4,Active repeat customer
15130.0,2011-06-23,2011-06-23,2011-12-09,169,1,197,330.11,330.11,4,One-time customer
16593.0,2011-01-16,2011-10-20,2011-12-09,50,3,116,330.03,110.01,4,Active repeat customer
12953.0,2011-11-30,2011-11-30,2011-12-09,9,1,84,329.85,329.85,4,One-time customer
14716.0,2011-07-14,2011-10-27,2011-12-09,43,2,604,329.68,164.84,4,Active repeat customer
17866.0,2011-07-20,2011-07-20,2011-12-09,142,1,174,329.65,329.65,4,One-time customer
17615.0,2011-05-01,2011-08-01,2011-12-09,130,3,140,329.60,109.87,4,At-risk repeat customer
13239.0,2011-03-23,2011-03-23,2011-12-09,261,1,327,329.56,329.56,4,One-time customer
17154.0,2011-09-25,2011-09-25,2011-12-09,75,1,490,329.34,329.34,4,One-time customer
15153.0,2011-11-08,2011-11-08,2011-12-09,31,1,198,329.25,329.25,4,One-time customer
14012.0,2011-03-07,2011-03-07,2011-12-09,277,1,160,328.80,328.80,4,One-time customer
16855.0,2011-10-27,2011-11-16,2011-12-09,23,2,164,328.40,164.20,4,Active repeat customer
15213.0,2011-01-14,2011-01-25,2011-12-09,318,2,272,328.35,164.18,4,At-risk repeat customer
14747.0,2011-04-04,2011-04-04,2011-12-09,249,1,84,328.20,328.20,4,One-time customer
14206.0,2011-04-14,2011-04-14,2011-12-09,239,1,276,328.16,328.16,4,One-time customer
16318.0,2011-11-04,2011-11-04,2011-12-09,35,1,199,328.15,328.15,4,One-time customer
15314.0,2011-05-24,2011-05-24,2011-12-09,199,1,313,327.97,327.97,4,One-time customer
14024.0,2011-08-07,2011-08-10,2011-12-09,121,2,150,327.70,163.85,4,At-risk repeat customer
16366.0,2011-11-21,2011-11-21,2011-12-09,18,1,256,327.30,327.30,4,One-time customer
14870.0,2011-03-23,2011-03-23,2011-12-09,261,1,119,327.25,327.25,4,One-time customer
16322.0,2011-11-03,2011-12-08,2011-12-09,1,2,231,326.75,163.38,4,Active repeat customer
17715.0,2011-05-23,2011-05-23,2011-12-09,200,1,384,326.40,326.40,4,One-time customer
14987.0,2010-12-09,2011-11-24,2011-12-09,15,2,128,326.40,163.20,4,Active repeat customer
16071.0,2011-10-26,2011-10-26,2011-12-09,44,1,180,326.24,326.24,4,One-time customer
15363.0,2010-12-02,2010-12-02,2011-12-09,372,1,144,326.00,326.00,4,One-time customer
12844.0,2011-08-01,2011-11-10,2011-12-09,29,2,125,325.96,162.98,4,Active repeat customer
16830.0,2011-11-01,2011-11-01,2011-12-09,38,1,264,325.91,325.91,4,One-time customer
14850.0,2011-02-01,2011-02-01,2011-12-09,311,1,293,325.75,325.75,4,One-time customer
15944.0,2011-03-08,2011-03-08,2011-12-09,276,1,50,325.10,325.10,4,One-time customer
12790.0,2011-05-31,2011-05-31,2011-12-09,192,1,166,324.92,324.92,4,One-time customer
13801.0,2011-10-04,2011-10-04,2011-12-09,66,1,168,324.80,324.80,4,One-time customer
15597.0,2011-11-04,2011-11-04,2011-12-09,35,1,279,324.57,324.57,4,One-time customer
16685.0,2011-10-09,2011-10-09,2011-12-09,61,2,396,324.24,162.12,4,Active repeat customer
18261.0,2011-09-05,2011-10-27,2011-12-09,43,2,146,324.24,162.12,4,Active repeat customer
14555.0,2011-02-10,2011-10-13,2011-12-09,57,2,130,324.14,162.07,4,Active repeat customer
15675.0,2011-03-04,2011-09-19,2011-12-09,81,3,527,323.69,107.90,4,Active repeat customer
17793.0,2011-11-14,2011-11-14,2011-12-09,25,1,232,323.04,323.04,4,One-time customer
16739.0,2011-06-16,2011-06-16,2011-12-09,176,1,172,323.00,323.00,4,One-time customer
13955.0,2011-02-07,2011-07-08,2011-12-09,154,2,154,322.96,161.48,4,At-risk repeat customer
16627.0,2011-09-21,2011-09-21,2011-12-09,79,1,162,322.80,322.80,4,One-time customer
16342.0,2011-06-13,2011-09-25,2011-12-09,75,4,157,322.41,80.60,4,Active repeat customer
15224.0,2010-12-12,2010-12-16,2011-12-09,358,2,152,322.08,161.04,4,At-risk repeat customer
14424.0,2011-11-22,2011-11-22,2011-12-09,17,1,48,322.08,322.08,4,One-time customer
14484.0,2011-10-20,2011-10-20,2011-12-09,50,1,210,321.92,321.92,4,One-time customer
14823.0,2011-05-29,2011-06-12,2011-12-09,180,3,88,321.43,107.14,4,At-risk repeat customer
15236.0,2011-02-14,2011-02-14,2011-12-09,298,1,269,321.05,321.05,4,One-time customer
18117.0,2011-11-14,2011-11-14,2011-12-09,25,1,618,320.72,320.72,4,One-time customer
16096.0,2011-03-20,2011-03-20,2011-12-09,264,1,155,320.62,320.62,4,One-time customer
14622.0,2011-06-08,2011-06-08,2011-12-09,184,1,146,320.58,320.58,4,One-time customer
13986.0,2011-11-22,2011-11-22,2011-12-09,17,1,430,320.46,320.46,4,One-time customer
16674.0,2011-09-02,2011-10-16,2011-12-09,54,2,188,319.61,159.81,4,Active repeat customer
15107.0,2010-12-02,2011-02-01,2011-12-09,311,6,169,319.50,53.25,4,At-risk repeat customer
16967.0,2011-06-03,2011-06-03,2011-12-09,189,1,333,319.02,319.02,4,One-time customer
17157.0,2011-06-16,2011-12-02,2011-12-09,7,2,172,319.00,159.50,4,Active repeat customer
17229.0,2011-07-20,2011-09-04,2011-12-09,96,2,185,318.76,159.38,4,At-risk repeat customer
17248.0,2011-08-11,2011-08-11,2011-12-09,120,1,213,318.65,318.65,4,One-time customer
14703.0,2011-11-25,2011-11-25,2011-12-09,14,1,183,318.17,318.17,4,One-time customer
12648.0,2011-07-08,2011-07-08,2011-12-09,154,1,160,318.05,318.05,4,One-time customer
18066.0,2011-09-25,2011-09-25,2011-12-09,75,1,108,318.00,318.00,4,One-time customer
17172.0,2011-09-22,2011-09-22,2011-12-09,78,1,480,317.76,317.76,4,One-time customer
17267.0,2011-08-04,2011-08-04,2011-12-09,127,2,159,317.62,158.81,4,At-risk repeat customer
15101.0,2010-12-15,2011-12-01,2011-12-09,8,2,241,317.53,158.77,4,Active repeat customer
16386.0,2011-03-31,2011-11-11,2011-12-09,28,2,224,317.20,158.60,4,Active repeat customer
15257.0,2011-03-01,2011-03-01,2011-12-09,283,1,46,317.15,317.15,4,One-time customer
15385.0,2011-10-30,2011-10-30,2011-12-09,40,1,161,316.88,316.88,4,One-time customer
15243.0,2011-09-26,2011-09-26,2011-12-09,74,1,185,316.68,316.68,4,One-time customer
16761.0,2011-09-04,2011-09-04,2011-12-09,96,1,341,316.62,316.62,4,One-time customer
15204.0,2010-12-17,2010-12-17,2011-12-09,357,1,258,316.58,316.58,4,One-time customer
17458.0,2011-11-24,2011-11-24,2011-12-09,15,1,170,316.50,316.50,4,One-time customer
13494.0,2011-02-01,2011-02-01,2011-12-09,311,1,162,316.26,316.26,4,One-time customer
14479.0,2010-12-09,2011-03-31,2011-12-09,253,2,117,316.25,158.13,4,At-risk repeat customer
16473.0,2011-01-07,2011-06-28,2011-12-09,164,3,196,316.11,105.37,4,At-risk repeat customer
12614.0,2011-03-07,2011-03-07,2011-12-09,277,1,76,315.60,315.60,4,One-time customer
16091.0,2011-05-25,2011-07-08,2011-12-09,154,2,154,315.06,157.53,4,At-risk repeat customer
15766.0,2011-10-06,2011-10-06,2011-12-09,64,1,170,315.06,315.06,4,One-time customer
17237.0,2011-11-17,2011-11-28,2011-12-09,11,2,105,314.69,157.35,4,Active repeat customer
16193.0,2011-04-17,2011-04-17,2011-12-09,236,1,219,314.45,314.45,4,One-time customer
12650.0,2011-12-06,2011-12-06,2011-12-09,3,1,254,314.44,314.44,4,One-time customer
16227.0,2011-04-28,2011-04-28,2011-12-09,225,1,90,314.22,314.22,4,One-time customer
15970.0,2011-02-09,2011-02-09,2011-12-09,303,1,116,314.10,314.10,4,One-time customer
13484.0,2011-04-12,2011-04-12,2011-12-09,241,1,44,313.80,313.80,4,One-time customer
16582.0,2011-08-18,2011-08-18,2011-12-09,113,1,164,313.62,313.62,4,One-time customer
14729.0,2010-12-01,2010-12-01,2011-12-09,373,1,197,313.49,313.49,4,One-time customer
13845.0,2011-10-06,2011-10-06,2011-12-09,64,1,182,312.98,312.98,4,One-time customer
15318.0,2011-12-06,2011-12-06,2011-12-09,3,1,642,312.62,312.62,4,One-time customer
12834.0,2011-03-02,2011-03-02,2011-12-09,282,1,110,312.38,312.38,4,One-time customer
17362.0,2011-02-03,2011-04-14,2011-12-09,239,2,191,312.23,156.12,4,At-risk repeat customer
17070.0,2011-08-17,2011-08-17,2011-12-09,114,1,133,312.14,312.14,4,One-time customer
12785.0,2010-12-10,2010-12-10,2011-12-09,364,1,131,311.95,311.95,4,One-time customer
16450.0,2011-07-13,2011-07-13,2011-12-09,149,1,200,311.92,311.92,4,One-time customer
14142.0,2010-12-01,2010-12-01,2011-12-09,373,1,313,311.81,311.81,4,One-time customer
15326.0,2011-01-10,2011-01-10,2011-12-09,333,1,386,311.71,311.71,4,One-time customer
14951.0,2011-09-21,2011-09-21,2011-12-09,79,1,311,311.69,311.69,4,One-time customer
14327.0,2011-06-29,2011-06-29,2011-12-09,163,1,139,311.65,311.65,4,One-time customer
12852.0,2011-02-18,2011-02-18,2011-12-09,294,1,149,311.55,311.55,4,One-time customer
13990.0,2011-05-10,2011-05-10,2011-12-09,213,1,190,311.30,311.30,4,One-time customer
17854.0,2011-04-26,2011-06-07,2011-12-09,185,2,84,311.26,155.63,4,At-risk repeat customer
16781.0,2010-12-02,2010-12-02,2011-12-09,372,1,113,311.25,311.25,4,One-time customer
13897.0,2011-10-20,2011-10-20,2011-12-09,50,1,200,311.16,311.16,4,One-time customer
17912.0,2010-12-10,2011-02-02,2011-12-09,310,5,185,311.01,62.20,4,At-risk repeat customer
17266.0,2011-07-15,2011-12-07,2011-12-09,2,3,161,310.64,103.55,4,Active repeat customer
15185.0,2011-09-30,2011-09-30,2011-12-09,70,1,666,310.62,310.62,4,One-time customer
15308.0,2011-03-10,2011-03-10,2011-12-09,274,1,175,310.47,310.47,4,One-time customer
14311.0,2011-04-11,2011-04-11,2011-12-09,242,1,146,310.26,310.26,4,One-time customer
14924.0,2011-04-08,2011-04-08,2011-12-09,245,1,64,310.05,310.05,4,One-time customer
15661.0,2011-01-05,2011-01-26,2011-12-09,317,2,236,309.80,154.90,4,At-risk repeat customer
15699.0,2011-11-22,2011-11-22,2011-12-09,17,1,113,309.65,309.65,4,One-time customer
16810.0,2011-05-31,2011-05-31,2011-12-09,192,1,114,309.54,309.54,4,One-time customer
14339.0,2011-04-11,2011-04-11,2011-12-09,242,1,168,309.52,309.52,4,One-time customer
14847.0,2011-07-14,2011-07-14,2011-12-09,148,1,120,309.40,309.40,4,One-time customer
17604.0,2011-01-31,2011-05-06,2011-12-09,217,2,169,309.36,154.68,4,At-risk repeat customer
12884.0,2011-09-12,2011-09-12,2011-12-09,88,1,43,309.05,309.05,4,One-time customer
13787.0,2010-12-10,2011-09-25,2011-12-09,75,2,337,309.04,154.52,4,Active repeat customer
15010.0,2011-11-04,2011-11-04,2011-12-09,35,1,184,308.94,308.94,4,One-time customer
16956.0,2011-11-22,2011-11-22,2011-12-09,17,1,114,308.74,308.74,4,One-time customer
13699.0,2011-07-07,2011-07-07,2011-12-09,155,1,66,308.58,308.58,4,One-time customer
17510.0,2011-11-15,2011-11-15,2011-12-09,24,1,214,308.48,308.48,4,One-time customer
13369.0,2010-12-09,2010-12-09,2011-12-09,365,1,149,308.28,308.28,4,One-time customer
13466.0,2011-06-08,2011-06-08,2011-12-09,184,1,259,307.90,307.90,4,One-time customer
15973.0,2010-12-08,2010-12-08,2011-12-09,366,1,106,307.82,307.82,4,One-time customer
16123.0,2011-10-19,2011-10-19,2011-12-09,51,1,170,307.78,307.78,4,One-time customer
13529.0,2011-05-19,2011-09-22,2011-12-09,78,2,74,307.76,153.88,4,Active repeat customer
13395.0,2011-06-07,2011-06-07,2011-12-09,185,1,336,307.72,307.72,4,One-time customer
13060.0,2011-03-31,2011-03-31,2011-12-09,253,1,123,307.53,307.53,4,One-time customer
14915.0,2011-03-07,2011-09-09,2011-12-09,91,2,112,307.48,153.74,4,At-risk repeat customer
17120.0,2011-04-20,2011-04-20,2011-12-09,233,1,120,307.46,307.46,4,One-time customer
13932.0,2011-02-18,2011-02-18,2011-12-09,294,1,72,307.40,307.40,4,One-time customer
13142.0,2011-11-20,2011-11-20,2011-12-09,19,1,258,307.09,307.09,4,One-time customer
17334.0,2011-02-04,2011-02-10,2011-12-09,302,2,315,307.02,153.51,4,At-risk repeat customer
15087.0,2011-03-03,2011-03-03,2011-12-09,281,1,470,306.94,306.94,4,One-time customer
17551.0,2010-12-15,2010-12-15,2011-12-09,359,1,150,306.84,306.84,4,One-time customer
13762.0,2011-05-05,2011-05-05,2011-12-09,218,1,272,306.72,306.72,4,One-time customer
16668.0,2011-02-28,2011-11-24,2011-12-09,15,6,318,306.72,51.12,4,Active repeat customer
13718.0,2011-02-17,2011-04-07,2011-12-09,246,2,173,306.55,153.28,4,At-risk repeat customer
18059.0,2011-10-03,2011-11-16,2011-12-09,23,3,258,306.46,102.15,4,Active repeat customer
15659.0,2011-10-27,2011-10-27,2011-12-09,43,1,111,306.45,306.45,4,One-time customer
17176.0,2011-05-22,2011-05-22,2011-12-09,201,1,170,306.13,306.13,4,One-time customer
13863.0,2011-04-06,2011-04-06,2011-12-09,247,1,224,305.78,305.78,4,One-time customer
15219.0,2011-06-16,2011-06-16,2011-12-09,176,1,45,305.75,305.75,4,One-time customer
16796.0,2011-09-11,2011-09-11,2011-12-09,89,1,186,305.62,305.62,4,One-time customer
16181.0,2011-09-27,2011-09-27,2011-12-09,73,1,152,305.54,305.54,4,One-time customer
13045.0,2011-09-01,2011-09-01,2011-12-09,99,1,221,305.28,305.28,4,One-time customer
18220.0,2011-04-27,2011-04-27,2011-12-09,226,1,288,305.28,305.28,4,One-time customer
12623.0,2011-03-08,2011-03-08,2011-12-09,276,1,191,305.10,305.10,4,One-time customer
13667.0,2011-07-13,2011-07-13,2011-12-09,149,1,154,305.02,305.02,4,One-time customer
17941.0,2011-08-01,2011-08-01,2011-12-09,130,1,252,304.56,304.56,4,One-time customer
15163.0,2011-05-31,2011-11-21,2011-12-09,18,2,186,304.47,152.24,4,Active repeat customer
18185.0,2011-04-04,2011-04-04,2011-12-09,249,1,183,304.25,304.25,4,One-time customer
16217.0,2011-03-02,2011-04-18,2011-12-09,235,2,91,304.25,152.13,4,At-risk repeat customer
17732.0,2010-12-02,2010-12-02,2011-12-09,372,1,93,303.97,303.97,4,One-time customer
16400.0,2011-09-06,2011-09-06,2011-12-09,94,1,172,303.93,303.93,4,One-time customer
13083.0,2011-09-25,2011-12-05,2011-12-09,4,2,187,303.75,151.88,4,Active repeat customer
17433.0,2011-09-12,2011-09-12,2011-12-09,88,1,185,303.16,303.16,4,One-time customer
15060.0,2011-11-30,2011-12-01,2011-12-09,8,4,263,303.09,75.77,4,Active repeat customer
16425.0,2011-02-10,2011-02-10,2011-12-09,302,1,199,302.70,302.70,4,One-time customer
14248.0,2011-01-25,2011-01-25,2011-12-09,318,1,102,302.58,302.58,4,One-time customer
18165.0,2011-06-15,2011-06-15,2011-12-09,177,1,254,302.46,302.46,4,One-time customer
16104.0,2011-10-09,2011-10-09,2011-12-09,61,1,123,302.36,302.36,4,One-time customer
16292.0,2011-08-10,2011-08-10,2011-12-09,121,1,191,302.25,302.25,4,One-time customer
17506.0,2011-09-25,2011-09-25,2011-12-09,75,1,139,302.20,302.20,4,One-time customer
15054.0,2011-10-30,2011-11-27,2011-12-09,12,2,198,302.10,151.05,4,Active repeat customer
17094.0,2011-01-21,2011-01-21,2011-12-09,322,1,152,302.00,302.00,4,One-time customer
16297.0,2011-03-16,2011-03-16,2011-12-09,268,1,206,301.90,301.90,4,One-time customer
16715.0,2011-09-22,2011-09-22,2011-12-09,78,1,642,301.72,301.72,4,One-time customer
15667.0,2011-10-31,2011-10-31,2011-12-09,39,1,240,301.32,301.32,4,One-time customer
15148.0,2011-11-29,2011-11-29,2011-12-09,10,1,187,301.29,301.29,4,One-time customer
15623.0,2011-07-21,2011-07-21,2011-12-09,141,1,125,301.03,301.03,4,One-time customer
13479.0,2011-04-19,2011-05-23,2011-12-09,200,2,134,300.95,150.48,4,At-risk repeat customer
17978.0,2010-12-09,2010-12-09,2011-12-09,365,1,499,300.92,300.92,4,One-time customer
16430.0,2011-10-13,2011-10-13,2011-12-09,57,1,103,300.85,300.85,4,One-time customer
16479.0,2011-11-29,2011-11-29,2011-12-09,10,2,102,300.83,150.42,4,Active repeat customer
14762.0,2011-03-21,2011-03-21,2011-12-09,263,1,341,300.52,300.52,4,One-time customer
13304.0,2010-12-23,2010-12-23,2011-12-09,351,1,238,300.42,300.42,4,One-time customer
15254.0,2011-08-04,2011-08-04,2011-12-09,127,1,275,300.36,300.36,4,One-time customer
13745.0,2011-06-30,2011-06-30,2011-12-09,162,1,496,300.04,300.04,4,One-time customer
18053.0,2011-09-30,2011-09-30,2011-12-09,70,1,302,300.02,300.02,4,One-time customer
16402.0,2010-12-05,2011-03-20,2011-12-09,264,2,149,299.60,149.80,4,At-risk repeat customer
18215.0,2011-09-11,2011-09-11,2011-12-09,89,1,118,299.34,299.34,4,One-time customer
17124.0,2011-06-07,2011-06-07,2011-12-09,185,1,130,298.89,298.89,4,One-time customer
15609.0,2011-06-08,2011-06-08,2011-12-09,184,1,148,298.48,298.48,4,One-time customer
17255.0,2011-02-13,2011-10-30,2011-12-09,40,2,232,298.41,149.21,4,Active repeat customer
17824.0,2011-10-19,2011-10-19,2011-12-09,51,1,408,298.40,298.40,4,One-time customer
17678.0,2011-03-21,2011-03-21,2011-12-09,263,1,207,298.11,298.11,4,One-time customer
12881.0,2011-03-09,2011-03-09,2011-12-09,275,1,21,298.00,298.00,4,One-time customer
15857.0,2011-11-21,2011-11-21,2011-12-09,18,1,308,297.00,297.00,4,One-time customer
13708.0,2011-03-13,2011-03-13,2011-12-09,271,1,306,296.88,296.88,4,One-time customer
14985.0,2010-12-16,2011-05-25,2011-12-09,198,2,260,296.75,148.38,4,At-risk repeat customer
17531.0,2011-06-02,2011-06-02,2011-12-09,190,1,136,296.70,296.70,4,One-time customer
13441.0,2011-09-09,2011-09-09,2011-12-09,91,1,204,296.64,296.64,4,One-time customer
15154.0,2011-09-25,2011-09-25,2011-12-09,75,1,104,296.42,296.42,4,One-time customer
13751.0,2011-02-24,2011-02-24,2011-12-09,288,1,152,296.25,296.25,4,One-time customer
13504.0,2011-10-06,2011-10-06,2011-12-09,64,1,178,295.93,295.93,4,One-time customer
16998.0,2011-02-08,2011-07-13,2011-12-09,149,4,76,295.00,73.75,4,At-risk repeat customer
13573.0,2011-03-31,2011-10-20,2011-12-09,50,2,303,294.40,147.20,4,Active repeat customer
15732.0,2010-12-02,2011-05-11,2011-12-09,212,2,215,294.12,147.06,4,At-risk repeat customer
17163.0,2011-09-22,2011-11-18,2011-12-09,21,2,66,293.10,146.55,4,Active repeat customer
12829.0,2010-12-14,2011-01-07,2011-12-09,336,2,376,293.00,146.50,4,At-risk repeat customer
15545.0,2010-12-03,2011-10-16,2011-12-09,54,2,163,292.72,146.36,4,Active repeat customer
16721.0,2011-03-22,2011-03-22,2011-12-09,262,1,172,292.47,292.47,4,One-time customer
13259.0,2011-10-09,2011-10-09,2011-12-09,61,1,132,292.32,292.32,4,One-time customer
13502.0,2011-01-20,2011-11-23,2011-12-09,16,3,264,292.00,97.33,4,Active repeat customer
13449.0,2011-11-16,2011-11-16,2011-12-09,23,1,222,291.88,291.88,4,One-time customer
13544.0,2011-04-13,2011-10-31,2011-12-09,39,2,127,291.41,145.71,4,Active repeat customer
14656.0,2011-03-01,2011-06-23,2011-12-09,169,2,120,291.05,145.53,4,At-risk repeat customer
14947.0,2011-08-01,2011-09-28,2011-12-09,72,2,179,290.82,145.41,4,Active repeat customer
16648.0,2011-10-28,2011-10-28,2011-12-09,42,1,281,290.66,290.66,4,One-time customer
15279.0,2010-12-20,2010-12-20,2011-12-09,354,1,189,290.51,290.51,4,One-time customer
17691.0,2010-12-06,2010-12-16,2011-12-09,358,2,134,290.40,145.20,4,At-risk repeat customer
16526.0,2011-06-21,2011-06-21,2011-12-09,171,1,106,290.36,290.36,4,One-time customer
17081.0,2011-10-24,2011-11-14,2011-12-09,25,2,78,290.16,145.08,4,Active repeat customer
14784.0,2011-01-20,2011-11-13,2011-12-09,26,2,237,289.99,145.00,4,Active repeat customer
17464.0,2011-07-04,2011-07-04,2011-12-09,158,1,220,289.96,289.96,4,One-time customer
14953.0,2011-11-14,2011-11-14,2011-12-09,25,1,225,289.82,289.82,4,One-time customer
16897.0,2011-01-30,2011-02-13,2011-12-09,299,2,73,289.78,144.89,4,At-risk repeat customer
14162.0,2011-02-20,2011-06-19,2011-12-09,173,2,142,289.36,144.68,4,At-risk repeat customer
16125.0,2010-12-07,2010-12-07,2011-12-09,367,1,124,289.35,289.35,4,One-time customer
14549.0,2011-02-01,2011-02-01,2011-12-09,311,1,136,289.24,289.24,4,One-time customer
17501.0,2011-05-03,2011-05-03,2011-12-09,220,2,160,288.60,144.30,4,At-risk repeat customer
16808.0,2011-03-10,2011-09-01,2011-12-09,99,2,196,288.42,144.21,4,At-risk repeat customer
15396.0,2011-08-19,2011-08-19,2011-12-09,112,1,122,288.18,288.18,4,One-time customer
17977.0,2011-11-10,2011-11-10,2011-12-09,29,1,342,288.14,288.14,4,One-time customer
17080.0,2011-03-15,2011-11-17,2011-12-09,22,2,166,287.62,143.81,4,Active repeat customer
17760.0,2010-12-01,2011-11-18,2011-12-09,21,2,239,287.59,143.80,4,Active repeat customer
16432.0,2011-10-06,2011-10-06,2011-12-09,64,1,276,287.40,287.40,4,One-time customer
13760.0,2011-03-28,2011-10-16,2011-12-09,54,2,197,286.79,143.40,4,Active repeat customer
16555.0,2011-08-22,2011-11-04,2011-12-09,35,2,175,285.89,142.95,4,Active repeat customer
14660.0,2011-08-31,2011-09-14,2011-12-09,86,2,228,285.74,142.87,4,Active repeat customer
17636.0,2011-11-20,2011-11-20,2011-12-09,19,1,182,285.56,285.56,4,One-time customer
16429.0,2011-08-25,2011-08-25,2011-12-09,106,1,9,284.55,284.55,4,One-time customer
18190.0,2011-01-13,2011-05-31,2011-12-09,192,2,140,284.46,142.23,4,At-risk repeat customer
13121.0,2011-03-15,2011-03-15,2011-12-09,269,1,252,283.73,283.73,4,One-time customer
13439.0,2011-03-29,2011-03-29,2011-12-09,255,1,242,283.71,283.71,4,One-time customer
12703.0,2011-09-29,2011-09-29,2011-12-09,71,1,164,283.55,283.55,4,One-time customer
17783.0,2011-04-06,2011-09-28,2011-12-09,72,2,354,283.47,141.74,4,Active repeat customer
17251.0,2010-12-12,2010-12-12,2011-12-09,362,1,110,283.28,283.28,4,One-time customer
18270.0,2011-03-18,2011-11-01,2011-12-09,38,2,101,283.15,141.58,4,Active repeat customer
17694.0,2011-07-21,2011-07-21,2011-12-09,141,1,184,283.12,283.12,4,One-time customer
14350.0,2011-03-10,2011-03-10,2011-12-09,274,1,183,282.93,282.93,4,One-time customer
13754.0,2011-01-26,2011-07-11,2011-12-09,151,2,214,282.60,141.30,4,At-risk repeat customer
13177.0,2011-10-06,2011-10-06,2011-12-09,64,1,91,282.45,282.45,4,One-time customer
17247.0,2011-11-24,2011-11-24,2011-12-09,15,1,106,282.19,282.19,4,One-time customer
16557.0,2011-07-25,2011-11-15,2011-12-09,24,2,111,281.85,140.93,4,Active repeat customer
17403.0,2011-11-03,2011-11-03,2011-12-09,36,1,117,281.62,281.62,4,One-time customer
16848.0,2011-10-18,2011-10-18,2011-12-09,52,1,182,281.42,281.42,4,One-time customer
14242.0,2011-01-18,2011-04-19,2011-12-09,234,2,123,280.55,140.28,4,At-risk repeat customer
13606.0,2011-02-01,2011-11-10,2011-12-09,29,3,279,280.54,93.51,4,Active repeat customer
16149.0,2011-07-20,2011-12-05,2011-12-09,4,2,308,280.52,140.26,4,Active repeat customer
14975.0,2011-10-13,2011-10-13,2011-12-09,57,1,380,279.94,279.94,4,One-time customer
15556.0,2011-11-15,2011-11-15,2011-12-09,24,1,236,279.77,279.77,4,One-time customer
14480.0,2011-11-28,2011-11-28,2011-12-09,11,1,143,279.05,279.05,4,One-time customer
17786.0,2011-01-26,2011-09-15,2011-12-09,85,2,200,278.74,139.37,4,Active repeat customer
14764.0,2011-10-24,2011-10-24,2011-12-09,46,1,190,278.30,278.30,4,One-time customer
14908.0,2011-09-26,2011-09-26,2011-12-09,74,1,132,277.80,277.80,4,One-time customer
17968.0,2010-12-01,2010-12-01,2011-12-09,373,1,160,277.35,277.35,4,One-time customer
13803.0,2011-03-29,2011-03-29,2011-12-09,255,1,121,277.07,277.07,4,One-time customer
15355.0,2011-10-17,2011-11-10,2011-12-09,29,2,45,277.05,138.53,4,Active repeat customer
16883.0,2010-12-03,2011-06-05,2011-12-09,187,2,104,276.73,138.37,4,At-risk repeat customer
13272.0,2011-09-11,2011-11-08,2011-12-09,31,2,96,276.56,138.28,4,Active repeat customer
14508.0,2011-09-11,2011-11-17,2011-12-09,22,2,131,276.42,138.21,4,Active repeat customer
12750.0,2011-08-03,2011-08-03,2011-12-09,128,1,137,275.88,275.88,4,One-time customer
14512.0,2011-04-21,2011-06-05,2011-12-09,187,2,122,275.28,137.64,4,At-risk repeat customer
16313.0,2011-10-21,2011-12-06,2011-12-09,3,2,165,274.15,137.08,4,Active repeat customer
16727.0,2010-12-10,2010-12-10,2011-12-09,364,1,177,272.82,272.82,4,One-time customer
17254.0,2011-11-24,2011-12-05,2011-12-09,4,2,252,272.44,136.22,4,Active repeat customer
17498.0,2011-09-25,2011-09-25,2011-12-09,75,1,394,272.22,272.22,4,One-time customer
14819.0,2011-05-31,2011-10-06,2011-12-09,64,2,109,272.07,136.04,4,Active repeat customer
13917.0,2011-06-01,2011-10-21,2011-12-09,49,2,228,272.04,136.02,4,Active repeat customer
14816.0,2011-05-26,2011-05-26,2011-12-09,197,1,5,271.85,271.85,4,One-time customer
13058.0,2011-07-11,2011-11-15,2011-12-09,24,3,52,271.40,90.47,4,Active repeat customer
13837.0,2011-01-26,2011-05-12,2011-12-09,211,2,183,271.24,135.62,4,At-risk repeat customer
17767.0,2011-11-24,2011-11-24,2011-12-09,15,1,128,271.20,271.20,4,One-time customer
17496.0,2010-12-16,2010-12-16,2011-12-09,358,1,79,271.05,271.05,4,One-time customer
18108.0,2011-03-30,2011-03-30,2011-12-09,254,1,84,271.00,271.00,4,One-time customer
17011.0,2011-11-09,2011-11-09,2011-12-09,30,1,186,270.90,270.90,4,One-time customer
15774.0,2011-10-02,2011-10-02,2011-12-09,68,1,87,270.80,270.80,4,One-time customer
13533.0,2011-03-17,2011-06-10,2011-12-09,182,3,204,270.79,90.26,4,At-risk repeat customer
14520.0,2011-02-22,2011-12-08,2011-12-09,1,2,146,270.60,135.30,4,Active repeat customer
13242.0,2011-05-10,2011-08-19,2011-12-09,112,3,130,270.40,90.13,4,At-risk repeat customer
12558.0,2011-12-02,2011-12-02,2011-12-09,7,1,196,269.96,269.96,4,One-time customer
14727.0,2011-03-10,2011-03-10,2011-12-09,274,1,62,268.58,268.58,4,One-time customer
15408.0,2011-03-20,2011-03-20,2011-12-09,264,1,106,267.18,267.18,4,One-time customer
17550.0,2011-04-10,2011-05-26,2011-12-09,197,3,86,267.16,89.05,4,At-risk repeat customer
15320.0,2011-10-26,2011-10-26,2011-12-09,44,1,326,267.13,267.13,4,One-time customer
17708.0,2011-01-19,2011-06-05,2011-12-09,187,2,91,267.08,133.54,4,At-risk repeat customer
15517.0,2011-04-20,2011-04-20,2011-12-09,233,1,293,267.03,267.03,4,One-time customer
16451.0,2011-09-13,2011-09-13,2011-12-09,87,1,120,266.97,266.97,4,One-time customer
14863.0,2011-11-10,2011-11-10,2011-12-09,29,1,132,266.76,266.76,4,One-time customer
15119.0,2011-04-08,2011-04-08,2011-12-09,245,1,88,266.40,266.40,4,One-time customer
12962.0,2011-08-18,2011-12-02,2011-12-09,7,2,129,266.39,133.20,4,Active repeat customer
15019.0,2011-03-18,2011-03-18,2011-12-09,266,1,159,266.00,266.00,4,One-time customer
14068.0,2011-01-23,2011-01-23,2011-12-09,320,1,73,265.85,265.85,4,One-time customer
17430.0,2010-12-09,2011-11-07,2011-12-09,32,2,190,265.76,132.88,4,Active repeat customer
14423.0,2011-05-05,2011-05-05,2011-12-09,218,1,120,265.20,265.20,4,One-time customer
13973.0,2011-02-25,2011-02-25,2011-12-09,287,1,109,264.70,264.70,4,One-time customer
15912.0,2011-04-20,2011-06-14,2011-12-09,178,2,185,264.62,132.31,4,At-risk repeat customer
14452.0,2011-09-07,2011-11-29,2011-12-09,10,2,119,264.44,132.22,4,Active repeat customer
15894.0,2010-12-05,2011-03-31,2011-12-09,253,2,168,263.55,131.78,4,At-risk repeat customer
12492.0,2011-08-26,2011-10-07,2011-12-09,63,2,192,263.21,131.61,4,Active repeat customer
16936.0,2011-11-14,2011-11-14,2011-12-09,25,1,173,262.68,262.68,4,One-time customer
17194.0,2010-12-14,2011-03-11,2011-12-09,273,2,119,262.62,131.31,4,At-risk repeat customer
16413.0,2011-10-14,2011-10-14,2011-12-09,56,1,148,262.20,262.20,4,One-time customer
17385.0,2011-11-25,2011-11-25,2011-12-09,14,1,201,261.11,261.11,4,One-time customer
13189.0,2011-08-16,2011-11-21,2011-12-09,18,2,842,260.68,130.34,4,Active repeat customer
14053.0,2011-07-03,2011-08-07,2011-12-09,124,2,215,260.25,130.13,4,At-risk repeat customer
15014.0,2011-06-16,2011-10-27,2011-12-09,43,2,151,260.17,130.09,4,Active repeat customer
15143.0,2011-04-28,2011-04-28,2011-12-09,225,1,150,259.45,259.45,4,One-time customer
17125.0,2011-10-20,2011-10-20,2011-12-09,50,1,291,259.35,259.35,4,One-time customer
13127.0,2011-09-23,2011-09-23,2011-12-09,77,1,127,259.17,259.17,4,One-time customer
16447.0,2011-07-27,2011-07-27,2011-12-09,135,1,223,259.01,259.01,4,One-time customer
15577.0,2011-02-07,2011-07-11,2011-12-09,151,3,89,258.88,86.29,4,At-risk repeat customer
13277.0,2011-07-29,2011-11-24,2011-12-09,15,4,176,258.40,64.60,4,Active repeat customer
13227.0,2011-05-22,2011-05-22,2011-12-09,201,1,99,257.70,257.70,4,One-time customer
14375.0,2011-06-07,2011-06-07,2011-12-09,185,1,194,257.68,257.68,4,One-time customer
18009.0,2011-04-18,2011-04-18,2011-12-09,235,1,126,257.34,257.34,4,One-time customer
13626.0,2011-04-01,2011-04-01,2011-12-09,252,1,209,257.23,257.23,4,One-time customer
16048.0,2010-12-01,2010-12-01,2011-12-09,373,2,144,256.44,128.22,4,At-risk repeat customer
12430.0,2011-10-27,2011-10-27,2011-12-09,43,1,117,256.40,256.40,4,One-time customer
13806.0,2011-10-07,2011-10-07,2011-12-09,63,1,56,256.38,256.38,4,One-time customer
17896.0,2011-11-16,2011-11-16,2011-12-09,23,1,288,256.32,256.32,4,One-time customer
14761.0,2011-01-09,2011-10-12,2011-12-09,58,2,118,255.90,127.95,4,Active repeat customer
15277.0,2011-10-24,2011-10-24,2011-12-09,46,1,205,255.90,255.90,4,One-time customer
14881.0,2011-11-20,2011-11-20,2011-12-09,19,1,316,255.40,255.40,4,One-time customer
16226.0,2011-04-18,2011-05-20,2011-12-09,203,3,192,255.12,85.04,4,At-risk repeat customer
15261.0,2011-07-27,2011-07-27,2011-12-09,135,1,270,254.82,254.82,4,One-time customer
12604.0,2011-03-23,2011-09-21,2011-12-09,79,2,201,254.18,127.09,4,Active repeat customer
14765.0,2011-06-16,2011-11-10,2011-12-09,29,3,135,254.11,84.70,4,Active repeat customer
15689.0,2010-12-13,2011-08-12,2011-12-09,119,2,84,254.10,127.05,4,At-risk repeat customer
12797.0,2010-12-09,2010-12-09,2011-12-09,365,1,118,254.03,254.03,4,One-time customer
15759.0,2010-12-16,2011-05-05,2011-12-09,218,3,60,253.04,84.35,4,At-risk repeat customer
17860.0,2010-12-06,2010-12-06,2011-12-09,368,1,104,252.80,252.80,4,One-time customer
15035.0,2011-09-11,2011-09-11,2011-12-09,89,1,245,252.73,252.73,4,One-time customer
13404.0,2011-05-11,2011-12-08,2011-12-09,1,2,111,252.49,126.25,4,Active repeat customer
15346.0,2011-01-11,2011-01-11,2011-12-09,332,1,144,252.42,252.42,4,One-time customer
13645.0,2011-08-11,2011-08-11,2011-12-09,120,1,158,252.10,252.10,4,One-time customer
13711.0,2011-05-05,2011-05-05,2011-12-09,218,2,140,252.06,126.03,4,At-risk repeat customer
16330.0,2011-08-19,2011-11-22,2011-12-09,17,3,147,251.91,83.97,4,Active repeat customer
16836.0,2011-08-15,2011-10-31,2011-12-09,39,2,165,251.87,125.94,4,Active repeat customer
17155.0,2011-06-15,2011-11-22,2011-12-09,17,2,242,251.70,125.85,4,Active repeat customer
16976.0,2011-03-17,2011-03-17,2011-12-09,267,1,88,251.52,251.52,4,One-time customer
16024.0,2011-11-27,2011-11-27,2011-12-09,12,1,398,251.24,251.24,4,One-time customer
13512.0,2011-03-24,2011-03-24,2011-12-09,260,1,143,251.21,251.21,4,One-time customer
14501.0,2011-01-24,2011-06-09,2011-12-09,183,2,161,251.21,125.61,4,At-risk repeat customer
13207.0,2011-07-12,2011-11-24,2011-12-09,15,2,130,250.26,125.13,4,Active repeat customer
16596.0,2010-12-08,2011-11-24,2011-12-09,15,2,97,250.15,125.08,4,Active repeat customer
17303.0,2010-12-13,2010-12-13,2011-12-09,361,1,144,250.04,250.04,5,One-time customer
15510.0,2011-01-13,2011-01-13,2011-12-09,330,1,2,250.00,250.00,5,One-time customer
17456.0,2010-12-09,2010-12-09,2011-12-09,365,1,222,249.86,249.86,5,One-time customer
18005.0,2011-10-23,2011-12-06,2011-12-09,3,2,93,249.72,124.86,5,Active repeat customer
16124.0,2011-01-26,2011-01-26,2011-12-09,317,1,48,249.00,249.00,5,One-time customer
17111.0,2011-10-23,2011-10-23,2011-12-09,47,1,302,248.61,248.61,5,One-time customer
13061.0,2011-09-28,2011-09-28,2011-12-09,72,1,107,248.61,248.61,5,One-time customer
18212.0,2011-01-17,2011-01-17,2011-12-09,326,1,101,248.42,248.42,5,One-time customer
16510.0,2010-12-02,2010-12-02,2011-12-09,372,1,92,248.10,248.10,5,One-time customer
15097.0,2011-12-05,2011-12-05,2011-12-09,4,1,170,248.08,248.08,5,One-time customer
13592.0,2011-03-20,2011-11-04,2011-12-09,35,4,84,247.96,61.99,5,Active repeat customer
18072.0,2011-06-07,2011-06-07,2011-12-09,185,1,288,247.44,247.44,5,One-time customer
13349.0,2011-11-29,2011-11-29,2011-12-09,10,1,225,247.32,247.32,5,One-time customer
14658.0,2011-08-14,2011-12-04,2011-12-09,5,2,47,247.15,123.58,5,Active repeat customer
17051.0,2011-05-29,2011-05-29,2011-12-09,194,1,184,247.14,247.14,5,One-time customer
15783.0,2011-11-29,2011-11-29,2011-12-09,10,1,212,246.30,246.30,5,One-time customer
17278.0,2011-04-12,2011-04-12,2011-12-09,241,1,179,246.04,246.04,5,One-time customer
16778.0,2011-03-10,2011-09-26,2011-12-09,74,2,194,245.94,122.97,5,Active repeat customer
17771.0,2011-01-20,2011-10-14,2011-12-09,56,2,287,245.81,122.91,5,Active repeat customer
12660.0,2011-11-28,2011-11-28,2011-12-09,11,1,127,245.10,245.10,5,One-time customer
15118.0,2011-07-28,2011-07-28,2011-12-09,134,1,1440,244.80,244.80,5,One-time customer
16601.0,2011-10-30,2011-10-30,2011-12-09,40,1,134,244.80,244.80,5,One-time customer
16528.0,2011-12-06,2011-12-06,2011-12-09,3,1,171,244.41,244.41,5,One-time customer
17892.0,2011-07-07,2011-10-14,2011-12-09,56,3,109,244.10,81.37,5,Active repeat customer
17925.0,2010-12-02,2010-12-02,2011-12-09,372,1,72,244.08,244.08,5,One-time customer
13103.0,2011-10-31,2011-10-31,2011-12-09,39,1,82,243.94,243.94,5,One-time customer
16793.0,2011-10-13,2011-10-13,2011-12-09,57,1,146,243.84,243.84,5,One-time customer
18193.0,2011-06-27,2011-06-27,2011-12-09,165,1,124,243.76,243.76,5,One-time customer
13886.0,2011-09-29,2011-09-29,2011-12-09,71,1,126,243.56,243.56,5,One-time customer
15634.0,2011-11-22,2011-11-22,2011-12-09,17,1,99,243.55,243.55,5,One-time customer
17339.0,2010-12-09,2011-09-06,2011-12-09,94,2,152,243.36,121.68,5,At-risk repeat customer
17908.0,2010-12-01,2010-12-01,2011-12-09,373,1,173,243.28,243.28,5,One-time customer
14647.0,2011-05-22,2011-05-22,2011-12-09,201,1,95,243.22,243.22,5,One-time customer
16215.0,2011-09-20,2011-09-20,2011-12-09,80,1,104,242.35,242.35,5,One-time customer
15776.0,2011-07-29,2011-07-29,2011-12-09,133,1,138,241.62,241.62,5,One-time customer
14523.0,2011-08-23,2011-08-23,2011-12-09,108,1,251,241.09,241.09,5,One-time customer
16427.0,2011-02-28,2011-03-21,2011-12-09,263,2,156,241.06,120.53,5,At-risk repeat customer
15598.0,2011-10-17,2011-10-17,2011-12-09,53,1,160,240.68,240.68,5,One-time customer
15286.0,2011-10-21,2011-10-21,2011-12-09,49,1,55,240.55,240.55,5,One-time customer
13565.0,2011-01-09,2011-11-20,2011-12-09,19,2,172,240.22,120.11,5,Active repeat customer
17256.0,2011-01-31,2011-08-24,2011-12-09,107,2,141,240.00,120.00,5,At-risk repeat customer
17181.0,2010-12-01,2011-10-13,2011-12-09,57,2,241,239.92,119.96,5,Active repeat customer
15690.0,2011-08-31,2011-12-05,2011-12-09,4,2,408,239.76,119.88,5,Active repeat customer
13570.0,2011-04-10,2011-04-10,2011-12-09,243,1,161,239.49,239.49,5,One-time customer
17684.0,2011-10-27,2011-10-27,2011-12-09,43,1,145,239.41,239.41,5,One-time customer
16756.0,2011-05-09,2011-05-09,2011-12-09,214,1,106,239.40,239.40,5,One-time customer
15850.0,2011-06-24,2011-11-20,2011-12-09,19,2,302,238.85,119.43,5,Active repeat customer
12561.0,2011-02-10,2011-02-10,2011-12-09,302,1,177,238.85,238.85,5,One-time customer
12718.0,2011-09-29,2011-09-29,2011-12-09,71,1,203,238.25,238.25,5,One-time customer
17877.0,2011-06-22,2011-06-22,2011-12-09,170,1,98,237.61,237.61,5,One-time customer
14586.0,2011-03-08,2011-03-08,2011-12-09,276,1,444,237.36,237.36,5,One-time customer
15457.0,2011-03-22,2011-03-22,2011-12-09,262,1,132,237.07,237.07,5,One-time customer
18110.0,2011-11-20,2011-11-20,2011-12-09,19,1,86,236.30,236.30,5,One-time customer
12732.0,2011-06-13,2011-06-13,2011-12-09,179,1,111,236.26,236.26,5,One-time customer
16026.0,2011-10-27,2011-10-27,2011-12-09,43,1,243,236.09,236.09,5,One-time customer
13187.0,2011-01-06,2011-01-06,2011-12-09,337,1,95,236.02,236.02,5,One-time customer
15462.0,2011-06-05,2011-09-06,2011-12-09,94,3,172,234.60,78.20,5,At-risk repeat customer
14473.0,2011-03-02,2011-09-26,2011-12-09,74,2,88,234.34,117.17,5,Active repeat customer
17060.0,2011-03-18,2011-03-18,2011-12-09,266,1,216,234.24,234.24,5,One-time customer
16961.0,2011-08-15,2011-08-15,2011-12-09,116,1,125,234.17,234.17,5,One-time customer
12736.0,2011-01-11,2011-01-11,2011-12-09,332,1,173,234.00,234.00,5,One-time customer
15483.0,2011-03-18,2011-07-01,2011-12-09,161,4,295,233.81,58.45,5,At-risk repeat customer
13348.0,2011-10-06,2011-10-06,2011-12-09,64,1,136,233.76,233.76,5,One-time customer
16583.0,2010-12-01,2010-12-01,2011-12-09,373,1,111,233.45,233.45,5,One-time customer
14995.0,2011-03-04,2011-11-01,2011-12-09,38,2,103,233.23,116.62,5,Active repeat customer
16302.0,2011-08-05,2011-08-05,2011-12-09,126,1,158,233.22,233.22,5,One-time customer
13678.0,2011-07-11,2011-07-11,2011-12-09,151,1,924,232.60,232.60,5,One-time customer
18213.0,2011-04-17,2011-04-17,2011-12-09,236,1,232,232.48,232.48,5,One-time customer
16117.0,2011-06-03,2011-06-03,2011-12-09,189,1,130,232.21,232.21,5,One-time customer
15393.0,2011-03-03,2011-11-23,2011-12-09,16,2,150,231.86,115.93,5,Active repeat customer
16641.0,2011-08-26,2011-08-26,2011-12-09,105,1,256,231.10,231.10,5,One-time customer
18030.0,2011-10-28,2011-12-05,2011-12-09,4,2,67,230.65,115.33,5,Active repeat customer
15866.0,2011-08-30,2011-08-30,2011-12-09,101,1,126,230.53,230.53,5,One-time customer
16445.0,2011-11-06,2011-11-06,2011-12-09,33,1,111,230.51,230.51,5,One-time customer
13786.0,2010-12-07,2010-12-07,2011-12-09,367,1,136,230.40,230.40,5,One-time customer
16926.0,2010-12-03,2010-12-03,2011-12-09,371,1,35,230.25,230.25,5,One-time customer
13960.0,2011-09-29,2011-11-18,2011-12-09,21,2,142,230.22,115.11,5,Active repeat customer
12812.0,2011-10-26,2011-10-26,2011-12-09,44,1,164,229.64,229.64,5,One-time customer
13474.0,2011-04-17,2011-04-17,2011-12-09,236,1,132,229.59,229.59,5,One-time customer
13008.0,2011-01-20,2011-01-20,2011-12-09,323,1,175,229.47,229.47,5,One-time customer
15528.0,2011-03-30,2011-03-30,2011-12-09,254,1,123,229.33,229.33,5,One-time customer
14793.0,2011-11-18,2011-11-18,2011-12-09,21,1,91,228.99,228.99,5,One-time customer
17347.0,2011-09-14,2011-09-14,2011-12-09,86,1,216,228.96,228.96,5,One-time customer
13146.0,2011-11-13,2011-11-13,2011-12-09,26,1,154,228.91,228.91,5,One-time customer
13712.0,2011-04-07,2011-04-07,2011-12-09,246,1,352,228.84,228.84,5,One-time customer
13070.0,2011-05-31,2011-05-31,2011-12-09,192,1,110,228.80,228.80,5,One-time customer
17969.0,2010-12-13,2011-06-26,2011-12-09,166,2,152,228.20,114.10,5,At-risk repeat customer
16527.0,2011-09-19,2011-09-19,2011-12-09,81,1,106,228.06,228.06,5,One-time customer
14569.0,2011-12-08,2011-12-08,2011-12-09,1,1,79,227.39,227.39,5,One-time customer
17212.0,2011-03-31,2011-03-31,2011-12-09,253,1,147,226.85,226.85,5,One-time customer
17572.0,2010-12-01,2011-09-29,2011-12-09,71,4,95,226.75,56.69,5,Active repeat customer
16315.0,2011-01-13,2011-01-13,2011-12-09,330,1,75,226.37,226.37,5,One-time customer
16777.0,2011-03-27,2011-09-20,2011-12-09,80,2,64,226.35,113.18,5,Active repeat customer
16619.0,2011-03-21,2011-03-21,2011-12-09,263,1,133,226.21,226.21,5,One-time customer
17789.0,2011-03-03,2011-03-03,2011-12-09,281,1,74,225.90,225.90,5,One-time customer
12672.0,2011-01-14,2011-01-14,2011-12-09,329,1,78,225.90,225.90,5,One-time customer
14624.0,2011-10-11,2011-10-13,2011-12-09,57,2,162,225.85,112.93,5,Active repeat customer
14357.0,2011-10-27,2011-10-27,2011-12-09,43,1,148,225.77,225.77,5,One-time customer
12402.0,2011-01-20,2011-01-20,2011-12-09,323,1,94,225.60,225.60,5,One-time customer
16690.0,2011-05-22,2011-09-28,2011-12-09,72,2,138,225.58,112.79,5,Active repeat customer
14052.0,2011-11-20,2011-11-20,2011-12-09,19,1,89,225.36,225.36,5,One-time customer
16587.0,2011-04-21,2011-04-21,2011-12-09,232,1,71,225.15,225.15,5,One-time customer
17171.0,2011-02-23,2011-02-23,2011-12-09,289,1,185,224.91,224.91,5,One-time customer
15175.0,2011-09-29,2011-09-29,2011-12-09,71,1,454,224.14,224.14,5,One-time customer
16471.0,2011-03-10,2011-03-10,2011-12-09,274,1,141,223.95,223.95,5,One-time customer
16753.0,2011-10-12,2011-10-12,2011-12-09,58,1,189,223.92,223.92,5,One-time customer
14929.0,2011-11-07,2011-11-07,2011-12-09,32,1,136,223.88,223.88,5,One-time customer
13926.0,2011-11-16,2011-11-16,2011-12-09,23,1,104,223.85,223.85,5,One-time customer
18101.0,2011-07-19,2011-11-28,2011-12-09,11,2,88,223.65,111.83,5,Active repeat customer
15637.0,2011-10-18,2011-10-18,2011-12-09,52,1,128,223.36,223.36,5,One-time customer
17534.0,2011-10-17,2011-10-17,2011-12-09,53,1,103,223.36,223.36,5,One-time customer
13382.0,2011-03-04,2011-03-04,2011-12-09,280,1,131,222.99,222.99,5,One-time customer
15897.0,2011-05-29,2011-05-29,2011-12-09,194,2,261,222.05,111.03,5,At-risk repeat customer
14598.0,2011-10-26,2011-10-26,2011-12-09,44,1,189,221.97,221.97,5,One-time customer
14960.0,2011-06-21,2011-12-01,2011-12-09,8,2,221,221.27,110.64,5,Active repeat customer
16392.0,2011-03-15,2011-03-15,2011-12-09,269,1,203,221.19,221.19,5,One-time customer
13419.0,2011-10-07,2011-10-07,2011-12-09,63,1,275,221.06,221.06,5,One-time customer
15790.0,2011-11-29,2011-11-29,2011-12-09,10,1,114,220.85,220.85,5,One-time customer
16482.0,2011-11-24,2011-11-24,2011-12-09,15,1,346,220.62,220.62,5,One-time customer
13079.0,2011-07-22,2011-12-05,2011-12-09,4,5,62,220.10,44.02,5,Active repeat customer
18114.0,2011-02-22,2011-02-22,2011-12-09,290,1,55,220.10,220.10,5,One-time customer
13600.0,2011-01-31,2011-01-31,2011-12-09,312,1,324,219.52,219.52,5,One-time customer
15096.0,2011-10-28,2011-10-28,2011-12-09,42,1,120,219.39,219.39,5,One-time customer
16895.0,2011-10-06,2011-10-06,2011-12-09,64,1,102,219.14,219.14,5,One-time customer
12702.0,2011-11-20,2011-11-20,2011-12-09,19,1,53,219.00,219.00,5,One-time customer
13669.0,2011-07-13,2011-10-20,2011-12-09,50,2,237,218.55,109.28,5,Active repeat customer
17619.0,2011-01-31,2011-01-31,2011-12-09,312,1,127,218.52,218.52,5,One-time customer
13428.0,2011-11-29,2011-11-29,2011-12-09,10,1,156,218.47,218.47,5,One-time customer
12574.0,2011-01-28,2011-01-28,2011-12-09,315,1,61,218.45,218.45,5,One-time customer
15724.0,2011-02-28,2011-05-22,2011-12-09,201,2,73,218.25,109.13,5,At-risk repeat customer
14570.0,2011-03-04,2011-03-04,2011-12-09,280,2,95,218.06,109.03,5,At-risk repeat customer
16634.0,2010-12-02,2011-05-01,2011-12-09,222,2,82,217.90,108.95,5,At-risk repeat customer
13271.0,2011-11-02,2011-11-02,2011-12-09,37,1,253,217.38,217.38,5,One-time customer
15554.0,2011-03-07,2011-03-07,2011-12-09,277,1,74,217.20,217.20,5,One-time customer
16080.0,2011-03-10,2011-09-19,2011-12-09,81,2,128,217.16,108.58,5,Active repeat customer
13739.0,2011-11-21,2011-11-21,2011-12-09,18,1,54,216.90,216.90,5,One-time customer
13503.0,2011-09-29,2011-09-29,2011-12-09,71,1,248,216.85,216.85,5,One-time customer
15460.0,2010-12-20,2010-12-20,2011-12-09,354,1,109,216.76,216.76,5,One-time customer
12897.0,2011-02-11,2011-05-19,2011-12-09,204,2,110,216.50,108.25,5,At-risk repeat customer
15604.0,2011-10-18,2011-10-18,2011-12-09,52,1,159,216.39,216.39,5,One-time customer
17436.0,2011-04-27,2011-12-08,2011-12-09,1,2,90,216.30,108.15,5,Active repeat customer
14104.0,2011-06-27,2011-07-08,2011-12-09,154,2,72,216.21,108.11,5,At-risk repeat customer
13858.0,2011-10-13,2011-10-13,2011-12-09,57,1,75,216.17,216.17,5,One-time customer
16179.0,2011-10-10,2011-10-10,2011-12-09,60,1,99,215.83,215.83,5,One-time customer
15052.0,2011-01-24,2011-01-24,2011-12-09,319,1,82,215.78,215.78,5,One-time customer
17580.0,2010-12-16,2011-04-01,2011-12-09,252,3,88,215.72,71.91,5,At-risk repeat customer
14476.0,2011-03-27,2011-03-27,2011-12-09,257,1,132,215.70,215.70,5,One-time customer
16189.0,2011-09-15,2011-11-24,2011-12-09,15,2,134,215.48,107.74,5,Active repeat customer
16519.0,2010-12-09,2011-11-14,2011-12-09,25,2,54,215.08,107.54,5,Active repeat customer
16190.0,2011-10-30,2011-10-30,2011-12-09,40,1,88,215.08,215.08,5,One-time customer
12831.0,2011-03-22,2011-03-22,2011-12-09,262,1,135,215.05,215.05,5,One-time customer
12588.0,2011-10-31,2011-10-31,2011-12-09,39,1,53,214.90,214.90,5,One-time customer
16338.0,2011-07-05,2011-07-05,2011-12-09,157,1,94,214.80,214.80,5,One-time customer
16411.0,2010-12-05,2011-11-20,2011-12-09,19,2,132,214.65,107.33,5,Active repeat customer
16846.0,2011-10-20,2011-10-20,2011-12-09,50,1,135,214.32,214.32,5,One-time customer
16647.0,2011-05-19,2011-06-23,2011-12-09,169,2,146,214.06,107.03,5,At-risk repeat customer
14601.0,2011-11-29,2011-11-29,2011-12-09,10,1,168,213.96,213.96,5,One-time customer
13621.0,2011-08-15,2011-08-15,2011-12-09,116,1,343,213.85,213.85,5,One-time customer
17153.0,2011-11-15,2011-11-15,2011-12-09,24,1,104,213.78,213.78,5,One-time customer
14241.0,2011-06-09,2011-06-09,2011-12-09,183,1,146,213.70,213.70,5,One-time customer
13411.0,2011-08-24,2011-08-24,2011-12-09,107,1,72,213.55,213.55,5,One-time customer
16591.0,2011-10-02,2011-10-02,2011-12-09,68,1,41,213.50,213.50,5,One-time customer
15540.0,2011-11-28,2011-11-28,2011-12-09,11,1,200,213.30,213.30,5,One-time customer
14984.0,2011-06-12,2011-11-20,2011-12-09,19,2,60,213.27,106.64,5,Active repeat customer
17928.0,2011-04-07,2011-10-25,2011-12-09,45,2,140,212.54,106.27,5,Active repeat customer
16017.0,2011-10-23,2011-10-23,2011-12-09,47,1,102,211.88,211.88,5,One-time customer
16356.0,2011-03-07,2011-05-26,2011-12-09,197,3,93,211.77,70.59,5,At-risk repeat customer
15703.0,2011-03-20,2011-03-20,2011-12-09,264,1,66,211.50,211.50,5,One-time customer
12995.0,2011-09-15,2011-09-15,2011-12-09,85,1,108,211.32,211.32,5,One-time customer
16415.0,2011-10-26,2011-10-26,2011-12-09,44,1,187,210.35,210.35,5,One-time customer
13532.0,2011-11-06,2011-11-06,2011-12-09,33,1,129,210.31,210.31,5,One-time customer
13828.0,2011-11-17,2011-11-17,2011-12-09,22,1,311,209.49,209.49,5,One-time customer
17855.0,2010-12-02,2010-12-02,2011-12-09,372,1,197,208.97,208.97,5,One-time customer
15327.0,2011-10-18,2011-10-18,2011-12-09,52,1,116,208.75,208.75,5,One-time customer
17514.0,2011-08-03,2011-08-03,2011-12-09,128,1,135,208.65,208.65,5,One-time customer
16914.0,2011-11-03,2011-11-03,2011-12-09,36,1,121,208.46,208.46,5,One-time customer
16457.0,2011-05-05,2011-05-05,2011-12-09,218,1,140,208.36,208.36,5,One-time customer
12547.0,2011-03-04,2011-05-26,2011-12-09,197,2,134,207.80,103.90,5,At-risk repeat customer
18191.0,2011-03-23,2011-03-23,2011-12-09,261,1,140,207.80,207.80,5,One-time customer
16866.0,2011-07-01,2011-07-22,2011-12-09,140,3,60,207.74,69.25,5,At-risk repeat customer
16752.0,2010-12-02,2010-12-02,2011-12-09,372,1,54,207.50,207.50,5,One-time customer
17923.0,2011-03-02,2011-03-02,2011-12-09,282,1,50,207.50,207.50,5,One-time customer
16323.0,2011-05-27,2011-05-27,2011-12-09,196,1,50,207.50,207.50,5,One-time customer
13099.0,2011-09-01,2011-09-01,2011-12-09,99,1,288,207.36,207.36,5,One-time customer
15925.0,2011-05-29,2011-05-29,2011-12-09,194,1,93,207.15,207.15,5,One-time customer
15820.0,2011-01-24,2011-01-24,2011-12-09,319,1,128,206.98,206.98,5,One-time customer
18126.0,2011-10-10,2011-10-10,2011-12-09,60,1,144,206.83,206.83,5,One-time customer
17166.0,2011-05-20,2011-11-01,2011-12-09,38,2,78,206.34,103.17,5,Active repeat customer
14964.0,2011-04-06,2011-04-06,2011-12-09,247,1,143,206.21,206.21,5,One-time customer
13065.0,2010-12-01,2010-12-01,2011-12-09,373,1,74,205.86,205.86,5,One-time customer
17670.0,2011-04-26,2011-04-26,2011-12-09,227,1,110,205.70,205.70,5,One-time customer
17843.0,2011-02-09,2011-02-09,2011-12-09,303,1,113,205.48,205.48,5,One-time customer
15307.0,2011-09-05,2011-09-05,2011-12-09,95,1,37,205.30,205.30,5,One-time customer
15758.0,2011-11-15,2011-11-15,2011-12-09,24,1,47,205.25,205.25,5,One-time customer
13513.0,2011-08-05,2011-08-05,2011-12-09,126,1,109,205.10,205.10,5,One-time customer
15319.0,2011-03-01,2011-03-01,2011-12-09,283,1,175,204.50,204.50,5,One-time customer
17206.0,2011-10-17,2011-10-17,2011-12-09,53,1,76,204.24,204.24,5,One-time customer
18273.0,2011-03-27,2011-12-07,2011-12-09,2,3,80,204.00,68.00,5,Active repeat customer
13017.0,2011-12-02,2011-12-02,2011-12-09,7,1,48,204.00,204.00,5,One-time customer
17187.0,2011-04-27,2011-04-27,2011-12-09,226,1,144,203.95,203.95,5,One-time customer
17394.0,2011-05-04,2011-05-04,2011-12-09,219,1,241,203.87,203.87,5,One-time customer
17889.0,2011-01-21,2011-05-11,2011-12-09,212,2,79,203.87,101.94,5,At-risk repeat customer
17891.0,2011-06-30,2011-06-30,2011-12-09,162,1,393,203.86,203.86,5,One-time customer
17376.0,2011-02-01,2011-09-30,2011-12-09,70,2,86,203.20,101.60,5,Active repeat customer
15723.0,2010-12-10,2010-12-10,2011-12-09,364,1,87,203.10,203.10,5,One-time customer
14381.0,2011-10-18,2011-10-18,2011-12-09,52,1,146,202.68,202.68,5,One-time customer
18169.0,2011-10-10,2011-10-10,2011-12-09,60,1,61,202.65,202.65,5,One-time customer
14385.0,2011-11-16,2011-11-30,2011-12-09,9,3,159,202.11,67.37,5,Active repeat customer
15347.0,2010-12-08,2010-12-08,2011-12-09,366,1,130,201.60,201.60,5,One-time customer
13295.0,2010-12-15,2010-12-15,2011-12-09,359,1,82,201.20,201.20,5,One-time customer
16965.0,2011-04-27,2011-04-27,2011-12-09,226,1,291,201.19,201.19,5,One-time customer
13284.0,2011-01-13,2011-01-13,2011-12-09,330,1,91,201.19,201.19,5,One-time customer
13859.0,2011-01-17,2011-01-17,2011-12-09,326,1,129,201.16,201.16,5,One-time customer
17988.0,2011-01-17,2011-11-28,2011-12-09,11,7,43,201.12,28.73,5,Active repeat customer
17693.0,2011-07-25,2011-07-25,2011-12-09,137,1,231,200.47,200.47,5,One-time customer
13262.0,2011-03-21,2011-03-21,2011-12-09,263,1,125,200.29,200.29,5,One-time customer
15437.0,2011-03-22,2011-03-22,2011-12-09,262,1,79,200.16,200.16,5,One-time customer
13980.0,2011-10-10,2011-10-10,2011-12-09,60,1,172,200.14,200.14,5,One-time customer
14782.0,2011-01-24,2011-01-24,2011-12-09,319,1,114,200.10,200.10,5,One-time customer
13723.0,2011-05-06,2011-05-06,2011-12-09,217,1,43,199.85,199.85,5,One-time customer
15593.0,2011-09-30,2011-09-30,2011-12-09,70,1,60,199.80,199.80,5,One-time customer
13322.0,2011-11-22,2011-11-22,2011-12-09,17,1,117,199.48,199.48,5,One-time customer
17383.0,2011-12-05,2011-12-05,2011-12-09,4,1,150,199.29,199.29,5,One-time customer
16832.0,2011-05-06,2011-06-08,2011-12-09,184,3,33,199.15,66.38,5,At-risk repeat customer
17987.0,2011-06-07,2011-06-07,2011-12-09,185,1,261,198.57,198.57,5,One-time customer
16178.0,2011-07-24,2011-07-24,2011-12-09,138,1,94,197.90,197.90,5,One-time customer
12450.0,2011-06-19,2011-07-06,2011-12-09,156,2,128,197.88,98.94,5,At-risk repeat customer
12581.0,2011-10-31,2011-10-31,2011-12-09,39,1,161,197.71,197.71,5,One-time customer
14185.0,2011-01-12,2011-01-12,2011-12-09,331,1,6,197.65,197.65,5,One-time customer
14789.0,2011-11-11,2011-11-11,2011-12-09,28,1,116,197.64,197.64,5,One-time customer
17301.0,2011-11-18,2011-11-18,2011-12-09,21,1,149,197.63,197.63,5,One-time customer
16829.0,2011-07-06,2011-07-06,2011-12-09,156,1,99,197.22,197.22,5,One-time customer
14830.0,2011-10-17,2011-10-17,2011-12-09,53,1,169,197.13,197.13,5,One-time customer
15234.0,2011-03-08,2011-03-08,2011-12-09,276,1,196,197.00,197.00,5,One-time customer
12586.0,2011-11-22,2011-11-22,2011-12-09,17,1,79,196.94,196.94,5,One-time customer
13436.0,2011-12-08,2011-12-08,2011-12-09,1,1,76,196.89,196.89,5,One-time customer
15746.0,2011-07-28,2011-07-28,2011-12-09,134,1,178,196.88,196.88,5,One-time customer
13978.0,2011-10-25,2011-11-25,2011-12-09,14,2,315,196.79,98.40,5,Active repeat customer
17660.0,2011-07-21,2011-07-21,2011-12-09,141,1,130,196.00,196.00,5,One-time customer
16112.0,2011-01-05,2011-07-19,2011-12-09,143,4,574,195.74,48.94,5,At-risk repeat customer
13792.0,2011-02-25,2011-10-04,2011-12-09,66,2,92,195.55,97.78,5,Active repeat customer
17010.0,2011-11-21,2011-11-21,2011-12-09,18,1,118,195.36,195.36,5,One-time customer
14666.0,2011-11-15,2011-11-15,2011-12-09,24,1,161,195.25,195.25,5,One-time customer
15612.0,2011-10-09,2011-11-03,2011-12-09,36,2,52,195.15,97.58,5,Active repeat customer
14100.0,2011-07-25,2011-07-25,2011-12-09,137,1,64,194.90,194.90,5,One-time customer
16887.0,2011-11-04,2011-11-04,2011-12-09,35,1,157,194.88,194.88,5,One-time customer
14087.0,2011-12-07,2011-12-07,2011-12-09,2,1,251,194.42,194.42,5,One-time customer
17475.0,2011-09-21,2011-09-21,2011-12-09,79,1,178,194.37,194.37,5,One-time customer
15683.0,2011-08-14,2011-08-14,2011-12-09,117,1,131,193.75,193.75,5,One-time customer
15198.0,2011-08-07,2011-09-08,2011-12-09,92,2,120,193.64,96.82,5,At-risk repeat customer
17343.0,2010-12-19,2010-12-19,2011-12-09,355,1,56,193.64,193.64,5,One-time customer
16847.0,2011-10-27,2011-10-27,2011-12-09,43,1,78,193.44,193.44,5,One-time customer
17608.0,2011-11-06,2011-11-06,2011-12-09,33,2,232,193.42,96.71,5,Active repeat customer
14806.0,2011-09-25,2011-09-25,2011-12-09,75,1,330,193.39,193.39,5,One-time customer
14801.0,2011-10-09,2011-10-09,2011-12-09,61,1,175,193.14,193.14,5,One-time customer
13568.0,2011-06-19,2011-06-19,2011-12-09,173,1,70,192.85,192.85,5,One-time customer
12522.0,2011-10-19,2011-10-31,2011-12-09,39,2,194,192.72,96.36,5,Active repeat customer
12791.0,2010-12-01,2010-12-01,2011-12-09,373,1,97,192.60,192.60,5,One-time customer
14768.0,2011-08-04,2011-11-22,2011-12-09,17,2,52,192.60,96.30,5,Active repeat customer
15909.0,2011-06-19,2011-06-19,2011-12-09,173,1,98,191.94,191.94,5,One-time customer
17904.0,2011-11-18,2011-11-18,2011-12-09,21,1,63,191.67,191.67,5,One-time customer
14966.0,2011-11-25,2011-11-25,2011-12-09,14,1,187,191.32,191.32,5,One-time customer
15692.0,2011-11-11,2011-11-11,2011-12-09,28,1,138,191.04,191.04,5,One-time customer
17233.0,2011-11-04,2011-11-04,2011-12-09,35,1,131,190.88,190.88,5,One-time customer
13033.0,2010-12-17,2010-12-17,2011-12-09,357,1,83,190.55,190.55,5,One-time customer
15412.0,2011-06-21,2011-06-21,2011-12-09,171,1,108,190.53,190.53,5,One-time customer
13972.0,2011-05-22,2011-09-30,2011-12-09,70,2,187,190.25,95.13,5,Active repeat customer
17885.0,2011-11-27,2011-11-27,2011-12-09,12,1,167,190.19,190.19,5,One-time customer
12361.0,2011-02-25,2011-02-25,2011-12-09,287,1,91,189.90,189.90,5,One-time customer
13826.0,2011-06-16,2011-06-16,2011-12-09,176,1,82,189.50,189.50,5,One-time customer
13663.0,2011-06-13,2011-06-13,2011-12-09,179,1,91,189.47,189.47,5,One-time customer
18045.0,2011-10-25,2011-10-25,2011-12-09,45,1,142,189.40,189.40,5,One-time customer
16448.0,2011-05-25,2011-05-25,2011-12-09,198,1,78,188.89,188.89,5,One-time customer
14697.0,2011-05-05,2011-05-05,2011-12-09,218,2,181,188.61,94.31,5,At-risk repeat customer
12893.0,2011-11-09,2011-11-09,2011-12-09,30,1,96,188.14,188.14,5,One-time customer
17781.0,2011-03-31,2011-07-03,2011-12-09,159,2,34,188.02,94.01,5,At-risk repeat customer
14722.0,2011-07-15,2011-07-15,2011-12-09,147,1,120,187.92,187.92,5,One-time customer
17279.0,2011-10-13,2011-10-13,2011-12-09,57,1,48,187.83,187.83,5,One-time customer
18013.0,2011-07-07,2011-07-07,2011-12-09,155,2,285,187.29,93.65,5,At-risk repeat customer
17440.0,2011-04-06,2011-07-06,2011-12-09,156,3,246,186.42,62.14,5,At-risk repeat customer
13672.0,2011-01-11,2011-02-11,2011-12-09,301,2,57,186.39,93.20,5,At-risk repeat customer
14551.0,2011-05-19,2011-11-21,2011-12-09,18,2,106,186.23,93.12,5,Active repeat customer
15567.0,2011-11-21,2011-11-21,2011-12-09,18,1,223,186.01,186.01,5,One-time customer
12641.0,2011-08-16,2011-08-16,2011-12-09,115,1,72,185.90,185.90,5,One-time customer
17574.0,2011-04-11,2011-04-11,2011-12-09,242,1,77,185.65,185.65,5,One-time customer
14199.0,2011-05-05,2011-05-05,2011-12-09,218,1,28,185.40,185.40,5,One-time customer
16097.0,2011-04-13,2011-04-13,2011-12-09,240,1,87,185.05,185.05,5,One-time customer
13482.0,2011-04-21,2011-04-21,2011-12-09,232,1,116,184.64,184.64,5,One-time customer
17680.0,2011-11-16,2011-11-16,2011-12-09,23,1,96,184.40,184.40,5,One-time customer
16433.0,2011-11-11,2011-11-11,2011-12-09,28,1,106,184.26,184.26,5,One-time customer
15124.0,2011-06-01,2011-11-17,2011-12-09,22,2,233,184.19,92.10,5,Active repeat customer
14326.0,2011-04-11,2011-04-11,2011-12-09,242,1,103,183.85,183.85,5,One-time customer
16680.0,2011-10-27,2011-10-27,2011-12-09,43,1,94,183.70,183.70,5,One-time customer
14059.0,2011-03-18,2011-03-18,2011-12-09,266,1,128,183.60,183.60,5,One-time customer
13460.0,2011-10-21,2011-11-10,2011-12-09,29,2,286,183.44,91.72,5,Active repeat customer
13059.0,2011-04-04,2011-04-04,2011-12-09,249,1,35,183.40,183.40,5,One-time customer
17772.0,2011-11-29,2011-11-29,2011-12-09,10,2,58,182.77,91.39,5,Active repeat customer
14082.0,2010-12-10,2010-12-10,2011-12-09,364,1,110,182.25,182.25,5,One-time customer
18119.0,2010-12-07,2010-12-07,2011-12-09,367,1,125,181.12,181.12,5,One-time customer
16594.0,2011-09-25,2011-09-25,2011-12-09,75,1,64,181.09,181.09,5,One-time customer
15886.0,2011-10-10,2011-10-10,2011-12-09,60,1,147,181.09,181.09,5,One-time customer
15945.0,2010-12-09,2010-12-09,2011-12-09,365,1,52,181.00,181.00,5,One-time customer
15292.0,2011-05-22,2011-05-22,2011-12-09,201,1,56,180.94,180.94,5,One-time customer
16835.0,2010-12-01,2011-08-03,2011-12-09,128,2,61,180.85,90.43,5,At-risk repeat customer
18280.0,2011-03-07,2011-03-07,2011-12-09,277,1,45,180.60,180.60,5,One-time customer
13710.0,2011-11-08,2011-11-08,2011-12-09,31,1,176,180.48,180.48,5,One-time customer
15041.0,2011-06-22,2011-06-22,2011-12-09,170,1,104,180.35,180.35,5,One-time customer
13598.0,2011-10-23,2011-10-23,2011-12-09,47,1,58,180.17,180.17,5,One-time customer
12622.0,2011-04-21,2011-04-21,2011-12-09,232,1,69,180.10,180.10,5,One-time customer
18147.0,2011-08-23,2011-10-25,2011-12-09,45,2,203,179.34,89.67,5,Active repeat customer
15895.0,2011-07-13,2011-07-13,2011-12-09,149,1,94,179.17,179.17,5,One-time customer
15454.0,2010-12-12,2010-12-12,2011-12-09,362,1,86,179.10,179.10,5,One-time customer
16990.0,2011-05-05,2011-05-05,2011-12-09,218,1,100,179.00,179.00,5,One-time customer
14705.0,2011-05-25,2011-05-25,2011-12-09,198,1,100,179.00,179.00,5,One-time customer
16620.0,2011-03-24,2011-12-06,2011-12-09,3,2,88,178.96,89.48,5,Active repeat customer
15139.0,2011-01-07,2011-04-14,2011-12-09,239,2,208,178.96,89.48,5,At-risk repeat customer
15262.0,2011-01-20,2011-01-20,2011-12-09,323,1,73,178.95,178.95,5,One-time customer
13778.0,2011-08-28,2011-08-28,2011-12-09,103,1,70,178.70,178.70,5,One-time customer
17879.0,2011-06-19,2011-06-19,2011-12-09,173,1,45,178.52,178.52,5,One-time customer
17253.0,2011-11-21,2011-11-21,2011-12-09,18,1,43,178.26,178.26,5,One-time customer
17356.0,2011-02-01,2011-02-01,2011-12-09,311,1,166,178.22,178.22,5,One-time customer
18282.0,2011-08-05,2011-12-02,2011-12-09,7,2,103,178.05,89.03,5,Active repeat customer
16403.0,2011-01-31,2011-01-31,2011-12-09,312,1,114,177.50,177.50,5,One-time customer
13618.0,2011-06-19,2011-06-19,2011-12-09,173,1,246,177.34,177.34,5,One-time customer
12618.0,2011-11-18,2011-11-18,2011-12-09,21,1,96,177.31,177.31,5,One-time customer
13072.0,2011-03-18,2011-03-18,2011-12-09,266,1,69,177.15,177.15,5,One-time customer
12923.0,2011-10-06,2011-10-06,2011-12-09,64,1,69,176.97,176.97,5,One-time customer
17947.0,2011-11-02,2011-11-02,2011-12-09,37,1,168,176.68,176.68,5,One-time customer
14287.0,2011-05-25,2011-12-01,2011-12-09,8,3,261,176.63,58.88,5,Active repeat customer
12509.0,2011-02-28,2011-02-28,2011-12-09,284,1,55,176.50,176.50,5,One-time customer
18274.0,2011-11-09,2011-11-09,2011-12-09,30,1,88,175.92,175.92,5,One-time customer
17582.0,2011-04-17,2011-04-17,2011-12-09,236,1,123,175.27,175.27,5,One-time customer
16144.0,2011-04-07,2011-04-07,2011-12-09,246,1,16,175.20,175.20,5,One-time customer
17331.0,2011-08-08,2011-08-08,2011-12-09,123,1,16,175.20,175.20,5,One-time customer
18010.0,2011-03-28,2011-03-28,2011-12-09,256,1,60,174.80,174.80,5,One-time customer
14355.0,2010-12-09,2010-12-09,2011-12-09,365,1,92,174.40,174.40,5,One-time customer
13560.0,2011-12-02,2011-12-02,2011-12-09,7,1,64,174.37,174.37,5,One-time customer
14518.0,2011-10-06,2011-10-06,2011-12-09,64,1,278,174.37,174.37,5,One-time customer
15335.0,2011-10-17,2011-10-17,2011-12-09,53,1,80,173.97,173.97,5,One-time customer
18278.0,2011-09-27,2011-09-27,2011-12-09,73,1,66,173.90,173.90,5,One-time customer
16861.0,2011-07-04,2011-10-11,2011-12-09,59,2,140,173.76,86.88,5,Active repeat customer
14798.0,2011-02-02,2011-10-18,2011-12-09,52,3,150,173.74,57.91,5,Active repeat customer
16565.0,2010-12-10,2010-12-10,2011-12-09,364,1,46,173.70,173.70,5,One-time customer
12441.0,2010-12-08,2010-12-08,2011-12-09,366,1,121,173.55,173.55,5,One-time customer
15565.0,2011-09-30,2011-10-20,2011-12-09,50,2,60,173.16,86.58,5,Active repeat customer
15670.0,2011-02-16,2011-02-16,2011-12-09,296,1,91,173.05,173.05,5,One-time customer
14693.0,2011-03-20,2011-03-20,2011-12-09,264,1,34,172.90,172.90,5,One-time customer
18048.0,2011-05-20,2011-05-20,2011-12-09,203,2,127,172.29,86.15,5,At-risk repeat customer
13690.0,2011-10-11,2011-10-11,2011-12-09,59,1,67,172.25,172.25,5,One-time customer
13922.0,2010-12-23,2010-12-23,2011-12-09,351,1,93,172.25,172.25,5,One-time customer
12442.0,2011-12-06,2011-12-06,2011-12-09,3,1,182,172.06,172.06,5,One-time customer
14536.0,2011-03-25,2011-03-25,2011-12-09,259,1,40,171.80,171.80,5,One-time customer
16773.0,2011-10-13,2011-10-13,2011-12-09,57,1,171,171.59,171.59,5,One-time customer
17245.0,2011-05-19,2011-05-19,2011-12-09,204,1,75,171.45,171.45,5,One-time customer
15432.0,2011-11-16,2011-11-16,2011-12-09,23,1,65,171.19,171.19,5,One-time customer
17542.0,2011-03-15,2011-03-15,2011-12-09,269,1,134,170.75,170.75,5,One-time customer
14860.0,2011-11-20,2011-11-20,2011-12-09,19,1,232,170.32,170.32,5,One-time customer
18058.0,2011-11-30,2011-11-30,2011-12-09,9,1,88,170.16,170.16,5,One-time customer
15016.0,2011-06-20,2011-06-20,2011-12-09,172,1,76,170.04,170.04,5,One-time customer
16921.0,2011-10-09,2011-10-09,2011-12-09,61,1,171,169.79,169.79,5,One-time customer
13962.0,2011-04-08,2011-11-18,2011-12-09,21,2,87,169.55,84.78,5,Active repeat customer
14218.0,2011-10-28,2011-10-28,2011-12-09,42,1,160,169.48,169.48,5,One-time customer
18004.0,2010-12-12,2010-12-12,2011-12-09,362,1,78,169.47,169.47,5,One-time customer
12367.0,2011-12-05,2011-12-05,2011-12-09,4,1,173,168.90,168.90,5,One-time customer
14578.0,2011-12-06,2011-12-06,2011-12-09,3,1,240,168.63,168.63,5,One-time customer
18269.0,2010-12-08,2010-12-08,2011-12-09,366,1,76,168.60,168.60,5,One-time customer
17367.0,2011-04-15,2011-04-15,2011-12-09,238,1,150,168.40,168.40,5,One-time customer
18099.0,2011-08-04,2011-08-04,2011-12-09,127,1,149,168.31,168.31,5,One-time customer
15888.0,2011-09-20,2011-09-20,2011-12-09,80,1,76,168.31,168.31,5,One-time customer
16282.0,2011-01-04,2011-01-04,2011-12-09,339,1,114,168.30,168.30,5,One-time customer
17737.0,2011-10-12,2011-11-30,2011-12-09,9,2,108,168.24,84.12,5,Active repeat customer
15986.0,2011-11-09,2011-11-09,2011-12-09,30,1,268,168.12,168.12,5,One-time customer
12551.0,2010-12-17,2010-12-17,2011-12-09,357,1,100,168.00,168.00,5,One-time customer
15374.0,2011-08-03,2011-08-03,2011-12-09,128,1,126,168.00,168.00,5,One-time customer
18088.0,2011-10-09,2011-10-09,2011-12-09,61,1,109,167.67,167.67,5,One-time customer
17561.0,2011-11-20,2011-11-20,2011-12-09,19,1,146,167.62,167.62,5,One-time customer
16952.0,2011-08-22,2011-08-22,2011-12-09,109,2,92,167.61,83.81,5,At-risk repeat customer
15920.0,2011-07-08,2011-07-08,2011-12-09,154,4,99,167.50,41.88,5,At-risk repeat customer
16405.0,2011-02-02,2011-02-10,2011-12-09,302,2,187,167.25,83.63,5,At-risk repeat customer
18014.0,2011-11-11,2011-11-11,2011-12-09,28,1,68,166.42,166.42,5,One-time customer
14295.0,2011-10-30,2011-10-30,2011-12-09,40,1,84,166.20,166.20,5,One-time customer
17650.0,2011-11-18,2011-11-18,2011-12-09,21,1,150,166.08,166.08,5,One-time customer
12817.0,2011-03-03,2011-03-03,2011-12-09,281,1,53,166.04,166.04,5,One-time customer
14485.0,2011-11-01,2011-11-01,2011-12-09,38,1,71,165.75,165.75,5,One-time customer
14552.0,2011-07-11,2011-07-11,2011-12-09,151,1,91,165.07,165.07,5,One-time customer
18042.0,2011-10-17,2011-10-17,2011-12-09,53,1,33,165.05,165.05,5,One-time customer
15316.0,2011-01-17,2011-01-17,2011-12-09,326,1,100,165.00,165.00,5,One-time customer
13470.0,2011-08-16,2011-09-01,2011-12-09,99,2,100,165.00,82.50,5,At-risk repeat customer
15904.0,2011-12-01,2011-12-01,2011-12-09,8,1,84,164.68,164.68,5,One-time customer
17535.0,2011-03-04,2011-03-04,2011-12-09,280,1,136,164.40,164.40,5,One-time customer
13603.0,2011-11-13,2011-11-13,2011-12-09,26,1,164,164.34,164.34,5,One-time customer
12920.0,2011-11-22,2011-11-22,2011-12-09,17,1,129,164.23,164.23,5,One-time customer
18200.0,2011-08-25,2011-08-25,2011-12-09,106,1,111,163.80,163.80,5,One-time customer
14354.0,2011-11-09,2011-12-04,2011-12-09,5,2,210,163.62,81.81,5,Active repeat customer
17110.0,2011-06-27,2011-06-27,2011-12-09,165,1,50,163.30,163.30,5,One-time customer
13223.0,2011-04-21,2011-05-23,2011-12-09,200,2,88,163.20,81.60,5,At-risk repeat customer
16406.0,2011-11-21,2011-11-21,2011-12-09,18,1,122,163.07,163.07,5,One-time customer
15167.0,2011-01-23,2011-01-23,2011-12-09,320,1,67,163.00,163.00,5,One-time customer
16517.0,2011-03-07,2011-03-07,2011-12-09,277,1,96,162.70,162.70,5,One-time customer
15733.0,2011-03-02,2011-03-02,2011-12-09,282,1,62,162.30,162.30,5,One-time customer
15325.0,2011-08-28,2011-08-28,2011-12-09,103,1,232,162.29,162.29,5,One-time customer
16932.0,2011-10-17,2011-10-17,2011-12-09,53,1,87,161.94,161.94,5,One-time customer
17600.0,2011-11-22,2011-11-22,2011-12-09,17,1,144,161.67,161.67,5,One-time customer
15458.0,2011-11-14,2011-11-14,2011-12-09,25,1,156,161.64,161.64,5,One-time customer
16113.0,2011-06-09,2011-06-09,2011-12-09,183,1,176,161.38,161.38,5,One-time customer
14362.0,2011-11-17,2011-11-17,2011-12-09,22,1,100,161.20,161.20,5,One-time customer
14204.0,2011-12-07,2011-12-07,2011-12-09,2,1,82,161.03,161.03,5,One-time customer
14237.0,2010-12-01,2010-12-01,2011-12-09,373,1,38,161.00,161.00,5,One-time customer
14089.0,2011-10-14,2011-10-14,2011-12-09,56,1,134,161.00,161.00,5,One-time customer
13229.0,2011-04-28,2011-04-28,2011-12-09,225,1,63,160.95,160.95,5,One-time customer
15852.0,2011-05-26,2011-06-06,2011-12-09,186,2,48,160.71,80.36,5,At-risk repeat customer
17344.0,2011-10-24,2011-10-24,2011-12-09,46,1,66,160.57,160.57,5,One-time customer
12573.0,2011-04-26,2011-04-26,2011-12-09,227,1,84,160.54,160.54,5,One-time customer
18203.0,2011-07-05,2011-07-05,2011-12-09,157,1,43,160.42,160.42,5,One-time customer
18146.0,2011-05-03,2011-07-22,2011-12-09,140,2,153,160.35,80.18,5,At-risk repeat customer
14714.0,2011-11-15,2011-11-15,2011-12-09,24,1,229,160.19,160.19,5,One-time customer
12966.0,2011-11-30,2011-11-30,2011-12-09,9,1,75,160.18,160.18,5,One-time customer
13420.0,2011-06-22,2011-07-13,2011-12-09,149,2,101,159.85,79.93,5,At-risk repeat customer
16213.0,2011-09-22,2011-09-22,2011-12-09,78,1,48,159.00,159.00,5,One-time customer
18224.0,2011-03-21,2011-03-21,2011-12-09,263,1,69,158.95,158.95,5,One-time customer
13937.0,2011-06-23,2011-06-23,2011-12-09,169,1,123,158.85,158.85,5,One-time customer
17165.0,2011-02-28,2011-02-28,2011-12-09,284,1,100,158.68,158.68,5,One-time customer
15160.0,2010-12-17,2010-12-17,2011-12-09,357,1,84,158.16,158.16,5,One-time customer
15348.0,2011-09-28,2011-09-28,2011-12-09,72,1,84,158.04,158.04,5,One-time customer
15988.0,2011-11-20,2011-11-20,2011-12-09,19,1,181,158.03,158.03,5,One-time customer
17556.0,2011-05-18,2011-05-18,2011-12-09,205,1,101,157.90,157.90,5,One-time customer
14799.0,2011-10-19,2011-10-19,2011-12-09,51,1,146,157.70,157.70,5,One-time customer
14148.0,2011-04-20,2011-04-20,2011-12-09,233,1,16,157.20,157.20,5,One-time customer
17128.0,2011-01-09,2011-01-09,2011-12-09,334,1,76,157.09,157.09,5,One-time customer
14585.0,2011-10-20,2011-10-20,2011-12-09,50,1,91,157.05,157.05,5,One-time customer
17118.0,2011-01-26,2011-01-26,2011-12-09,317,1,154,157.02,157.02,5,One-time customer
15007.0,2011-07-03,2011-07-03,2011-12-09,159,1,69,156.91,156.91,5,One-time customer
14406.0,2011-08-12,2011-08-12,2011-12-09,119,1,77,156.75,156.75,5,One-time customer
15438.0,2011-07-31,2011-07-31,2011-12-09,131,1,59,156.58,156.58,5,One-time customer
15263.0,2011-08-25,2011-08-25,2011-12-09,106,1,89,156.51,156.51,5,One-time customer
13898.0,2011-01-18,2011-01-18,2011-12-09,325,1,133,155.93,155.93,5,One-time customer
17871.0,2011-05-19,2011-05-19,2011-12-09,204,1,182,155.90,155.90,5,One-time customer
17899.0,2011-07-03,2011-07-03,2011-12-09,159,1,171,155.80,155.80,5,One-time customer
14813.0,2010-12-05,2010-12-05,2011-12-09,369,2,67,155.43,77.72,5,At-risk repeat customer
17832.0,2011-10-21,2011-10-21,2011-12-09,49,1,208,155.37,155.37,5,One-time customer
12738.0,2010-12-02,2010-12-02,2011-12-09,372,1,148,155.35,155.35,5,One-time customer
16720.0,2011-11-13,2011-11-13,2011-12-09,26,1,182,155.24,155.24,5,One-time customer
15447.0,2011-01-13,2011-01-13,2011-12-09,330,1,85,155.17,155.17,5,One-time customer
13809.0,2011-02-07,2011-02-07,2011-12-09,305,1,29,155.05,155.05,5,One-time customer
14368.0,2011-01-24,2011-01-24,2011-12-09,319,1,36,155.00,155.00,5,One-time customer
14046.0,2011-02-28,2011-02-28,2011-12-09,284,1,460,154.99,154.99,5,One-time customer
17698.0,2011-03-24,2011-03-24,2011-12-09,260,1,93,154.95,154.95,5,One-time customer
15740.0,2011-10-21,2011-10-21,2011-12-09,49,1,152,154.88,154.88,5,One-time customer
17026.0,2010-12-05,2011-06-07,2011-12-09,185,2,97,154.83,77.42,5,At-risk repeat customer
15226.0,2011-02-02,2011-02-02,2011-12-09,310,1,71,154.41,154.41,5,One-time customer
17517.0,2011-02-04,2011-02-04,2011-12-09,308,1,102,153.94,153.94,5,One-time customer
17286.0,2011-11-18,2011-11-18,2011-12-09,21,1,118,153.92,153.92,5,One-time customer
16351.0,2011-01-11,2011-01-11,2011-12-09,332,1,90,153.90,153.90,5,One-time customer
12602.0,2011-10-12,2011-10-12,2011-12-09,58,1,162,153.12,153.12,5,One-time customer
17714.0,2011-01-23,2011-01-23,2011-12-09,320,1,92,153.00,153.00,5,One-time customer
16248.0,2011-10-09,2011-10-09,2011-12-09,61,1,78,152.94,152.94,5,One-time customer
17984.0,2011-07-17,2011-07-17,2011-12-09,145,1,98,152.68,152.68,5,One-time customer
18138.0,2011-02-17,2011-02-17,2011-12-09,295,1,38,152.65,152.65,5,One-time customer
14066.0,2011-03-18,2011-03-18,2011-12-09,266,1,45,152.55,152.55,5,One-time customer
17707.0,2011-01-07,2011-06-07,2011-12-09,185,2,144,152.40,76.20,5,At-risk repeat customer
14039.0,2011-11-06,2011-11-06,2011-12-09,33,1,92,152.20,152.20,5,One-time customer
13514.0,2011-09-27,2011-09-27,2011-12-09,73,1,40,152.20,152.20,5,One-time customer
17898.0,2011-05-16,2011-09-15,2011-12-09,85,2,190,152.06,76.03,5,Active repeat customer
16617.0,2011-04-18,2011-04-18,2011-12-09,235,1,91,151.85,151.85,5,One-time customer
16412.0,2011-10-17,2011-10-17,2011-12-09,53,1,73,151.83,151.83,5,One-time customer
14208.0,2011-09-06,2011-09-06,2011-12-09,94,1,114,151.74,151.74,5,One-time customer
13462.0,2011-04-01,2011-04-01,2011-12-09,252,1,62,151.50,151.50,5,One-time customer
16461.0,2011-06-15,2011-06-15,2011-12-09,177,1,49,151.42,151.42,5,One-time customer
13697.0,2011-11-01,2011-11-01,2011-12-09,38,1,177,151.30,151.30,5,One-time customer
16337.0,2011-11-03,2011-11-03,2011-12-09,36,1,87,151.05,151.05,5,One-time customer
14073.0,2011-11-07,2011-11-07,2011-12-09,32,1,130,151.04,151.04,5,One-time customer
15717.0,2011-04-19,2011-04-19,2011-12-09,234,1,70,150.30,150.30,5,One-time customer
17234.0,2011-06-10,2011-06-10,2011-12-09,182,1,55,149.89,149.89,5,One-time customer
15869.0,2011-03-07,2011-03-07,2011-12-09,277,2,175,149.64,74.82,5,At-risk repeat customer
17946.0,2011-03-25,2011-04-20,2011-12-09,233,2,75,149.58,74.79,5,At-risk repeat customer
18262.0,2011-07-22,2011-07-22,2011-12-09,140,1,182,149.48,149.48,5,One-time customer
15748.0,2011-10-30,2011-10-30,2011-12-09,40,1,51,149.31,149.31,5,One-time customer
15435.0,2011-11-17,2011-11-17,2011-12-09,22,1,54,149.29,149.29,5,One-time customer
13003.0,2011-05-09,2011-08-26,2011-12-09,105,3,103,149.05,49.68,5,At-risk repeat customer
17549.0,2011-10-19,2011-11-16,2011-12-09,23,2,210,148.86,74.43,5,Active repeat customer
15526.0,2011-11-06,2011-11-06,2011-12-09,33,2,24,148.44,74.22,5,Active repeat customer
17859.0,2011-02-08,2011-02-08,2011-12-09,304,1,127,148.21,148.21,5,One-time customer
14968.0,2011-11-09,2011-11-09,2011-12-09,30,1,127,147.59,147.59,5,One-time customer
14098.0,2011-11-03,2011-11-03,2011-12-09,36,1,104,147.35,147.35,5,One-time customer
14037.0,2010-12-10,2011-06-16,2011-12-09,176,2,46,147.20,73.60,5,At-risk repeat customer
12864.0,2011-07-24,2011-07-24,2011-12-09,138,1,216,147.12,147.12,5,One-time customer
15503.0,2010-12-12,2010-12-12,2011-12-09,362,1,74,147.09,147.09,5,One-time customer
17030.0,2011-10-07,2011-10-07,2011-12-09,63,1,146,146.87,146.87,5,One-time customer
14238.0,2011-01-17,2011-01-17,2011-12-09,326,1,111,146.85,146.85,5,One-time customer
16893.0,2010-12-08,2010-12-08,2011-12-09,366,1,62,145.93,145.93,5,One-time customer
12565.0,2011-02-24,2011-02-24,2011-12-09,288,1,80,145.92,145.92,5,One-time customer
17935.0,2011-07-21,2011-07-24,2011-12-09,138,2,82,145.79,72.90,5,At-risk repeat customer
13866.0,2011-09-26,2011-09-26,2011-12-09,74,1,57,145.67,145.67,5,One-time customer
15937.0,2011-10-06,2011-10-06,2011-12-09,64,1,73,145.35,145.35,5,One-time customer
16598.0,2011-02-27,2011-02-27,2011-12-09,285,1,73,145.05,145.05,5,One-time customer
17524.0,2010-12-13,2010-12-13,2011-12-09,361,1,90,145.00,145.00,5,One-time customer
16852.0,2011-06-16,2011-11-29,2011-12-09,10,2,56,144.91,72.46,5,Active repeat customer
12974.0,2011-05-26,2011-05-26,2011-12-09,197,1,24,144.80,144.80,5,One-time customer
14109.0,2011-09-28,2011-09-28,2011-12-09,72,1,88,144.20,144.20,5,One-time customer
17186.0,2011-10-10,2011-10-24,2011-12-09,46,2,200,144.00,72.00,5,Active repeat customer
12587.0,2011-12-02,2011-12-02,2011-12-09,7,1,51,144.00,144.00,5,One-time customer
17578.0,2011-05-05,2011-05-05,2011-12-09,218,1,138,143.46,143.46,5,One-time customer
15705.0,2011-05-22,2011-05-22,2011-12-09,201,1,62,143.10,143.10,5,One-time customer
13299.0,2011-03-16,2011-03-16,2011-12-09,268,1,30,142.50,142.50,5,One-time customer
16287.0,2011-06-23,2011-06-23,2011-12-09,169,1,298,142.50,142.50,5,One-time customer
13584.0,2011-02-06,2011-02-06,2011-12-09,306,1,37,142.40,142.40,5,One-time customer
14386.0,2011-02-16,2011-02-16,2011-12-09,296,1,54,142.40,142.40,5,One-time customer
13561.0,2011-05-08,2011-05-08,2011-12-09,215,1,83,141.86,141.86,5,One-time customer
14041.0,2011-03-18,2011-03-18,2011-12-09,266,1,94,141.41,141.41,5,One-time customer
15388.0,2011-03-14,2011-03-14,2011-12-09,270,1,88,140.54,140.54,5,One-time customer
13483.0,2011-10-05,2011-10-05,2011-12-09,65,1,160,140.34,140.34,5,One-time customer
14494.0,2011-11-14,2011-11-14,2011-12-09,25,1,92,139.56,139.56,5,One-time customer
17718.0,2011-04-21,2011-04-21,2011-12-09,232,1,83,139.35,139.35,5,One-time customer
16483.0,2011-05-31,2011-05-31,2011-12-09,192,1,44,139.35,139.35,5,One-time customer
14772.0,2011-08-19,2011-08-19,2011-12-09,112,1,82,139.26,139.26,5,One-time customer
18209.0,2011-11-11,2011-11-11,2011-12-09,28,1,58,139.10,139.10,5,One-time customer
15135.0,2011-04-14,2011-04-14,2011-12-09,239,1,43,139.05,139.05,5,One-time customer
13273.0,2011-08-18,2011-08-18,2011-12-09,113,1,153,138.98,138.98,5,One-time customer
12902.0,2011-03-20,2011-03-20,2011-12-09,264,1,66,138.68,138.68,5,One-time customer
14581.0,2011-11-23,2011-11-23,2011-12-09,16,1,217,138.60,138.60,5,One-time customer
17122.0,2011-08-12,2011-08-12,2011-12-09,119,1,80,138.32,138.32,5,One-time customer
13716.0,2011-03-15,2011-03-15,2011-12-09,269,1,138,138.28,138.28,5,One-time customer
15663.0,2011-08-25,2011-08-25,2011-12-09,106,1,106,138.14,138.14,5,One-time customer
12512.0,2011-10-04,2011-10-04,2011-12-09,66,2,99,138.03,69.02,5,Active repeat customer
16050.0,2011-06-19,2011-06-19,2011-12-09,173,1,278,137.90,137.90,5,One-time customer
13279.0,2011-09-22,2011-09-22,2011-12-09,78,1,73,137.75,137.75,5,One-time customer
17709.0,2011-06-23,2011-06-23,2011-12-09,169,1,17,137.45,137.45,5,One-time customer
15836.0,2011-10-20,2011-10-20,2011-12-09,50,1,26,137.37,137.37,5,One-time customer
14483.0,2011-03-03,2011-03-03,2011-12-09,281,1,97,137.10,137.10,5,One-time customer
17468.0,2011-11-25,2011-11-29,2011-12-09,10,2,116,137.00,68.50,5,Active repeat customer
15691.0,2011-04-01,2011-04-01,2011-12-09,252,1,72,136.80,136.80,5,One-time customer
14247.0,2011-03-06,2011-03-06,2011-12-09,278,1,47,136.77,136.77,5,One-time customer
17972.0,2011-04-12,2011-04-12,2011-12-09,241,1,37,136.04,136.04,5,One-time customer
16462.0,2011-03-01,2011-09-27,2011-12-09,73,3,16,136.00,45.33,5,Active repeat customer
12968.0,2011-08-19,2011-08-19,2011-12-09,112,1,73,135.95,135.95,5,One-time customer
15042.0,2011-05-24,2011-05-24,2011-12-09,199,1,30,135.93,135.93,5,One-time customer
14889.0,2011-01-07,2011-01-07,2011-12-09,336,1,90,135.90,135.90,5,One-time customer
15419.0,2011-11-15,2011-11-15,2011-12-09,24,1,230,135.86,135.86,5,One-time customer
16114.0,2011-06-22,2011-06-22,2011-12-09,170,1,43,135.75,135.75,5,One-time customer
15174.0,2011-01-21,2011-01-21,2011-12-09,322,1,145,135.75,135.75,5,One-time customer
16665.0,2010-12-12,2010-12-12,2011-12-09,362,1,59,135.40,135.40,5,One-time customer
15276.0,2011-10-04,2011-10-04,2011-12-09,66,1,64,135.31,135.31,5,One-time customer
12851.0,2011-09-04,2011-09-04,2011-12-09,96,1,109,135.18,135.18,5,One-time customer
13364.0,2011-09-29,2011-09-29,2011-12-09,71,1,71,134.96,134.96,5,One-time customer
16055.0,2011-05-03,2011-05-03,2011-12-09,220,1,22,134.80,134.80,5,One-time customer
14340.0,2011-05-05,2011-05-05,2011-12-09,218,1,58,134.70,134.70,5,One-time customer
15562.0,2010-12-23,2010-12-23,2011-12-09,351,1,39,134.55,134.55,5,One-time customer
14174.0,2011-11-06,2011-11-06,2011-12-09,33,1,94,134.46,134.46,5,One-time customer
12837.0,2011-06-19,2011-06-19,2011-12-09,173,1,24,134.10,134.10,5,One-time customer
14280.0,2011-05-27,2011-05-27,2011-12-09,196,1,52,134.04,134.04,5,One-time customer
16424.0,2011-06-01,2011-06-01,2011-12-09,191,1,88,133.56,133.56,5,One-time customer
14349.0,2011-11-29,2011-11-29,2011-12-09,10,1,86,133.50,133.50,5,One-time customer
12445.0,2011-11-17,2011-11-17,2011-12-09,22,1,62,133.40,133.40,5,One-time customer
17881.0,2011-02-08,2011-02-08,2011-12-09,304,1,32,133.35,133.35,5,One-time customer
15709.0,2011-03-01,2011-03-01,2011-12-09,283,1,121,133.25,133.25,5,One-time customer
17647.0,2011-10-05,2011-10-05,2011-12-09,65,1,30,133.06,133.06,5,One-time customer
17785.0,2011-10-17,2011-10-17,2011-12-09,53,1,67,131.94,131.94,5,One-time customer
14438.0,2011-02-06,2011-02-06,2011-12-09,306,1,82,131.90,131.90,5,One-time customer
17297.0,2011-11-22,2011-11-22,2011-12-09,17,1,67,131.78,131.78,5,One-time customer
17455.0,2011-05-20,2011-05-20,2011-12-09,203,1,66,131.70,131.70,5,One-time customer
14795.0,2011-06-26,2011-06-26,2011-12-09,166,1,17,131.45,131.45,5,One-time customer
15844.0,2011-10-24,2011-10-24,2011-12-09,46,1,134,130.74,130.74,5,One-time customer
16679.0,2010-12-08,2010-12-08,2011-12-09,366,1,29,129.75,129.75,5,One-time customer
16611.0,2011-06-06,2011-06-06,2011-12-09,186,1,47,129.49,129.49,5,One-time customer
16623.0,2011-04-08,2011-04-08,2011-12-09,245,1,39,129.45,129.45,5,One-time customer
16828.0,2011-08-19,2011-09-07,2011-12-09,93,2,59,128.50,64.25,5,At-risk repeat customer
15543.0,2011-02-24,2011-02-24,2011-12-09,288,1,86,127.86,127.86,5,One-time customer
17359.0,2011-11-28,2011-11-28,2011-12-09,11,1,161,127.86,127.86,5,One-time customer
13781.0,2011-04-03,2011-04-03,2011-12-09,250,1,30,127.84,127.84,5,One-time customer
15578.0,2011-06-30,2011-06-30,2011-12-09,162,1,52,127.10,127.10,5,One-time customer
15923.0,2010-12-02,2010-12-02,2011-12-09,372,1,122,127.08,127.08,5,One-time customer
14962.0,2011-03-14,2011-03-14,2011-12-09,270,1,44,126.70,126.70,5,One-time customer
16414.0,2011-03-04,2011-11-18,2011-12-09,21,2,27,126.25,63.13,5,Active repeat customer
15463.0,2011-11-10,2011-11-10,2011-12-09,29,1,106,126.14,126.14,5,One-time customer
16988.0,2011-12-04,2011-12-04,2011-12-09,5,1,43,126.12,126.12,5,One-time customer
12814.0,2011-08-30,2011-08-30,2011-12-09,101,1,49,125.92,125.92,5,One-time customer
13522.0,2011-11-09,2011-11-09,2011-12-09,30,1,44,125.80,125.80,5,One-time customer
14861.0,2011-10-18,2011-10-18,2011-12-09,52,1,117,125.79,125.79,5,One-time customer
14890.0,2011-03-31,2011-03-31,2011-12-09,253,1,51,125.65,125.65,5,One-time customer
15017.0,2011-11-06,2011-11-06,2011-12-09,33,1,63,125.58,125.58,5,One-time customer
12531.0,2011-11-25,2011-11-25,2011-12-09,14,1,45,125.22,125.22,5,One-time customer
17148.0,2011-10-19,2011-10-19,2011-12-09,51,1,82,124.88,124.88,5,One-time customer
16849.0,2011-06-06,2011-06-06,2011-12-09,186,1,33,124.57,124.57,5,One-time customer
16569.0,2011-12-06,2011-12-06,2011-12-09,3,1,93,124.20,124.20,5,One-time customer
14495.0,2011-08-10,2011-10-20,2011-12-09,50,2,62,123.80,61.90,5,Active repeat customer
16658.0,2010-12-06,2010-12-06,2011-12-09,368,1,40,123.24,123.24,5,One-time customer
15917.0,2011-04-06,2011-04-06,2011-12-09,247,1,42,123.10,123.10,5,One-time customer
17967.0,2010-12-03,2010-12-03,2011-12-09,371,1,80,123.07,123.07,5,One-time customer
13519.0,2011-09-22,2011-09-22,2011-12-09,78,1,23,122.75,122.75,5,One-time customer
14413.0,2010-12-12,2010-12-12,2011-12-09,362,1,68,122.70,122.70,5,One-time customer
13876.0,2011-10-07,2011-10-07,2011-12-09,63,1,36,122.70,122.70,5,One-time customer
13638.0,2011-11-24,2011-11-24,2011-12-09,15,1,93,122.64,122.64,5,One-time customer
14165.0,2011-03-09,2011-03-09,2011-12-09,275,1,54,122.54,122.54,5,One-time customer
14076.0,2011-08-02,2011-08-02,2011-12-09,129,1,81,122.47,122.47,5,One-time customer
16073.0,2011-02-15,2011-02-15,2011-12-09,297,1,48,122.40,122.40,5,One-time customer
18018.0,2011-05-24,2011-08-23,2011-12-09,108,2,55,122.14,61.07,5,At-risk repeat customer
13244.0,2011-09-08,2011-09-08,2011-12-09,92,1,38,121.74,121.74,5,One-time customer
13182.0,2011-10-25,2011-10-25,2011-12-09,45,1,201,121.18,121.18,5,One-time customer
15049.0,2011-03-11,2011-03-11,2011-12-09,273,1,63,121.17,121.17,5,One-time customer
15512.0,2010-12-15,2011-07-07,2011-12-09,155,2,68,121.00,60.50,5,At-risk repeat customer
13002.0,2011-01-25,2011-01-25,2011-12-09,318,1,73,120.95,120.95,5,One-time customer
17446.0,2011-02-02,2011-06-16,2011-12-09,176,2,198,120.90,60.45,5,At-risk repeat customer
18015.0,2011-12-05,2011-12-05,2011-12-09,4,1,157,120.03,120.03,5,One-time customer
14259.0,2011-07-21,2011-07-21,2011-12-09,141,1,68,120.00,120.00,5,One-time customer
14314.0,2011-08-25,2011-08-25,2011-12-09,106,1,296,120.00,120.00,5,One-time customer
14453.0,2011-06-02,2011-06-02,2011-12-09,190,1,49,119.93,119.93,5,One-time customer
16542.0,2011-10-17,2011-10-17,2011-12-09,53,1,46,119.62,119.62,5,One-time customer
15266.0,2011-01-05,2011-01-05,2011-12-09,338,1,18,119.30,119.30,5,One-time customer
16666.0,2011-11-20,2011-11-20,2011-12-09,19,1,233,118.98,118.98,5,One-time customer
15843.0,2011-02-09,2011-02-09,2011-12-09,303,1,27,118.95,118.95,5,One-time customer
17079.0,2011-09-22,2011-09-22,2011-12-09,78,1,24,118.80,118.80,5,One-time customer
14155.0,2011-03-18,2011-03-18,2011-12-09,266,1,25,118.75,118.75,5,One-time customer
13581.0,2011-02-03,2011-02-03,2011-12-09,309,1,30,118.00,118.00,5,One-time customer
13193.0,2011-10-09,2011-10-09,2011-12-09,61,1,50,117.88,117.88,5,One-time customer
12929.0,2011-02-01,2011-02-01,2011-12-09,311,1,37,117.85,117.85,5,One-time customer
17654.0,2011-03-07,2011-03-07,2011-12-09,277,1,41,117.55,117.55,5,One-time customer
16959.0,2011-09-13,2011-09-13,2011-12-09,87,1,49,117.35,117.35,5,One-time customer
13877.0,2011-09-14,2011-09-14,2011-12-09,86,1,108,117.24,117.24,5,One-time customer
17117.0,2011-02-24,2011-02-24,2011-12-09,288,1,68,116.20,116.20,5,One-time customer
13170.0,2011-11-13,2011-11-13,2011-12-09,26,1,147,116.01,116.01,5,One-time customer
17601.0,2011-04-14,2011-04-14,2011-12-09,239,1,103,116.01,116.01,5,One-time customer
14143.0,2011-07-29,2011-07-29,2011-12-09,133,1,30,115.80,115.80,5,One-time customer
15350.0,2010-12-01,2010-12-01,2011-12-09,373,1,51,115.65,115.65,5,One-time customer
13067.0,2011-09-18,2011-09-18,2011-12-09,82,1,32,115.46,115.46,5,One-time customer
18027.0,2011-09-02,2011-09-02,2011-12-09,98,1,78,115.31,115.31,5,One-time customer
14972.0,2011-08-03,2011-08-03,2011-12-09,128,1,28,114.77,114.77,5,One-time customer
13188.0,2011-11-28,2011-11-28,2011-12-09,11,1,25,114.60,114.60,5,One-time customer
16247.0,2011-06-22,2011-06-22,2011-12-09,170,1,182,114.56,114.56,5,One-time customer
14632.0,2011-03-22,2011-03-22,2011-12-09,262,1,96,114.56,114.56,5,One-time customer
14974.0,2011-11-02,2011-11-02,2011-12-09,37,1,44,114.39,114.39,5,One-time customer
17852.0,2011-11-28,2011-11-28,2011-12-09,11,2,53,114.34,57.17,5,Active repeat customer
17219.0,2011-11-08,2011-11-08,2011-12-09,31,1,89,114.23,114.23,5,One-time customer
14652.0,2011-09-23,2011-09-23,2011-12-09,77,1,53,114.18,114.18,5,One-time customer
12938.0,2011-11-14,2011-11-14,2011-12-09,25,1,140,114.14,114.14,5,One-time customer
14582.0,2011-10-30,2011-10-30,2011-12-09,40,1,73,114.11,114.11,5,One-time customer
12651.0,2011-01-09,2011-01-09,2011-12-09,334,1,78,114.00,114.00,5,One-time customer
14457.0,2011-02-02,2011-02-02,2011-12-09,310,1,88,113.64,113.64,5,One-time customer
17217.0,2011-04-19,2011-04-19,2011-12-09,234,1,24,113.50,113.50,5,One-time customer
15445.0,2011-03-20,2011-03-20,2011-12-09,264,1,58,113.50,113.50,5,One-time customer
18105.0,2011-11-02,2011-11-02,2011-12-09,37,1,46,113.48,113.48,5,One-time customer
16913.0,2011-02-22,2011-02-22,2011-12-09,290,1,82,113.44,113.44,5,One-time customer
15280.0,2011-06-20,2011-06-20,2011-12-09,172,1,154,113.12,113.12,5,One-time customer
14689.0,2011-05-15,2011-05-15,2011-12-09,208,1,76,112.80,112.80,5,One-time customer
13161.0,2011-01-30,2011-01-30,2011-12-09,313,1,29,112.75,112.75,5,One-time customer
16697.0,2011-04-12,2011-04-12,2011-12-09,241,1,27,112.75,112.75,5,One-time customer
13807.0,2010-12-07,2010-12-07,2011-12-09,367,1,36,112.60,112.60,5,One-time customer
18129.0,2011-04-10,2011-04-10,2011-12-09,243,1,48,112.55,112.55,5,One-time customer
15610.0,2011-10-19,2011-10-19,2011-12-09,51,1,66,112.46,112.46,5,One-time customer
17038.0,2011-11-09,2011-11-09,2011-12-09,30,1,28,112.40,112.40,5,One-time customer
14271.0,2011-04-28,2011-04-28,2011-12-09,225,1,88,112.32,112.32,5,One-time customer
17893.0,2011-04-28,2011-04-28,2011-12-09,225,1,161,112.25,112.25,5,One-time customer
17900.0,2011-06-02,2011-06-02,2011-12-09,190,2,73,112.20,56.10,5,At-risk repeat customer
12756.0,2011-09-14,2011-09-14,2011-12-09,86,1,144,112.08,112.08,5,One-time customer
17274.0,2011-11-04,2011-11-04,2011-12-09,35,1,79,111.98,111.98,5,One-time customer
17957.0,2011-10-04,2011-10-04,2011-12-09,66,1,287,111.68,111.68,5,One-time customer
17887.0,2011-08-02,2011-08-02,2011-12-09,129,1,30,111.35,111.35,5,One-time customer
18120.0,2011-05-09,2011-05-09,2011-12-09,214,1,31,111.15,111.15,5,One-time customer
13508.0,2011-04-10,2011-04-10,2011-12-09,243,1,24,110.97,110.97,5,One-time customer
13144.0,2011-01-11,2011-01-11,2011-12-09,332,1,21,110.95,110.95,5,One-time customer
15537.0,2011-06-29,2011-06-29,2011-12-09,163,1,29,110.92,110.92,5,One-time customer
15853.0,2011-10-19,2011-10-19,2011-12-09,51,1,135,110.80,110.80,5,One-time customer
17349.0,2011-06-13,2011-06-13,2011-12-09,179,1,112,110.75,110.75,5,One-time customer
16963.0,2011-06-05,2011-06-05,2011-12-09,187,1,35,110.55,110.55,5,One-time customer
14641.0,2011-11-18,2011-11-18,2011-12-09,21,1,90,110.46,110.46,5,One-time customer
12734.0,2010-12-22,2010-12-22,2011-12-09,352,1,88,110.40,110.40,5,One-time customer
16792.0,2011-03-02,2011-03-02,2011-12-09,282,2,44,110.38,55.19,5,At-risk repeat customer
17901.0,2011-11-10,2011-11-10,2011-12-09,29,1,24,110.38,110.38,5,One-time customer
18277.0,2011-10-12,2011-10-12,2011-12-09,58,1,68,110.38,110.38,5,One-time customer
17746.0,2011-04-13,2011-04-13,2011-12-09,240,1,29,110.25,110.25,5,One-time customer
17836.0,2011-10-23,2011-10-23,2011-12-09,47,1,88,110.21,110.21,5,One-time customer
16339.0,2011-02-28,2011-02-28,2011-12-09,284,1,23,109.95,109.95,5,One-time customer
13133.0,2011-02-08,2011-03-11,2011-12-09,273,2,32,109.80,54.90,5,At-risk repeat customer
16363.0,2011-10-17,2011-10-17,2011-12-09,53,1,52,109.36,109.36,5,One-time customer
14699.0,2011-05-09,2011-05-09,2011-12-09,214,1,77,109.13,109.13,5,One-time customer
14345.0,2011-11-01,2011-11-01,2011-12-09,38,1,50,108.98,108.98,5,One-time customer
17639.0,2011-03-08,2011-03-08,2011-12-09,276,1,49,108.50,108.50,5,One-time customer
16106.0,2011-10-05,2011-10-05,2011-12-09,65,1,74,108.38,108.38,5,One-time customer
13226.0,2011-03-11,2011-03-11,2011-12-09,273,1,80,108.21,108.21,5,One-time customer
12956.0,2011-02-06,2011-02-06,2011-12-09,306,1,34,108.07,108.07,5,One-time customer
14661.0,2011-11-13,2011-11-13,2011-12-09,26,1,35,107.95,107.95,5,One-time customer
16784.0,2011-11-20,2011-11-20,2011-12-09,19,1,24,107.60,107.60,5,One-time customer
15395.0,2011-01-18,2011-01-18,2011-12-09,325,1,17,107.45,107.45,5,One-time customer
16757.0,2011-01-25,2011-01-25,2011-12-09,318,1,81,106.83,106.83,5,One-time customer
15168.0,2011-11-14,2011-11-14,2011-12-09,25,1,52,106.56,106.56,5,One-time customer
15070.0,2010-12-02,2010-12-02,2011-12-09,372,1,36,106.20,106.20,5,One-time customer
17791.0,2011-11-10,2011-11-10,2011-12-09,29,1,46,106.10,106.10,5,One-time customer
16581.0,2011-06-10,2011-06-10,2011-12-09,182,1,134,105.84,105.84,5,One-time customer
15775.0,2011-04-08,2011-04-08,2011-12-09,245,1,68,104.90,104.90,5,One-time customer
14027.0,2011-10-10,2011-10-10,2011-12-09,60,1,62,104.82,104.82,5,One-time customer
15607.0,2011-01-07,2011-01-07,2011-12-09,336,1,202,104.76,104.76,5,One-time customer
15958.0,2011-09-26,2011-09-26,2011-12-09,74,1,33,104.35,104.35,5,One-time customer
18174.0,2011-12-02,2011-12-02,2011-12-09,7,1,50,104.00,104.00,5,One-time customer
18255.0,2011-09-11,2011-09-11,2011-12-09,89,1,74,103.30,103.30,5,One-time customer
17548.0,2011-04-20,2011-04-20,2011-12-09,233,1,58,103.30,103.30,5,One-time customer
14542.0,2011-06-07,2011-06-07,2011-12-09,185,1,19,103.25,103.25,5,One-time customer
17962.0,2011-07-20,2011-07-20,2011-12-09,142,1,128,102.83,102.83,5,One-time customer
18011.0,2010-12-01,2010-12-01,2011-12-09,373,1,71,102.79,102.79,5,One-time customer
14836.0,2011-11-09,2011-11-29,2011-12-09,10,3,45,102.45,34.15,5,Active repeat customer
14981.0,2011-04-07,2011-04-07,2011-12-09,246,1,97,102.12,102.12,5,One-time customer
13948.0,2010-12-14,2010-12-14,2011-12-09,360,1,40,102.00,102.00,5,One-time customer
15212.0,2011-04-12,2011-04-12,2011-12-09,241,1,36,101.80,101.80,5,One-time customer
16516.0,2011-11-09,2011-11-09,2011-12-09,30,1,58,101.70,101.70,5,One-time customer
18068.0,2011-02-23,2011-02-23,2011-12-09,289,1,6,101.70,101.70,5,One-time customer
17643.0,2010-12-01,2010-12-01,2011-12-09,373,1,71,101.55,101.55,5,One-time customer
16006.0,2011-05-12,2011-05-12,2011-12-09,211,1,84,101.40,101.40,5,One-time customer
18086.0,2011-03-10,2011-03-10,2011-12-09,274,1,106,101.34,101.34,5,One-time customer
13101.0,2011-04-19,2011-04-19,2011-12-09,234,1,113,101.19,101.19,5,One-time customer
16344.0,2011-07-04,2011-07-04,2011-12-09,158,1,18,101.10,101.10,5,One-time customer
16498.0,2011-06-30,2011-07-01,2011-12-09,161,2,45,100.97,50.49,5,At-risk repeat customer
14946.0,2011-11-25,2011-11-25,2011-12-09,14,1,22,100.90,100.90,5,One-time customer
17427.0,2011-09-29,2011-09-29,2011-12-09,71,1,34,100.80,100.80,5,One-time customer
14371.0,2011-02-17,2011-02-17,2011-12-09,295,1,34,100.50,100.50,5,One-time customer
13703.0,2011-01-25,2011-01-25,2011-12-09,318,1,10,99.50,99.50,5,One-time customer
17939.0,2011-07-03,2011-07-03,2011-12-09,159,1,40,99.14,99.14,5,One-time customer
15256.0,2011-07-14,2011-07-14,2011-12-09,148,1,55,98.45,98.45,5,One-time customer
17538.0,2011-11-14,2011-11-14,2011-12-09,25,1,134,98.42,98.42,5,One-time customer
17895.0,2011-10-26,2011-10-26,2011-12-09,44,1,130,98.00,98.00,5,One-time customer
18033.0,2011-10-05,2011-10-05,2011-12-09,65,1,253,97.97,97.97,5,One-time customer
15422.0,2011-01-20,2011-01-20,2011-12-09,323,2,38,97.70,48.85,5,At-risk repeat customer
12984.0,2011-11-21,2011-11-21,2011-12-09,18,1,26,97.50,97.50,5,One-time customer
17325.0,2011-03-04,2011-03-04,2011-12-09,280,1,60,96.80,96.80,5,One-time customer
15216.0,2011-09-13,2011-09-13,2011-12-09,87,1,28,96.60,96.60,5,One-time customer
14642.0,2011-10-12,2011-10-12,2011-12-09,58,1,76,96.12,96.12,5,One-time customer
17024.0,2011-07-05,2011-10-25,2011-12-09,45,3,69,95.85,31.95,5,Active repeat customer
18249.0,2011-11-22,2011-11-22,2011-12-09,17,1,128,95.34,95.34,5,One-time customer
12548.0,2011-06-26,2011-06-26,2011-12-09,166,1,49,95.20,95.20,5,One-time customer
16387.0,2011-01-21,2011-01-21,2011-12-09,322,1,44,94.36,94.36,5,One-time customer
13651.0,2011-10-31,2011-11-04,2011-12-09,35,2,33,94.20,47.10,5,Active repeat customer
15397.0,2011-02-23,2011-02-23,2011-12-09,289,1,20,94.00,94.00,5,One-time customer
15428.0,2011-11-24,2011-11-24,2011-12-09,15,1,102,93.78,93.78,5,One-time customer
18227.0,2011-05-06,2011-05-06,2011-12-09,217,1,21,93.75,93.75,5,One-time customer
13283.0,2011-06-07,2011-10-11,2011-12-09,59,2,90,93.66,46.83,5,Active repeat customer
17991.0,2011-04-27,2011-04-28,2011-12-09,225,2,25,93.35,46.68,5,At-risk repeat customer
12821.0,2011-05-09,2011-05-09,2011-12-09,214,1,70,92.72,92.72,5,One-time customer
14054.0,2011-10-05,2011-10-05,2011-12-09,65,1,62,92.46,92.46,5,One-time customer
12789.0,2011-10-05,2011-10-05,2011-12-09,65,1,4,91.85,91.85,5,One-time customer
13551.0,2011-01-24,2011-01-24,2011-12-09,319,1,12,91.80,91.80,5,One-time customer
13160.0,2011-11-17,2011-11-17,2011-12-09,22,1,56,91.80,91.80,5,One-time customer
12659.0,2011-11-10,2011-11-10,2011-12-09,29,1,105,91.68,91.68,5,One-time customer
15488.0,2011-09-08,2011-09-08,2011-12-09,92,1,73,91.32,91.32,5,One-time customer
14353.0,2011-05-08,2011-05-08,2011-12-09,215,1,64,90.60,90.60,5,One-time customer
13947.0,2011-10-05,2011-10-05,2011-12-09,65,1,44,90.60,90.60,5,One-time customer
18084.0,2011-11-23,2011-11-23,2011-12-09,16,1,312,90.48,90.48,5,One-time customer
16506.0,2011-10-30,2011-11-20,2011-12-09,19,2,42,90.30,45.15,5,Active repeat customer
15552.0,2011-05-06,2011-05-06,2011-12-09,217,1,60,90.12,90.12,5,One-time customer
16597.0,2011-12-05,2011-12-05,2011-12-09,4,1,184,90.04,90.04,5,One-time customer
14117.0,2011-07-19,2011-07-19,2011-12-09,143,1,72,90.00,90.00,5,One-time customer
14219.0,2011-12-05,2011-12-05,2011-12-09,4,1,78,89.94,89.94,5,One-time customer
14760.0,2011-02-15,2011-02-15,2011-12-09,297,1,40,89.20,89.20,5,One-time customer
12686.0,2010-12-03,2010-12-03,2011-12-09,371,1,107,89.14,89.14,5,One-time customer
14436.0,2011-09-02,2011-09-02,2011-12-09,98,1,129,89.06,89.06,5,One-time customer
12353.0,2011-05-19,2011-05-19,2011-12-09,204,1,20,89.00,89.00,5,One-time customer
15083.0,2011-03-28,2011-03-28,2011-12-09,256,1,38,88.20,88.20,5,One-time customer
15180.0,2010-12-07,2010-12-07,2011-12-09,367,1,36,87.50,87.50,5,One-time customer
13296.0,2011-07-25,2011-07-25,2011-12-09,137,1,78,87.40,87.40,5,One-time customer
15541.0,2011-08-17,2011-08-17,2011-12-09,114,1,49,85.13,85.13,5,One-time customer
15729.0,2011-05-11,2011-05-11,2011-12-09,212,1,28,85.00,85.00,5,One-time customer
13841.0,2011-04-01,2011-04-01,2011-12-09,252,1,100,85.00,85.00,5,One-time customer
13666.0,2011-02-25,2011-10-10,2011-12-09,60,3,41,84.65,28.22,5,Active repeat customer
12401.0,2011-02-09,2011-02-09,2011-12-09,303,1,11,84.30,84.30,5,One-time customer
17309.0,2011-09-05,2011-09-05,2011-12-09,95,1,41,82.75,82.75,5,One-time customer
13006.0,2011-10-14,2011-10-14,2011-12-09,56,1,55,81.57,81.57,5,One-time customer
17620.0,2011-10-11,2011-10-11,2011-12-09,59,1,60,81.44,81.44,5,One-time customer
18281.0,2011-06-12,2011-06-12,2011-12-09,180,1,54,80.82,80.82,5,One-time customer
16789.0,2011-12-01,2011-12-01,2011-12-09,8,1,32,80.80,80.80,5,One-time customer
13967.0,2011-07-17,2011-07-17,2011-12-09,145,1,42,80.70,80.70,5,One-time customer
17752.0,2010-12-15,2010-12-15,2011-12-09,359,1,192,80.64,80.64,5,One-time customer
13747.0,2010-12-01,2010-12-01,2011-12-09,373,1,8,79.60,79.60,5,One-time customer
15753.0,2011-02-08,2011-02-08,2011-12-09,304,1,144,79.20,79.20,5,One-time customer
16078.0,2011-03-01,2011-03-01,2011-12-09,283,1,16,79.20,79.20,5,One-time customer
17942.0,2011-12-02,2011-12-02,2011-12-09,7,1,38,77.50,77.50,5,One-time customer
14785.0,2011-11-24,2011-11-29,2011-12-09,10,2,84,77.40,38.70,5,Active repeat customer
13132.0,2011-03-23,2011-03-23,2011-12-09,261,1,20,77.30,77.30,5,One-time customer
13992.0,2011-11-09,2011-11-09,2011-12-09,30,1,64,76.80,76.80,5,One-time customer
14373.0,2010-12-16,2010-12-16,2011-12-09,358,1,17,76.55,76.55,5,One-time customer
17536.0,2011-06-15,2011-06-15,2011-12-09,177,1,6,76.50,76.50,5,One-time customer
13106.0,2011-07-29,2011-07-29,2011-12-09,133,1,18,76.50,76.50,5,One-time customer
15668.0,2011-05-06,2011-05-06,2011-12-09,217,1,72,76.32,76.32,5,One-time customer
16148.0,2011-02-16,2011-02-16,2011-12-09,296,1,72,76.32,76.32,5,One-time customer
18113.0,2010-12-06,2010-12-06,2011-12-09,368,1,72,76.32,76.32,5,One-time customer
14090.0,2011-01-19,2011-01-19,2011-12-09,324,1,72,76.32,76.32,5,One-time customer
17995.0,2011-03-03,2011-03-03,2011-12-09,281,1,133,76.10,76.10,5,One-time customer
17628.0,2011-09-19,2011-09-19,2011-12-09,81,1,79,75.75,75.75,5,One-time customer
16610.0,2011-05-04,2011-05-04,2011-12-09,219,1,66,75.66,75.66,5,One-time customer
13403.0,2011-11-22,2011-11-22,2011-12-09,17,1,44,75.00,75.00,5,One-time customer
16468.0,2011-09-26,2011-09-26,2011-12-09,74,1,31,74.90,74.90,5,One-time customer
18050.0,2010-12-15,2010-12-15,2011-12-09,359,1,40,74.40,74.40,5,One-time customer
13095.0,2011-09-30,2011-09-30,2011-12-09,70,1,144,74.40,74.40,5,One-time customer
17960.0,2011-06-21,2011-06-21,2011-12-09,171,1,41,73.78,73.78,5,One-time customer
12506.0,2011-04-21,2011-04-21,2011-12-09,232,1,23,73.50,73.50,5,One-time customer
18032.0,2011-01-09,2011-01-09,2011-12-09,334,1,42,73.50,73.50,5,One-time customer
16171.0,2011-10-11,2011-10-11,2011-12-09,59,1,24,73.20,73.20,5,One-time customer
17906.0,2011-04-06,2011-04-06,2011-12-09,247,1,26,72.90,72.90,5,One-time customer
13686.0,2011-06-10,2011-06-10,2011-12-09,182,1,70,72.00,72.00,5,One-time customer
13938.0,2011-11-04,2011-11-04,2011-12-09,35,1,70,71.66,71.66,5,One-time customer
17747.0,2011-08-19,2011-08-19,2011-12-09,112,1,12,71.40,71.40,5,One-time customer
13185.0,2011-03-17,2011-03-17,2011-12-09,267,1,12,71.40,71.40,5,One-time customer
17022.0,2011-11-08,2011-11-08,2011-12-09,31,1,108,71.00,71.00,5,One-time customer
18037.0,2010-12-12,2011-07-08,2011-12-09,154,6,20,70.02,11.67,5,At-risk repeat customer
15863.0,2011-05-31,2011-11-14,2011-12-09,25,2,19,68.84,34.42,5,Active repeat customer
14393.0,2011-05-05,2011-05-05,2011-12-09,218,1,13,67.95,67.95,5,One-time customer
13684.0,2011-02-27,2011-02-27,2011-12-09,285,1,39,67.23,67.23,5,One-time customer
17382.0,2011-10-05,2011-10-05,2011-12-09,65,1,25,65.40,65.40,5,One-time customer
13130.0,2011-09-06,2011-09-06,2011-12-09,94,1,32,64.00,64.00,5,One-time customer
13302.0,2011-07-07,2011-07-07,2011-12-09,155,1,5,63.75,63.75,5,One-time customer
17263.0,2011-05-15,2011-05-15,2011-12-09,208,1,36,63.44,63.44,5,One-time customer
14437.0,2010-12-09,2010-12-09,2011-12-09,365,1,60,63.00,63.00,5,One-time customer
12665.0,2011-01-19,2011-01-19,2011-12-09,324,1,37,63.00,63.00,5,One-time customer
14840.0,2011-03-17,2011-03-17,2011-12-09,267,1,31,62.85,62.85,5,One-time customer
13218.0,2011-08-04,2011-08-04,2011-12-09,127,1,88,62.64,62.64,5,One-time customer
15516.0,2011-10-24,2011-10-26,2011-12-09,44,3,27,62.43,20.81,5,Active repeat customer
13194.0,2011-07-27,2011-07-27,2011-12-09,135,1,26,60.70,60.70,5,One-time customer
17174.0,2011-05-06,2011-05-06,2011-12-09,217,1,41,59.90,59.90,5,One-time customer
13391.0,2011-05-20,2011-05-20,2011-12-09,203,1,4,59.80,59.80,5,One-time customer
13682.0,2011-06-05,2011-06-05,2011-12-09,187,1,10,59.50,59.50,5,One-time customer
14957.0,2011-03-31,2011-03-31,2011-12-09,253,1,34,58.49,58.49,5,One-time customer
13080.0,2011-06-13,2011-06-13,2011-12-09,179,1,120,58.08,58.08,5,One-time customer
17775.0,2011-03-30,2011-03-30,2011-12-09,254,1,72,56.40,56.40,5,One-time customer
15899.0,2010-12-06,2010-12-06,2011-12-09,368,1,39,56.25,56.25,5,One-time customer
13366.0,2011-10-20,2011-10-20,2011-12-09,50,1,144,56.16,56.16,5,One-time customer
16349.0,2011-02-22,2011-02-22,2011-12-09,290,1,9,53.50,53.50,5,One-time customer
15504.0,2011-09-19,2011-09-19,2011-12-09,81,1,33,52.83,52.83,5,One-time customer
13832.0,2011-11-20,2011-11-20,2011-12-09,19,1,28,52.20,52.20,5,One-time customer
14865.0,2010-12-02,2011-12-02,2011-12-09,7,2,108,52.20,26.10,5,Active repeat customer
14682.0,2011-05-22,2011-06-05,2011-12-09,187,2,80,52.00,26.00,5,At-risk repeat customer
15313.0,2011-08-21,2011-08-21,2011-12-09,110,1,25,52.00,52.00,5,One-time customer
17844.0,2011-08-25,2011-08-25,2011-12-09,106,1,52,51.56,51.56,5,One-time customer
14351.0,2011-06-28,2011-06-28,2011-12-09,164,1,12,51.00,51.00,5,One-time customer
13011.0,2010-12-02,2010-12-02,2011-12-09,372,1,13,50.55,50.55,5,One-time customer
18184.0,2011-11-24,2011-11-24,2011-12-09,15,1,60,49.80,49.80,5,One-time customer
14821.0,2010-12-08,2010-12-08,2011-12-09,366,1,20,48.80,48.80,5,One-time customer
15603.0,2011-09-22,2011-09-22,2011-12-09,78,1,96,48.48,48.48,5,One-time customer
16257.0,2011-06-16,2011-06-16,2011-12-09,176,1,2,46.95,46.95,5,One-time customer
14080.0,2011-11-07,2011-11-07,2011-12-09,32,1,48,45.60,45.60,5,One-time customer
15423.0,2011-11-01,2011-11-01,2011-12-09,38,1,101,43.50,43.50,5,One-time customer
14300.0,2011-11-21,2011-11-21,2011-12-09,18,1,32,43.20,43.20,5,One-time customer
15992.0,2011-12-06,2011-12-06,2011-12-09,3,1,17,41.99,41.99,5,One-time customer
15178.0,2011-03-24,2011-03-24,2011-12-09,260,1,30,40.50,40.50,5,One-time customer
14589.0,2010-12-03,2010-12-03,2011-12-09,371,1,5,39.75,39.75,5,One-time customer
12977.0,2011-07-06,2011-07-06,2011-12-09,156,1,12,39.24,39.24,5,One-time customer
16659.0,2011-06-03,2011-06-03,2011-12-09,189,1,72,39.12,39.12,5,One-time customer
18019.0,2011-10-19,2011-10-19,2011-12-09,51,1,7,38.45,38.45,5,One-time customer
12855.0,2010-12-02,2010-12-02,2011-12-09,372,1,30,38.10,38.10,5,One-time customer
16162.0,2011-04-01,2011-04-01,2011-12-09,252,1,4,37.40,37.40,5,One-time customer
17816.0,2010-12-09,2011-11-03,2011-12-09,36,4,30,36.56,9.14,5,Active repeat customer
15940.0,2011-02-01,2011-02-01,2011-12-09,311,1,4,35.80,35.80,5,One-time customer
14576.0,2010-12-02,2010-12-02,2011-12-09,372,1,12,35.40,35.40,5,One-time customer
17831.0,2011-11-06,2011-11-06,2011-12-09,33,1,12,35.40,35.40,5,One-time customer
16856.0,2011-11-25,2011-11-25,2011-12-09,14,1,12,35.40,35.40,5,One-time customer
15744.0,2011-09-23,2011-09-23,2011-12-09,77,1,120,34.80,34.80,5,One-time customer
16765.0,2011-02-18,2011-02-18,2011-12-09,294,1,4,34.00,34.00,5,One-time customer
17408.0,2011-06-29,2011-06-29,2011-12-09,163,1,3,32.65,32.65,5,One-time customer
13120.0,2011-04-15,2011-04-15,2011-12-09,238,1,12,30.60,30.60,5,One-time customer
15657.0,2011-11-17,2011-11-17,2011-12-09,22,1,24,30.00,30.00,5,One-time customer
17102.0,2011-03-23,2011-03-23,2011-12-09,261,1,2,25.50,25.50,5,One-time customer
18268.0,2011-07-28,2011-07-28,2011-12-09,134,1,2,25.50,25.50,5,One-time customer
16953.0,2011-11-09,2011-11-09,2011-12-09,30,1,10,20.80,20.80,5,One-time customer
17986.0,2011-10-14,2011-10-14,2011-12-09,56,1,10,20.80,20.80,5,One-time customer
16093.0,2011-08-25,2011-08-25,2011-12-09,106,1,20,17.00,17.00,5,One-time customer
17763.0,2011-03-21,2011-03-21,2011-12-09,263,1,12,15.00,15.00,5,One-time customer
15823.0,2010-12-02,2010-12-02,2011-12-09,372,1,1,15.00,15.00,5,One-time customer
13307.0,2011-08-11,2011-08-11,2011-12-09,120,1,4,15.00,15.00,5,One-time customer
16878.0,2011-09-16,2011-09-16,2011-12-09,84,1,12,13.30,13.30,5,One-time customer
17956.0,2011-04-04,2011-04-04,2011-12-09,249,1,1,12.75,12.75,5,One-time customer
16454.0,2011-10-06,2011-10-26,2011-12-09,44,2,3,6.90,3.45,5,Active repeat customer
14792.0,2011-10-07,2011-10-07,2011-12-09,63,1,2,6.20,6.20,5,One-time customer
16738.0,2011-02-15,2011-02-15,2011-12-09,297,1,3,3.75,3.75,5,One-time customer
